file,dmp_id_present,dmp_id_type_doi,dmp_id_type_handle,dmp_id_type_ark,dmp_id_type_url,dmp_id_type_other,dmp_has_alternate_id,dmp_n_alternate_ids,dmp_has_related_id,dmp_n_related_ids,language_eng,language_present,has_created,has_modified,ethical_issues_exist_yes,ethical_issues_exist_filled,ethical_issues_description_present,ethical_issues_description_length,has_ethical_issues_report,plan_title_present,plan_title_length,plan_description_present,plan_description_length,contact_has_name,contact_has_mbox,contact_has_id,contact_id_is_orcid,contact_id_is_isni,contact_id_is_openid,contact_n_ids,contact_has_affiliation,contact_affiliation_has_ror,contact_affiliation_has_grid,contact_affiliation_has_isni,n_contributors,n_contributors_binned,contributor_has_orcid,contributor_has_mbox,contributor_has_affiliation,contributor_role_owner,contributor_role_researcher,contributor_role_contact,contributor_role_datamanager,contributor_role_steward,contributor_n_distinct_roles,has_cost,n_cost_items,cost_has_value,cost_has_currency,cost_has_description,cost_total_value,has_project,project_has_description,project_has_start,project_has_end,project_has_project_id,has_funding,has_funder_id,funder_id_type_fundref,has_grant_id,funding_status_planned,funding_status_applied,funding_status_granted,funding_status_rejected,funding_has_status,funding_funder_is_ec,n_datasets,n_datasets_binned,dataset_personal_data_yes,dataset_personal_data_filled,dataset_sensitive_data_yes,dataset_sensitive_data_filled,dataset_id_type_doi,dataset_id_type_handle,dataset_id_type_ark,dataset_id_type_url,dataset_id_type_other,dataset_has_alternate_id,dataset_has_related_id,dataset_any_is_reused,dataset_is_reused_filled,dataset_rights_any_present,dataset_rights_total_length,dataset_has_creator,dataset_creator_has_orcid,dataset_creator_has_affiliation,dataset_desc_any_present,dataset_desc_total_length,dataset_title_any_present,dataset_preservation_any_present,dataset_preservation_total_length,dataset_has_dqa,dataset_has_issued,dataset_has_keywords,dataset_n_keywords_total,dataset_has_security_privacy,dataset_has_technical_resource,dataset_tech_resource_has_id,dataset_any_language_set,dataset_all_eng,dataset_any_type_set,dataset_has_metadata_standard,dist_any_format_specified,dist_any_bytesize_specified,dist_any_access_specified,dist_access_open,dist_access_shared,dist_access_closed,dist_any_license_specified,dist_license_is_cc,dist_license_has_embargo,dist_any_access_url,dist_any_download_url,dist_any_available_until,dist_any_issued,dist_any_host,dist_host_certified,dist_host_has_geo,dist_host_has_pid_system,dist_host_versioning_yes,dist_host_versioning_filled,dist_host_has_backup,dist_host_has_availability,dist_host_has_host_id,dist_host_cert_iso16363,dist_host_cert_coretrustseal,dist_host_cert_dsa,dist_host_cert_iso16919,dist_host_cert_dini_zertifikat,dist_host_cert_din31644,dist_host_cert_trac,dist_host_cert_wds,dist_host_pid_doi,dist_host_pid_handle,dist_host_pid_url,dist_host_pid_urn,dist_host_pid_ark,dist_host_pid_other
00000dea-a9f2-4177-91e3-301205fae46c,1,1,0,0,0,0,0,0,0,0,0,1,1,1,0,0,1,43,0,1,117,1,1690,1,0,1,0,0,0,1,0,0,0,0,6,3,1,0,0,1,1,0,0,0,2,0,0,0,0,0,0.0,1,1,0,0,0,1,1,1,1,0,0,0,0,0,0,5,2,0,0,0,0,0,0,0,0,1,0,0,0,0,0,0,0,0,0,1,1747,1,0,0,0,0,1,10,0,0,0,1,1,1,0,1,1,0,0,0,0,0,0,0,0,0,0,0,1,0,0,1,0,0,0,0,0,0,0,0,0,0,0,0,0,1,0,0,0,0,0
0056abb0-95bf-44e4-8caa-a6badabed09f,1,1,0,0,0,0,0,0,0,0,1,1,1,1,0,0,0,0,0,1,134,1,1281,1,0,1,0,0,0,1,0,0,0,0,2,2,1,0,0,1,1,0,0,0,2,0,0,0,0,0,0.0,1,1,0,0,0,1,1,1,1,0,0,0,0,0,0,1,1,0,0,0,0,0,0,0,0,1,0,0,0,0,0,0,0,0,0,1,1281,1,0,0,0,0,1,1,0,0,0,1,1,1,0,1,1,0,0,0,0,0,0,0,0,0,0,0,1,0,0,1,0,0,0,0,0,0,0,0,0,0,0,0,0,1,0,0,0,0,0
00db9d94-670f-4695-a391-253cdd38681f,1,1,0,0,0,0,0,0,0,0,1,1,1,1,0,0,0,0,0,1,81,1,1110,1,0,1,0,0,0,1,0,0,0,0,6,3,1,0,0,1,1,0,0,0,2,0,0,0,0,0,0.0,1,1,0,0,0,1,1,1,1,0,0,0,0,0,0,1,1,0,0,0,0,0,0,0,0,1,0,0,0,0,0,0,0,0,0,0,0,1,0,0,0,0,0,0,0,0,0,1,1,1,0,1,1,0,0,0,0,0,0,0,0,0,0,0,0,0,0,0,0,0,0,0,0,0,0,0,0,0,0,0,0,0,0,0,0,0,0
00e0b05a-df13-4e6f-8d4b-f26e6eeace33,1,1,0,0,0,0,0,0,0,0,1,1,1,1,0,0,0,0,0,1,136,1,2317,1,0,1,0,0,0,1,0,0,0,0,6,3,1,0,0,1,1,0,0,0,3,0,0,0,0,0,0.0,1,1,0,0,0,1,1,1,1,0,0,0,0,0,0,3,2,0,0,0,0,0,0,0,0,1,0,0,0,0,0,0,0,0,0,1,341,1,0,0,0,0,1,3,0,0,0,1,1,1,0,1,1,0,0,0,0,0,0,0,0,0,0,0,1,0,0,1,0,0,0,0,0,0,0,0,0,0,0,0,0,1,0,0,0,0,0
01447d20-aa7c-4301-b2f1-6f7c08ff1c64,1,1,0,0,0,0,0,0,0,0,1,1,1,1,0,0,0,0,0,1,145,1,1488,1,0,1,0,0,0,1,0,0,0,0,2,2,1,0,0,1,1,0,0,0,2,0,0,0,0,0,0.0,1,1,0,0,0,1,1,1,1,0,0,0,0,0,1,1,1,0,0,0,0,0,0,0,0,1,0,0,0,0,0,0,0,0,0,1,1221,1,0,0,0,0,1,4,0,0,0,1,1,1,0,1,1,0,0,0,0,0,0,0,0,0,1,0,1,0,0,1,0,0,0,0,0,0,0,0,0,0,0,0,0,1,0,0,0,0,0
020102d3-91a2-4987-b3d1-34531699b7f0,1,1,0,0,0,0,0,0,0,0,1,1,1,1,0,0,0,0,0,1,109,1,883,1,0,1,0,0,0,1,0,0,0,0,5,2,1,0,0,1,1,0,0,0,2,0,0,0,0,0,0.0,1,1,0,0,0,1,1,1,1,0,0,0,0,0,0,1,1,0,0,0,0,0,0,0,0,1,0,0,0,0,0,0,0,0,0,1,359,1,0,0,0,0,0,0,0,0,0,1,1,1,0,1,1,0,0,0,0,0,0,0,0,0,0,0,1,0,0,1,0,0,0,0,0,0,0,0,0,0,0,0,0,1,0,0,0,0,0
022126f6-04a4-412c-8005-45bc31598f73,1,0,0,0,0,1,0,0,0,0,1,1,1,1,0,0,0,0,0,1,113,1,336,1,0,1,0,0,0,1,0,0,0,0,8,3,1,0,0,1,1,0,0,0,2,0,0,0,0,0,0.0,1,1,0,0,0,1,1,1,1,0,0,0,0,0,1,1,1,0,0,0,0,0,0,0,0,1,0,0,0,0,0,0,0,0,0,1,427,1,0,0,0,0,1,4,0,0,0,1,1,1,0,1,1,0,0,0,0,0,0,0,0,0,0,0,1,0,0,0,0,0,0,0,0,0,0,0,0,0,0,0,0,0,0,0,0,0,0
0249bcaa-e63b-4832-865c-7f7af8e03c1c,1,1,0,0,0,0,0,0,0,0,1,1,1,1,0,1,0,0,0,1,19,1,372,1,0,1,0,0,0,1,0,0,0,0,7,3,1,0,0,1,1,0,0,0,2,1,3,1,0,0,0.0,1,1,1,1,0,1,1,1,1,0,0,0,0,0,0,3,2,0,1,0,1,0,0,0,0,1,0,0,0,0,0,0,0,0,0,1,203,1,1,149,1,0,0,0,0,0,0,1,1,1,1,1,0,1,1,1,0,0,0,0,0,0,0,0,1,0,0,1,0,0,0,0,0,0,0,0,0,0,0,0,0,1,0,0,0,0,0
027052c6-ae27-4cc9-98e2-64d258b5f53b,1,1,0,0,0,0,0,0,0,0,1,1,1,1,0,0,1,160,0,1,66,1,1112,1,0,1,0,0,0,1,0,0,0,0,13,3,1,0,0,1,1,0,0,0,2,0,0,0,0,0,0.0,1,1,0,0,0,1,1,1,1,0,0,0,0,0,0,1,1,0,0,0,0,0,0,0,0,1,0,0,0,0,0,0,0,0,0,1,353,1,0,0,1,0,1,1,0,0,0,1,1,1,0,1,0,0,0,0,0,1,0,1,0,0,0,0,1,0,0,1,0,0,0,0,0,0,0,0,0,0,0,0,0,1,0,0,0,0,0
02a22e52-e4bc-414b-97a3-6c7fce5b596a,1,1,0,0,0,0,0,0,0,0,1,1,1,1,0,0,0,0,0,1,41,1,2132,1,0,1,0,0,0,1,0,0,0,0,2,2,0,0,0,1,0,0,0,0,1,0,0,0,0,0,0.0,1,0,0,0,0,1,1,1,1,0,0,0,0,0,0,4,2,0,0,0,0,0,0,0,0,1,0,0,0,0,0,0,0,0,0,1,720,1,0,0,0,0,0,0,0,0,0,1,1,1,0,0,0,0,0,0,0,0,0,0,0,0,0,0,0,0,0,0,0,0,0,0,0,0,0,0,0,0,0,0,0,0,0,0,0,0,0
02c9ca45-d0d1-47fa-b696-fe679d7e3898,1,1,0,0,0,0,0,0,0,0,1,1,1,1,0,0,0,0,0,1,104,1,1135,1,0,1,0,0,0,1,0,0,0,0,4,2,1,0,0,1,1,0,0,0,2,0,0,0,0,0,0.0,1,1,0,0,0,1,1,1,1,0,0,0,0,0,1,1,1,0,0,0,0,0,0,0,0,1,0,0,0,0,0,0,0,0,0,1,1420,1,0,0,0,0,1,1,0,0,0,1,1,1,0,1,1,0,0,0,0,0,0,0,0,0,0,0,0,0,0,0,0,0,0,0,0,0,0,0,0,0,0,0,0,0,0,0,0,0,0
031feef2-7aa5-443a-a2dd-44b7054f2f2f,1,0,0,0,0,1,0,0,0,0,1,1,1,1,0,0,0,0,0,1,100,1,2140,1,0,1,0,0,0,1,0,0,0,0,4,2,1,0,0,1,1,0,0,0,2,0,0,0,0,0,0.0,1,1,1,1,0,1,1,1,1,0,0,0,0,0,0,2,2,0,0,0,0,0,0,0,0,1,0,0,0,0,0,0,0,0,0,1,280,1,0,0,0,0,0,0,0,0,0,1,1,1,1,1,0,0,0,0,0,0,0,0,0,0,0,0,1,0,0,1,0,0,0,0,0,0,0,0,0,0,0,0,0,1,0,0,0,0,0
032d84c6-a19d-4bf5-bb39-ca34ecc4c074,1,0,0,0,0,1,0,0,0,0,1,1,1,1,0,0,0,0,0,1,18,1,175,1,0,1,0,0,0,1,0,0,0,0,4,2,1,0,0,1,1,0,0,0,3,0,0,0,0,0,0.0,1,1,0,0,0,1,1,1,1,0,0,0,0,0,0,1,1,0,0,0,0,0,0,0,0,1,0,0,0,0,0,0,0,0,0,1,234,1,0,0,0,0,1,8,0,0,0,1,1,1,0,1,1,0,0,0,0,0,0,0,0,0,0,0,1,0,0,1,0,0,0,0,0,0,0,0,0,0,0,0,0,1,0,0,0,0,0
034fd469-2c69-4208-bca5-c3151ba8a427,1,1,0,0,0,0,0,0,0,0,1,1,1,1,0,0,0,0,0,1,139,1,1196,1,0,1,0,0,0,1,0,0,0,0,11,3,1,0,0,1,1,0,0,0,3,0,0,0,0,0,0.0,1,1,0,0,0,1,1,1,1,0,0,0,0,0,1,2,2,0,0,0,0,0,0,0,0,1,0,0,0,0,0,0,0,0,0,1,1303,1,0,0,0,0,0,0,0,0,0,1,1,1,0,1,1,0,0,0,0,0,0,0,0,0,0,0,1,0,0,1,0,0,0,0,0,0,0,0,0,0,0,0,0,1,0,0,0,0,0
03858673-ee9a-4417-9fa0-ef98270fb614,1,1,0,0,0,0,0,0,0,0,1,1,1,1,0,0,0,0,0,1,95,1,926,1,0,1,0,0,0,1,0,0,0,0,3,2,1,0,0,1,1,0,0,0,2,0,0,0,0,0,0.0,1,1,0,0,0,1,1,1,1,0,0,0,0,0,1,2,2,0,0,0,0,0,0,0,0,1,0,0,0,0,0,0,0,0,0,1,162,1,0,0,0,0,0,0,0,0,0,1,1,1,0,1,1,0,0,0,0,0,0,0,0,0,1,0,0,0,0,0,0,0,0,0,0,0,0,0,0,0,0,0,0,0,0,0,0,0,0
03ef6291-c489-4fd0-a98f-9cb86ae86340,1,1,0,0,0,0,0,0,0,0,1,1,1,1,0,0,0,0,0,1,125,1,598,1,0,1,0,0,0,1,0,0,0,0,2,2,1,0,0,1,1,0,0,0,2,0,0,0,0,0,0.0,1,1,0,0,0,1,1,1,1,0,0,0,0,0,0,1,1,0,0,0,0,0,0,0,0,1,0,0,0,0,0,0,0,0,0,1,415,1,0,0,0,0,0,0,0,0,0,1,1,1,0,1,1,0,0,0,0,0,0,0,0,0,0,0,1,0,0,1,0,0,0,0,0,0,0,0,0,0,0,0,0,1,0,0,0,0,0
03f2914d-ba78-4273-a0dd-fd75fb3d7065,1,0,0,0,0,1,0,0,0,0,1,1,1,1,0,1,0,0,1,1,35,1,332,1,0,1,0,0,0,1,0,0,0,0,1,1,0,0,0,1,0,0,0,0,1,1,1,1,0,1,5000.0,1,1,1,1,0,1,1,1,1,0,0,0,0,0,0,1,1,0,1,0,1,0,0,0,0,1,0,0,0,0,0,0,0,0,0,1,328,1,0,0,1,0,1,1,0,0,0,1,1,1,0,0,1,1,0,1,0,0,0,0,0,0,1,0,1,0,0,1,0,0,0,0,0,0,0,0,0,0,0,0,0,0,0,0,0,0,0
049925f0-cdd2-4382-934e-23c83bc20302,1,0,0,0,0,1,0,0,0,0,1,1,1,1,0,0,0,0,0,1,91,1,599,1,0,1,0,0,0,1,0,0,0,0,5,2,1,0,0,1,1,0,0,0,2,0,0,0,0,0,0.0,1,1,1,1,0,1,1,1,1,0,0,0,0,0,0,2,2,0,0,0,0,0,0,0,0,1,0,0,0,0,0,0,0,0,0,1,438,1,0,0,0,0,1,3,0,0,0,1,1,1,1,0,0,0,0,0,0,0,0,0,0,0,0,0,0,0,0,0,0,0,0,0,0,0,0,0,0,0,0,0,0,0,0,0,0,0,0
04f1c5c5-153b-4583-bb8d-3359bf7f1d89,1,0,0,0,0,1,0,0,0,0,1,1,1,1,0,1,0,0,0,1,27,1,2528,1,0,1,0,0,0,1,0,0,0,0,2,2,1,0,0,1,1,0,0,0,2,1,2,1,0,1,0.0,1,0,1,1,0,1,1,1,1,0,0,0,0,0,0,2,2,0,1,0,1,0,0,0,0,1,0,0,0,0,0,0,0,0,0,1,1791,1,0,0,1,0,0,0,0,0,0,1,1,1,1,1,0,1,1,0,1,0,0,0,0,0,1,0,1,0,0,1,0,0,0,0,0,0,0,0,0,0,0,0,0,1,0,0,0,0,0
05507570-40eb-4183-a115-c0425abbf939,1,0,0,0,0,1,0,0,0,0,1,1,1,1,0,0,1,726,0,1,18,1,684,1,0,1,0,0,0,1,0,0,0,0,9,3,1,0,0,1,1,0,0,0,2,0,0,0,0,0,0.0,1,1,0,0,0,1,1,1,1,0,0,0,0,0,0,1,1,0,0,0,0,0,0,0,0,1,0,0,0,0,0,0,0,0,0,1,409,1,0,0,1,0,0,0,1,0,0,1,1,1,0,1,0,0,0,0,0,1,0,1,0,0,0,0,1,0,0,1,0,0,0,0,0,0,0,0,0,0,0,0,0,1,0,0,0,0,0
0599a18e-c5ba-4b25-8312-1fd1275e5dd7,1,1,0,0,0,0,0,0,0,0,1,1,1,1,0,0,0,0,0,1,52,1,4886,1,0,1,0,0,0,1,0,0,0,0,6,3,1,0,0,1,1,0,0,0,2,0,0,0,0,0,0.0,1,1,0,0,0,1,1,1,1,0,0,0,0,0,0,7,3,0,0,0,0,0,0,0,0,1,0,0,0,0,0,0,0,0,0,1,4110,1,0,0,0,0,1,7,0,0,0,1,1,1,0,0,0,0,0,0,0,0,0,0,0,0,0,0,0,0,0,0,0,0,0,0,0,0,0,0,0,0,0,0,0,0,0,0,0,0,0
05dbbca6-07ac-4212-a063-d2a0bff0d12a,1,1,0,0,0,0,0,0,0,0,1,1,1,1,0,0,0,0,0,1,140,1,1764,1,0,1,0,0,0,1,0,0,0,0,2,2,1,0,0,1,1,0,0,0,2,0,0,0,0,0,0.0,1,1,0,0,0,1,1,1,1,0,0,0,0,0,0,1,1,0,0,0,0,0,0,0,0,1,0,0,0,0,0,0,0,0,0,1,169,1,0,0,0,0,0,0,0,0,0,1,1,1,0,1,1,0,0,0,0,0,0,0,0,0,1,0,1,0,0,1,0,0,0,0,0,0,0,0,0,0,0,0,0,1,0,0,0,0,0
0640aca3-2167-4097-ad8d-f59e137667f2,1,0,0,0,0,1,0,0,0,0,1,1,1,1,0,0,0,0,0,1,36,1,544,1,0,1,0,0,0,1,0,0,0,0,4,2,1,0,0,1,1,0,0,0,2,0,0,0,0,0,0.0,0,0,0,0,0,0,0,0,0,0,0,0,0,0,0,1,1,0,0,0,0,0,0,0,0,1,0,0,0,0,0,0,0,0,0,1,392,1,0,0,0,0,1,3,0,0,0,1,1,1,0,0,0,0,0,0,0,0,0,0,0,0,0,0,0,0,0,0,0,0,0,0,0,0,0,0,0,0,0,0,0,0,0,0,0,0,0
06645278-e2c7-4ad5-acf3-f86785c0e9fd,1,1,0,0,0,0,0,0,0,0,1,1,1,1,0,0,0,0,0,1,48,1,510,1,0,1,0,0,0,1,0,0,0,0,2,2,1,0,0,1,1,0,0,0,2,0,0,0,0,0,0.0,0,0,0,0,0,0,0,0,0,0,0,0,0,0,0,1,1,0,0,0,0,0,0,0,0,1,0,0,0,0,0,0,0,0,0,0,0,1,0,0,0,0,0,0,0,0,0,1,1,1,0,0,0,0,0,0,0,0,0,0,0,0,0,0,0,0,0,0,0,0,0,0,0,0,0,0,0,0,0,0,0,0,0,0,0,0,0
069ebf9f-8182-4dfd-be5e-5cc0f5898925,1,0,0,0,0,1,0,0,0,0,1,1,1,1,0,0,1,229,0,1,26,1,224,1,0,1,0,0,0,1,0,0,0,0,71,3,1,1,0,1,1,0,0,0,4,1,7,0,0,1,0.0,0,0,0,0,0,0,0,0,0,0,0,0,0,0,0,11,3,0,0,0,0,1,0,0,0,1,0,0,0,0,0,0,0,0,0,1,5469,1,1,1461,1,0,1,8,0,0,0,1,1,1,1,1,0,0,0,0,0,0,0,0,0,0,0,0,1,0,0,0,0,0,0,0,0,0,0,0,0,0,0,0,0,0,0,0,0,0,0
06bc7b52-32b7-43f8-a9f4-c9a8c9dcc29a,1,0,0,0,0,1,0,0,0,0,1,1,1,1,0,0,0,0,0,1,35,1,1705,1,0,1,0,0,0,1,0,0,0,0,9,3,1,0,0,1,1,0,0,0,2,0,0,0,0,0,0.0,1,1,0,0,0,1,1,1,1,0,0,0,0,0,0,1,1,0,0,0,0,0,0,0,0,1,0,0,0,0,0,0,0,0,0,0,0,1,0,0,1,0,0,0,0,0,0,1,1,1,0,1,0,0,0,0,0,1,0,1,0,0,0,0,0,0,0,0,0,0,0,0,0,0,0,0,0,0,0,0,0,0,0,0,0,0,0
06c09226-05e5-431b-8bed-97eb774b0d69,1,0,0,0,0,1,0,0,0,0,1,1,1,1,0,0,1,43,0,1,181,1,1469,1,0,1,0,0,0,1,0,0,0,0,2,2,1,0,0,1,1,0,0,0,2,0,0,0,0,0,0.0,1,1,0,0,0,1,1,1,1,0,0,0,0,0,1,1,1,0,0,0,0,0,0,0,0,1,0,0,0,0,0,0,0,0,0,1,305,1,0,0,0,0,1,1,0,0,0,1,1,1,0,1,1,0,0,0,0,0,0,0,0,0,0,0,0,0,0,0,0,0,0,0,0,0,0,0,0,0,0,0,0,0,0,0,0,0,0
06ea7197-e36f-458e-8324-a791fe875f89,1,0,0,0,0,1,0,0,0,0,1,1,1,1,0,0,0,0,0,1,14,1,14,1,0,1,0,0,0,1,0,0,0,0,2,2,1,0,0,1,1,0,0,0,2,0,0,0,0,0,0.0,1,1,1,1,0,1,1,1,1,0,0,0,0,0,0,1,1,0,0,0,0,0,0,0,0,1,0,0,0,0,0,0,0,0,0,1,16,1,0,0,0,0,0,0,0,0,0,1,1,1,0,0,0,0,0,0,0,0,0,0,0,0,0,0,0,0,0,0,0,0,0,0,0,0,0,0,0,0,0,0,0,0,0,0,0,0,0
070f85a0-5e9b-4f4f-9f67-31e20a97328e,1,1,0,0,0,0,0,0,0,0,1,1,1,1,0,0,0,0,0,1,88,1,166,1,0,1,0,0,0,1,0,0,0,0,9,3,1,0,0,1,1,0,0,0,2,0,0,0,0,0,0.0,1,1,0,0,0,1,1,1,1,0,0,0,0,0,0,2,2,0,0,0,0,0,0,0,0,1,0,0,0,0,0,0,0,0,0,1,190,1,0,0,0,0,1,6,0,0,0,1,1,1,1,1,0,0,0,0,0,1,0,1,0,0,0,0,1,0,0,1,0,0,0,0,0,0,0,0,0,0,0,0,0,1,0,0,0,0,0
074d066e-865a-4d66-a1c1-cffb53a5b9b9,1,0,0,0,0,1,0,0,0,0,1,1,1,1,0,0,0,0,0,1,109,1,786,1,0,1,0,0,0,1,0,0,0,0,8,3,1,0,0,1,1,0,0,0,2,0,0,0,0,0,0.0,1,1,0,0,0,1,1,1,1,0,0,0,0,0,0,12,3,0,0,0,0,0,0,0,0,1,0,0,0,0,0,0,0,0,0,1,12388,1,0,0,0,0,1,7,0,0,0,1,1,1,1,0,0,0,0,0,0,0,0,0,0,0,0,0,0,0,0,0,0,0,0,0,0,0,0,0,0,0,0,0,0,0,0,0,0,0,0
07a31960-12b0-40ac-af0b-1d5f67a1796c,1,1,0,0,0,0,0,0,0,0,1,1,1,1,0,0,0,0,0,1,6,1,906,1,0,1,0,0,0,1,0,0,0,0,7,3,1,0,0,1,1,0,0,0,2,0,0,0,0,0,0.0,1,1,0,0,0,1,1,1,1,0,0,0,0,0,1,11,3,0,0,0,0,0,0,0,0,1,0,0,0,0,0,0,0,0,0,1,2328,1,0,0,0,0,0,0,0,0,0,1,1,1,0,1,1,0,0,0,0,0,0,0,0,0,1,0,1,0,0,1,0,0,0,0,0,0,0,0,0,0,0,0,0,1,0,0,0,0,0
080ab6a2-e443-45e1-baef-23a78953a65e,1,0,0,0,0,1,0,0,0,0,1,1,1,1,0,0,0,0,0,1,72,1,1355,1,0,1,0,0,0,1,0,0,0,0,16,3,1,1,0,1,1,0,0,0,4,1,2,0,0,1,0.0,0,0,0,0,0,0,0,0,0,0,0,0,0,0,0,2,2,0,0,0,0,0,0,0,0,1,0,0,0,0,0,0,0,0,0,1,1065,1,1,502,1,0,1,2,0,0,0,1,1,1,1,1,0,0,0,0,0,0,0,0,0,0,0,0,1,0,0,0,0,0,0,0,0,0,0,0,0,0,0,0,0,0,0,0,0,0,0
081020a1-dd12-4c44-a169-7c2c35eb8ee1,1,0,0,0,0,1,0,0,0,0,1,1,1,1,0,0,0,0,0,1,101,1,1434,1,0,1,0,0,0,1,0,0,0,0,4,2,1,0,0,1,1,0,0,0,3,0,0,0,0,0,0.0,1,1,0,0,0,1,1,1,1,0,0,0,0,0,0,1,1,0,0,0,0,0,0,0,0,1,0,0,0,0,0,0,0,0,0,1,137,1,0,0,0,0,0,0,0,0,0,1,1,1,0,1,0,0,0,0,0,1,0,1,0,0,0,0,1,0,0,1,0,0,0,0,0,0,0,0,0,0,0,0,0,1,0,0,0,0,0
084c6b63-1be7-45a5-b4aa-a6585480636f,1,0,0,0,0,1,0,0,0,0,1,1,1,1,0,0,0,0,0,1,91,1,599,1,0,1,0,0,0,1,0,0,0,0,5,2,1,0,0,1,1,0,0,0,2,0,0,0,0,0,0.0,1,1,1,1,0,1,1,1,1,0,0,0,0,0,0,2,2,0,0,0,0,0,0,0,0,1,0,0,0,0,0,0,0,0,0,1,305,1,0,0,0,0,1,7,0,0,0,1,1,1,1,0,0,0,0,0,0,0,0,0,0,0,0,0,0,0,0,0,0,0,0,0,0,0,0,0,0,0,0,0,0,0,0,0,0,0,0
091d2175-61a9-4095-ba11-46096cea5f72,1,1,0,0,0,0,0,0,0,0,0,1,1,1,0,0,0,0,0,1,133,1,1990,1,0,1,0,0,0,1,0,0,0,0,4,2,1,0,0,1,1,0,0,0,2,0,0,0,0,0,0.0,1,1,0,0,0,1,1,1,1,0,0,0,0,0,0,2,2,0,0,0,0,0,0,0,0,1,0,0,0,0,0,0,0,0,0,1,42,1,0,0,0,0,0,0,0,0,0,1,1,1,0,1,1,0,0,0,0,0,0,0,0,0,0,0,1,0,0,1,0,0,0,0,0,0,0,0,0,0,0,0,0,1,0,1,0,0,1
09dd3cee-8025-4fb1-84f4-96ad52ec6575,1,1,0,0,0,0,0,0,0,0,1,1,1,1,0,0,0,0,0,1,78,1,1293,1,0,1,0,0,0,1,0,0,0,0,14,3,1,0,0,1,1,0,0,0,3,0,0,0,0,0,0.0,1,0,1,1,0,1,1,1,1,0,0,0,0,0,0,2,2,0,0,0,0,0,0,0,0,1,0,0,0,0,0,0,0,0,0,1,2827,1,0,0,0,0,1,1,0,0,0,1,1,1,0,0,0,0,0,0,0,0,0,0,0,0,0,0,0,0,0,0,0,0,0,0,0,0,0,0,0,0,0,0,0,0,0,0,0,0,0
09f0ea90-26e4-432b-b13d-c082868e2548,1,1,0,0,0,0,0,0,0,0,1,1,1,1,0,0,0,0,0,1,14,1,589,1,0,1,0,0,0,1,0,0,0,0,26,3,1,0,0,1,1,0,0,0,2,0,0,0,0,0,0.0,1,1,0,0,0,1,1,1,1,0,0,0,0,0,0,6,3,0,0,0,0,0,0,0,0,1,0,0,0,0,0,0,0,0,0,1,1519,1,0,0,0,0,0,0,0,0,0,1,1,1,1,0,0,0,0,0,0,0,0,0,0,0,0,0,0,0,0,0,0,0,0,0,0,0,0,0,0,0,0,0,0,0,0,0,0,0,0
0a3a9153-c8ff-4368-a282-347585441678,1,1,0,0,0,0,0,0,0,0,1,1,1,1,0,0,0,0,0,1,98,1,2264,1,0,1,0,0,0,1,0,0,0,0,2,2,1,0,0,1,1,0,0,0,2,0,0,0,0,0,0.0,1,1,0,0,0,1,1,1,1,0,0,0,0,0,1,1,1,0,0,0,0,0,0,0,0,1,0,0,0,0,0,0,0,0,0,1,147,1,0,0,0,0,0,0,0,0,0,1,1,1,0,1,1,0,0,0,0,0,0,0,0,0,0,0,0,0,0,0,0,0,0,0,0,0,0,0,0,0,0,0,0,0,0,0,0,0,0
0b86892b-9016-47a4-ab5f-c19b863ca665,1,1,0,0,0,0,0,0,0,0,1,1,1,1,0,1,0,0,0,1,159,1,227,1,0,1,0,0,0,1,0,0,0,0,6,3,1,0,0,1,1,0,0,0,2,1,6,1,0,1,0.0,1,1,1,1,0,1,1,1,1,0,0,0,0,0,0,6,3,0,1,0,1,0,0,0,0,1,0,0,0,0,0,0,0,0,0,1,2734,1,1,479,1,0,0,0,1,0,0,1,1,1,1,1,0,1,1,0,0,0,0,0,0,0,1,0,1,0,0,1,0,0,0,0,0,0,0,0,0,0,0,0,0,1,0,0,0,0,0
0b9e990a-89b8-40bb-8d26-0e93e25ad997,1,0,0,0,0,1,0,0,0,0,1,1,1,1,0,0,0,0,0,1,74,1,3793,1,0,1,0,0,0,1,0,0,0,0,4,2,1,0,0,1,1,0,0,0,2,0,0,0,0,0,0.0,1,1,1,1,0,1,1,1,1,0,0,0,0,0,0,1,1,0,0,0,0,0,0,0,0,1,0,0,0,0,0,0,0,0,0,1,68,1,0,0,0,0,1,6,0,0,0,1,1,1,0,0,0,0,0,0,0,0,0,0,0,0,0,0,0,0,0,0,0,0,0,0,0,0,0,0,0,0,0,0,0,0,0,0,0,0,0
0be1c2eb-1fce-4a13-984d-faeaa1aa412d,1,1,0,0,0,0,0,0,0,0,1,1,1,1,0,0,1,821,0,1,96,1,1021,1,0,1,0,0,0,1,0,0,0,0,7,3,1,0,0,1,1,0,0,0,2,0,0,0,0,0,0.0,1,1,0,0,0,1,1,1,1,0,0,0,0,0,0,1,1,0,0,0,0,0,0,0,0,1,0,0,0,0,0,0,0,0,0,1,188,1,0,0,0,0,0,0,0,0,0,1,1,1,0,1,1,0,0,0,0,0,0,0,0,0,0,0,0,0,0,0,0,0,0,0,0,0,0,0,0,0,0,0,0,0,0,0,0,0,0
0bf2e96e-7c4b-473c-a0cd-680d15d7ce4f,1,1,0,0,0,0,0,0,0,0,1,1,1,1,0,0,0,0,0,1,70,1,520,1,0,1,0,0,0,1,0,0,0,0,5,2,1,0,0,1,1,0,0,0,2,0,0,0,0,0,0.0,1,1,0,0,0,1,1,1,1,0,0,0,0,0,0,1,1,0,0,0,0,0,0,0,0,1,0,0,0,0,0,0,0,0,0,0,0,1,0,0,1,0,0,0,0,0,0,1,1,1,0,1,0,0,0,0,0,1,0,1,0,0,0,0,1,0,0,1,0,0,0,0,0,0,0,0,0,0,0,0,0,1,0,0,0,0,0
0c51d33f-ad01-4b2d-8bc8-764aef83a760,1,0,0,0,0,1,0,0,0,0,1,1,1,1,0,0,0,0,0,1,11,1,168,1,0,1,0,0,0,1,0,0,0,0,6,3,1,0,0,1,1,0,0,0,2,0,0,0,0,0,0.0,1,0,0,0,0,1,1,1,1,0,0,0,0,0,0,1,1,0,0,0,0,0,0,0,0,1,0,0,0,0,0,0,0,0,0,1,1487,1,0,0,0,0,1,7,0,0,0,1,1,1,1,0,0,0,0,0,0,0,0,0,0,0,0,0,0,0,0,0,0,0,0,0,0,0,0,0,0,0,0,0,0,0,0,0,0,0,0
0c583592-57c1-45c6-b6ee-2c30b7bc5c0e,1,0,0,0,0,1,0,0,0,0,1,1,1,1,0,0,0,0,0,1,131,1,433,1,0,1,0,0,0,1,0,0,0,0,2,2,1,0,0,1,1,0,0,0,2,0,0,0,0,0,0.0,1,0,1,1,0,1,1,1,1,0,0,0,0,0,0,1,1,0,0,0,0,0,0,0,0,1,0,0,0,0,0,0,0,0,0,1,52,1,0,0,0,0,0,0,0,0,0,1,1,1,0,0,1,0,0,0,0,0,0,0,0,0,1,0,1,0,0,1,0,0,0,0,0,0,0,0,0,0,0,0,0,1,0,0,0,0,0
0cbe01e0-cc58-4a0a-86eb-125e6a741db9,1,1,0,0,0,0,0,0,0,0,1,1,1,1,0,0,0,0,0,1,125,1,1027,1,0,1,0,0,0,1,0,0,0,0,5,2,1,0,0,1,1,0,0,0,2,0,0,0,0,0,0.0,1,1,0,0,0,1,1,1,1,0,0,0,0,0,0,1,1,0,0,0,0,0,0,0,0,1,0,0,0,0,0,0,0,0,0,1,356,1,0,0,0,0,0,0,0,0,0,1,1,1,0,1,1,0,0,0,0,0,0,0,0,0,0,0,1,0,0,1,0,0,0,0,0,0,0,0,0,0,0,0,0,1,0,0,0,0,0
0d92745f-75e5-46e4-8742-a1ede6db2ca4,1,1,0,0,0,0,0,0,0,0,1,1,1,1,0,0,0,0,0,1,80,1,2706,1,0,1,0,0,0,1,0,0,0,0,8,3,1,0,0,1,1,0,0,0,2,0,0,0,0,0,0.0,1,1,0,0,0,1,1,1,1,0,0,0,0,0,1,6,3,0,0,0,0,0,0,0,0,1,0,0,0,0,0,0,0,0,0,1,1477,1,0,0,0,0,0,0,0,0,0,1,1,1,0,0,0,0,0,0,0,0,0,0,0,0,0,0,0,0,0,0,0,0,0,0,0,0,0,0,0,0,0,0,0,0,0,0,0,0,0
0e2e75a6-15de-4438-9ffc-bffcd7092bac,1,1,0,0,0,0,0,0,0,0,1,1,1,1,0,0,0,0,0,1,95,1,154,1,0,1,0,0,0,1,0,0,0,0,4,2,1,0,0,1,1,0,0,0,2,0,0,0,0,0,0.0,1,0,1,1,0,1,1,1,1,0,0,0,0,0,1,1,1,0,0,0,0,0,0,0,0,1,0,0,0,0,0,0,0,0,0,1,58,1,0,0,0,0,0,0,0,0,0,1,0,1,0,1,0,0,0,0,0,1,0,1,0,0,0,0,1,0,0,1,0,0,0,0,0,0,0,0,0,0,0,0,0,1,0,0,0,0,0
107f2a57-79d0-419e-bb79-bc0e321cf4ab,1,1,0,0,0,0,0,0,0,0,1,1,1,1,0,0,0,0,0,1,30,1,245,1,0,1,0,0,0,1,0,0,0,0,4,2,1,0,0,1,1,0,0,0,2,0,0,0,0,0,0.0,0,0,0,0,0,0,0,0,0,0,0,0,0,0,0,2,2,0,0,0,0,0,0,0,0,1,0,0,0,0,0,0,0,0,0,1,965,1,0,0,0,0,0,0,0,0,0,1,1,1,0,0,0,0,0,0,0,0,0,0,0,0,0,0,0,0,0,0,0,0,0,0,0,0,0,0,0,0,0,0,0,0,0,0,0,0,0
10b3431f-88e4-4c5e-9079-955dcf66ceaa,1,0,0,0,0,1,0,0,0,0,1,1,1,1,0,0,0,0,0,1,24,1,362,1,0,1,0,0,0,1,0,0,0,0,4,2,1,0,0,1,1,0,0,0,2,0,0,0,0,0,0.0,0,0,0,0,0,0,0,0,0,0,0,0,0,0,0,2,2,0,0,0,0,0,0,0,0,1,0,0,0,0,0,0,0,0,0,1,594,1,0,0,0,0,0,0,0,0,0,1,1,1,0,1,0,0,0,0,0,0,0,0,0,0,1,0,0,0,0,0,0,0,0,0,0,0,0,0,0,0,0,0,0,0,0,0,0,0,0
10bdf8bb-20f8-40d1-9d44-54c05b435aad,1,0,0,0,0,1,0,0,0,0,1,1,1,1,1,1,0,0,0,1,29,1,710,1,0,1,0,0,0,1,0,0,0,0,6,3,1,0,0,1,1,0,0,0,2,0,0,0,0,0,0.0,1,0,0,0,0,1,1,1,1,0,0,0,0,0,1,1,1,1,1,1,1,0,0,0,0,1,0,0,0,0,0,0,0,0,0,1,801,1,0,0,1,0,1,1,0,0,0,1,1,1,0,0,0,1,1,0,0,0,0,0,0,0,1,0,1,0,0,1,0,0,0,0,0,0,0,0,0,0,0,0,0,1,0,0,0,0,0
1126910b-3d0d-4686-87be-f6de77b047ab,1,1,0,0,0,0,0,0,0,0,1,1,1,1,0,0,0,0,0,1,98,1,2264,1,0,1,0,0,0,1,0,0,0,0,2,2,1,0,0,1,1,0,0,0,2,0,0,0,0,0,0.0,1,1,0,0,0,1,1,1,1,0,0,0,0,0,1,1,1,0,0,0,0,0,0,0,0,1,0,0,0,0,0,0,0,0,0,1,139,1,0,0,0,0,0,0,0,0,0,1,1,1,0,1,1,0,0,0,0,0,0,0,0,0,0,0,0,0,0,0,0,0,0,0,0,0,0,0,0,0,0,0,0,0,0,0,0,0,0
11368787-29e8-4787-b793-380e8df02544,1,1,0,0,0,0,0,0,0,0,1,1,1,1,0,1,0,0,0,1,22,1,390,1,0,1,0,0,0,1,0,0,0,0,4,2,1,0,0,1,1,0,0,0,2,1,2,1,0,1,0.0,1,1,1,1,0,1,1,1,1,0,0,0,0,0,0,2,2,0,1,0,1,0,0,0,0,1,0,0,0,0,0,0,0,0,0,1,310,1,1,112,1,0,0,0,0,0,0,1,1,1,1,1,0,1,1,0,0,0,0,0,0,0,1,0,1,0,0,1,0,0,0,0,0,0,0,0,0,0,0,0,0,1,1,0,0,0,0
122d3caa-d33b-4b9b-9f3d-6f5ce8c5f6f4,1,0,0,0,0,1,0,0,0,0,1,1,1,1,0,0,0,0,0,1,50,1,2715,1,0,1,0,0,0,1,0,0,0,0,4,2,1,0,0,1,1,0,0,0,2,0,0,0,0,0,0.0,1,0,0,0,0,1,1,1,1,0,0,0,0,0,0,1,1,0,0,0,0,0,0,0,0,1,0,0,0,0,0,0,0,0,0,1,326,1,0,0,0,0,1,4,0,0,0,1,1,1,0,1,1,0,0,0,0,0,0,0,0,0,1,0,1,0,0,1,0,0,0,0,0,0,0,0,0,0,0,0,0,1,0,0,0,0,0
123c3a0c-2261-4678-9fc1-450a58880391,1,1,0,0,0,0,0,0,0,0,1,1,1,1,0,0,0,0,0,1,76,1,778,1,0,1,0,0,0,1,0,0,0,0,3,2,1,0,0,1,1,0,0,0,2,0,0,0,0,0,0.0,1,1,0,0,0,1,1,1,1,0,0,0,0,0,0,1,1,0,0,0,0,0,0,0,0,1,0,0,0,0,0,0,0,0,0,1,403,1,0,0,0,0,1,3,0,0,0,1,1,1,0,1,1,0,0,0,0,0,0,0,0,0,0,0,1,0,0,1,0,0,0,0,0,0,0,0,0,0,0,0,0,1,0,1,0,0,0
1252b0b5-c671-4a91-bac6-537d2c4f9b88,1,0,0,0,0,1,0,0,0,0,0,1,1,1,0,0,0,0,0,1,227,1,1183,1,0,1,0,0,0,1,0,0,0,0,7,3,1,0,0,1,1,0,0,0,2,0,0,0,0,0,0.0,1,1,0,0,0,1,1,1,1,0,0,0,0,0,1,1,1,0,0,0,0,0,0,0,0,1,0,0,0,0,0,0,0,0,0,1,1187,1,0,0,0,0,0,0,0,0,0,1,1,1,0,1,1,0,0,0,0,0,0,0,0,0,1,0,1,0,0,1,0,0,0,0,0,0,0,0,0,0,0,0,0,1,0,0,0,0,0
1271bb70-c042-41f9-9b9d-297e5f080fa4,1,1,0,0,0,0,0,0,0,0,1,1,1,1,0,1,0,0,0,1,19,1,408,1,0,1,0,0,0,1,0,0,0,0,6,3,1,0,0,1,1,0,0,0,2,1,1,1,0,0,0.0,1,1,1,1,0,1,1,1,1,0,0,0,0,0,0,1,1,0,1,0,1,0,0,0,0,1,0,0,0,0,0,0,0,0,0,1,263,1,0,0,1,0,1,3,0,0,0,1,1,1,1,1,0,1,1,0,0,0,0,0,0,0,1,0,1,0,0,1,0,0,0,0,0,0,0,0,0,0,0,0,0,1,0,0,0,0,0
12d0cab3-21ca-4023-ab21-98b9b63a909a,1,1,0,0,0,0,0,0,0,0,1,1,1,1,0,0,0,0,0,1,43,1,334,1,0,1,0,0,0,1,0,0,0,0,8,3,1,0,0,1,1,0,0,0,2,0,0,0,0,0,0.0,1,1,1,1,0,1,1,1,1,0,0,0,0,0,0,2,2,0,0,0,0,0,0,0,0,1,0,0,0,0,0,0,0,0,0,1,301,1,0,0,0,0,1,8,0,0,0,1,1,1,0,0,0,0,0,0,0,0,0,0,0,0,0,0,0,0,0,0,0,0,0,0,0,0,0,0,0,0,0,0,0,0,0,0,0,0,0
1314b654-4e93-46b3-bc97-7d075ab5376e,1,0,0,0,0,1,0,0,0,0,1,1,1,1,0,0,0,0,0,1,192,1,1158,1,0,1,0,0,0,1,0,0,0,0,4,2,0,0,0,1,1,0,0,0,2,0,0,0,0,0,0.0,1,0,0,0,0,1,1,1,1,0,0,0,0,0,0,1,1,0,0,0,0,0,0,0,0,1,0,0,0,0,0,0,0,0,0,0,0,1,0,0,1,0,0,0,0,0,0,1,1,1,1,0,0,0,0,0,0,0,0,0,1,0,0,0,0,0,0,0,0,0,0,0,0,0,0,0,0,0,0,0,0,0,0,0,0,0,0
1322014d-a675-4e6f-be5c-9e5ae5fd6321,1,0,0,0,0,1,0,0,0,0,1,1,1,1,0,0,1,859,0,1,116,1,481,1,0,1,0,0,0,1,0,0,0,0,8,3,1,0,0,1,1,0,0,0,3,0,0,0,0,0,0.0,1,0,0,0,0,1,1,1,1,0,0,0,0,0,0,4,2,0,0,0,0,0,0,0,0,1,0,0,0,0,0,0,0,0,0,1,932,1,0,0,0,0,1,28,0,0,0,1,1,1,0,1,1,0,0,0,0,0,0,0,0,0,0,0,1,0,0,1,0,0,0,0,0,0,0,0,0,0,0,0,0,1,0,0,0,0,0
139609eb-d538-4a84-91cb-0dc97fda8d59,1,1,0,0,0,0,0,0,0,0,1,1,1,1,0,0,0,0,0,1,133,1,1765,1,0,1,0,0,0,1,0,0,0,0,5,2,1,0,0,1,1,0,0,0,2,0,0,0,0,0,0.0,1,1,0,0,0,1,1,1,1,0,0,0,0,0,1,1,1,0,0,0,0,0,0,0,0,1,0,0,0,0,0,0,0,0,0,1,1128,1,0,0,0,0,0,0,0,0,0,1,1,1,0,1,1,0,0,0,0,0,0,0,0,0,1,0,1,0,0,1,0,0,0,0,0,0,0,0,0,0,0,0,0,1,0,0,0,0,0
1485794e-6b32-47a2-b36e-7d0e49dad587,1,0,0,0,0,1,0,0,0,0,1,1,1,1,0,0,0,0,0,1,20,1,71,1,0,1,0,0,0,1,0,0,0,0,4,2,1,0,0,1,1,0,0,0,3,0,0,0,0,0,0.0,1,0,1,1,0,1,1,1,1,0,0,0,0,0,0,1,1,0,0,0,0,0,0,0,0,1,0,0,0,0,0,0,0,0,0,1,186,1,0,0,0,0,1,2,0,0,0,1,1,1,0,0,0,0,0,0,0,0,0,0,0,0,0,0,0,0,0,0,0,0,0,0,0,0,0,0,0,0,0,0,0,0,0,0,0,0,0
1486694d-8784-4353-9d9b-a7881a0e5c33,1,0,0,0,0,1,0,0,0,0,1,1,1,1,0,0,0,0,0,1,43,1,334,1,0,1,0,0,0,1,0,0,0,0,8,3,1,0,0,1,1,0,0,0,2,0,0,0,0,0,0.0,1,1,1,1,0,1,1,1,1,0,0,0,0,0,0,2,2,0,0,0,0,0,0,0,0,1,0,0,0,0,0,0,0,0,0,1,698,1,0,0,0,0,1,5,0,0,0,1,1,1,0,0,0,0,0,0,0,0,0,0,0,0,0,0,0,0,0,0,0,0,0,0,0,0,0,0,0,0,0,0,0,0,0,0,0,0,0
14d2525f-66d8-48c7-a8aa-6a866b0150fa,1,1,0,0,0,0,0,0,0,0,1,1,1,1,0,0,0,0,0,1,81,1,691,1,0,1,0,0,0,1,0,0,0,0,8,3,1,0,0,1,1,0,0,0,2,0,0,0,0,0,0.0,1,1,1,1,0,1,1,1,1,0,0,0,0,0,0,2,2,0,0,0,0,0,0,0,0,1,0,0,0,0,0,0,0,0,0,1,2524,1,0,0,0,0,1,7,0,0,0,1,1,1,0,0,0,0,0,0,0,0,0,0,0,0,0,0,0,0,0,0,0,0,0,0,0,0,0,0,0,0,0,0,0,0,0,0,0,0,0
15e2c0ce-e65a-4c4b-9dfc-1393f042081c,1,1,0,0,0,0,0,0,0,0,1,1,1,1,0,0,1,1020,0,1,133,1,1470,1,0,1,0,0,0,1,0,0,0,0,13,3,1,0,0,1,1,0,0,0,3,0,0,0,0,0,0.0,1,1,1,1,0,1,1,1,1,0,0,0,0,0,0,2,2,0,0,0,0,0,0,0,0,1,0,0,0,0,0,0,0,0,0,1,1067,1,0,0,1,0,0,0,1,0,0,1,1,1,0,1,0,0,0,0,0,1,0,1,0,0,0,0,1,0,0,1,0,0,0,0,0,0,0,0,0,0,0,0,0,1,0,0,0,0,0
15ff935c-673e-455b-836e-49486da39945,1,1,0,0,0,0,0,0,0,0,1,1,1,1,0,0,0,0,0,1,48,1,89,1,0,1,0,0,0,1,0,0,0,0,7,3,1,0,0,1,1,0,0,0,2,0,0,0,0,0,0.0,1,1,1,1,0,1,1,1,1,0,0,0,0,0,0,1,1,0,0,0,0,0,0,0,0,1,0,0,0,0,0,0,0,0,0,1,750,1,0,0,0,0,0,0,0,0,0,1,1,1,0,1,1,0,0,0,0,0,0,0,0,0,0,0,1,0,0,1,0,0,0,0,0,0,0,0,0,0,0,0,0,1,0,0,0,0,0
1647789d-0ee3-4cb6-91ee-b2f5be0fc1af,1,0,0,0,0,1,0,0,0,0,1,1,1,1,0,1,0,0,0,1,65,1,530,1,0,1,0,0,0,1,0,0,0,0,17,3,1,0,0,1,1,0,0,0,2,1,5,1,0,0,5000.0,1,0,1,1,0,1,1,1,1,0,0,0,0,0,0,5,2,0,1,0,1,0,0,0,0,1,0,0,0,0,0,0,0,0,0,1,6493,1,1,1374,1,0,1,25,1,0,0,1,1,1,1,1,0,1,1,0,0,0,0,0,0,0,1,0,1,0,0,1,0,0,0,0,0,0,0,0,0,0,0,0,0,1,0,0,0,0,0
1682db3e-8121-4667-bbb3-6b66043cfe6b,1,1,0,0,0,0,0,0,0,0,1,1,1,1,0,0,0,0,0,1,6,1,88,1,0,1,0,0,0,1,0,0,0,0,2,2,1,0,0,1,1,0,0,0,2,0,0,0,0,0,0.0,1,1,0,0,0,1,1,1,1,0,0,0,0,0,0,1,1,0,0,0,0,0,0,0,0,1,0,0,0,0,0,0,0,0,0,0,0,1,0,0,0,0,0,0,0,0,0,1,1,1,0,1,1,0,0,0,0,0,0,0,0,0,0,0,1,0,0,1,0,0,0,0,0,0,0,0,0,0,0,0,0,1,0,0,0,0,0
168a5c67-9395-498f-babe-ab83a1256704,1,0,0,0,0,1,0,0,0,0,1,1,1,1,0,0,0,0,0,1,68,1,436,1,0,1,0,0,0,1,0,0,0,0,7,3,1,0,0,1,1,0,0,0,2,0,0,0,0,0,0.0,1,1,0,0,0,1,1,1,1,0,0,0,0,0,1,1,1,0,0,0,0,0,0,0,0,1,0,0,0,0,0,0,0,0,0,1,359,1,0,0,0,0,1,1,0,0,0,1,1,1,0,1,0,0,0,0,0,0,0,0,0,0,0,0,1,0,0,1,0,0,0,0,0,0,0,0,0,0,0,0,0,1,0,0,0,0,0
16a0b0fd-4f3b-420b-835a-febabda53a95,1,0,0,0,0,1,0,0,0,0,1,1,1,1,0,0,0,0,0,1,116,1,968,1,0,1,0,0,0,1,0,0,0,0,4,2,1,0,0,1,1,0,0,0,2,0,0,0,0,0,0.0,1,0,0,0,0,1,1,1,1,0,0,0,0,0,0,1,1,0,0,0,0,0,0,0,0,1,0,0,0,0,0,0,0,0,0,1,90,1,0,0,0,0,0,0,0,0,0,1,1,1,0,1,1,0,0,0,0,0,0,0,0,0,0,0,0,0,0,0,0,0,0,0,0,0,0,0,0,0,0,0,0,0,0,0,0,0,0
16dec871-4512-4255-b5d0-3c9b31a0c655,1,0,0,0,0,1,0,0,0,0,1,1,1,1,0,0,0,0,0,1,39,1,556,1,0,1,0,0,0,1,0,0,0,0,2,2,1,0,0,1,1,0,0,0,2,0,0,0,0,0,0.0,1,1,0,0,0,1,1,1,1,0,0,0,0,0,1,1,1,0,0,0,0,0,0,0,0,1,0,0,0,0,0,0,0,0,0,1,34,1,0,0,0,0,1,9,0,0,0,1,1,1,0,1,0,0,0,0,0,0,0,0,0,0,0,0,1,0,0,1,0,0,0,0,0,0,0,0,0,0,0,0,0,1,0,0,0,0,0
178a8b01-f1cb-427a-965e-0cedcffb1888,1,1,0,0,0,0,0,0,0,0,1,1,1,1,0,1,0,0,0,1,7,1,502,1,0,1,0,0,0,1,0,0,0,0,2,2,0,0,0,1,0,0,0,0,1,1,47,1,0,0,11750.0,1,0,1,1,0,1,1,1,1,0,0,0,0,0,0,47,3,1,1,1,1,0,0,0,0,1,0,0,0,0,0,0,0,0,0,1,15577,1,0,0,1,0,0,0,0,0,0,1,1,1,0,0,0,1,1,1,1,1,0,1,0,0,1,0,1,0,0,1,0,0,0,0,0,0,0,0,0,0,0,0,0,1,0,0,0,0,0
17f54cfc-cc34-4c11-8453-92b338cd3a1d,1,1,0,0,0,0,0,0,0,0,1,1,1,1,0,1,0,0,0,1,27,1,369,1,0,1,0,0,0,1,0,0,0,0,8,3,1,0,0,1,1,0,0,0,3,1,2,1,0,1,0.0,1,1,1,1,0,1,1,1,1,0,0,0,0,0,0,2,2,0,1,0,1,0,0,0,0,1,0,0,0,0,0,0,0,0,0,1,584,1,1,141,1,0,1,1,0,0,0,1,1,1,1,1,0,1,1,0,0,0,0,0,0,0,1,0,1,1,0,1,0,0,0,0,0,0,1,0,0,0,0,0,0,1,0,0,0,0,0
1806c6fe-bf4b-4eaa-9c4d-8aa14994e12c,1,1,0,0,0,0,0,0,0,0,1,1,1,1,0,1,0,0,0,1,7,1,1638,1,0,1,0,0,0,1,0,0,0,0,6,3,1,0,0,1,1,0,0,0,3,1,3,1,0,1,25000.0,1,0,1,1,0,1,1,1,1,0,0,0,0,0,0,3,2,0,1,1,1,0,0,0,0,1,0,0,0,0,0,0,0,0,0,1,1824,1,1,223,1,0,1,16,1,0,0,1,1,1,1,0,0,1,1,0,1,0,0,0,0,0,1,0,1,0,0,1,0,0,0,0,0,0,0,0,0,0,0,0,0,1,0,0,0,0,0
180c21b9-25c5-4207-a86a-cdf2a5e38f45,1,1,0,0,0,0,0,0,0,0,1,1,1,1,0,0,0,0,0,1,30,1,245,1,0,1,0,0,0,1,0,0,0,0,2,2,1,0,0,1,1,0,0,0,2,0,0,0,0,0,0.0,0,0,0,0,0,0,0,0,0,0,0,0,0,0,0,2,2,0,0,0,0,0,0,0,0,1,0,0,0,0,0,0,0,0,0,1,965,1,0,0,0,0,0,0,0,0,0,1,1,1,0,0,0,0,0,0,0,0,0,0,0,0,0,0,0,0,0,0,0,0,0,0,0,0,0,0,0,0,0,0,0,0,0,0,0,0,0
184d251e-3c06-4507-86d7-fa983547e268,1,0,0,0,0,1,0,0,0,0,1,1,1,1,0,0,0,0,0,1,59,1,771,1,0,1,0,0,0,1,0,0,0,0,7,3,1,0,0,1,1,0,0,0,2,0,0,0,0,0,0.0,1,1,0,0,0,1,1,1,1,0,0,0,0,0,1,6,3,0,0,0,0,0,0,0,0,1,0,0,0,0,0,0,0,0,0,1,6076,1,0,0,0,0,0,0,0,0,0,1,1,1,0,1,1,0,0,0,0,0,0,0,0,0,1,0,1,0,0,1,0,0,0,0,0,0,0,0,0,0,0,0,0,1,0,0,0,0,0
18728049-3ced-4761-8984-9323c0df175a,1,0,0,0,0,1,0,0,0,0,1,1,1,1,1,1,0,0,0,1,34,1,666,1,0,1,0,0,0,1,0,0,0,0,13,3,1,0,0,1,1,0,0,0,2,1,1,1,0,1,0.0,1,1,0,0,0,1,1,1,1,0,0,0,0,0,1,1,1,0,1,0,1,0,0,0,0,1,0,0,0,0,0,0,0,0,0,1,650,1,1,34,1,0,1,1,1,0,0,1,1,1,1,1,0,1,1,0,0,0,0,0,0,0,1,0,1,1,0,1,0,0,0,0,0,0,1,0,0,0,0,0,0,1,0,0,0,0,0
18e94638-7139-4358-a187-8a607aefd7b7,1,1,0,0,0,0,0,0,0,0,1,1,1,1,0,0,0,0,0,1,122,1,2677,1,0,1,0,0,0,1,0,0,0,0,3,2,1,0,0,1,1,0,0,0,2,0,0,0,0,0,0.0,1,1,0,0,0,1,1,1,1,0,0,0,0,0,0,1,1,0,0,0,0,0,0,0,0,1,0,0,0,0,0,0,0,0,0,1,1442,1,0,0,0,0,1,6,0,0,0,1,1,1,0,1,1,0,0,0,0,0,0,0,0,0,1,0,1,0,0,1,0,0,0,0,0,0,0,0,0,0,0,0,0,1,0,0,0,0,0
18fef2dd-a4e8-4f9e-8d4c-89f16504298a,1,1,0,0,0,0,0,0,0,0,1,1,1,1,0,0,0,0,0,1,68,1,906,1,0,1,0,0,0,1,0,0,0,0,12,3,1,0,0,1,1,0,0,0,2,0,0,0,0,0,0.0,1,1,0,0,0,1,1,1,1,0,0,0,0,0,0,1,1,0,0,0,0,0,0,0,0,1,0,0,0,0,0,0,0,0,0,1,1033,1,0,0,0,0,1,2,0,0,0,1,1,1,0,1,0,0,0,0,0,0,0,0,0,0,0,0,1,0,0,1,0,0,0,0,0,0,0,0,0,0,0,0,0,1,0,1,0,0,0
193e5d39-44da-4caf-bf6c-beb07be99652,1,1,0,0,0,0,0,0,0,0,1,1,1,1,0,1,0,0,0,1,38,1,230,1,0,1,0,0,0,1,0,0,0,0,5,2,1,0,0,1,1,0,0,0,2,1,2,1,0,0,0.0,1,1,1,1,0,1,1,1,1,0,0,0,0,0,0,2,2,0,1,0,1,0,0,0,0,1,0,0,0,0,0,0,0,0,0,1,546,1,0,0,1,0,0,0,0,0,0,1,1,1,1,1,0,1,1,0,0,0,0,0,0,0,1,0,1,0,0,1,0,0,0,0,0,0,0,0,0,0,0,0,0,1,0,0,0,0,0
1981eec8-460e-4c1d-8be7-0eb815d021c8,1,1,0,0,0,0,0,0,0,0,1,1,1,1,0,0,0,0,0,1,73,1,1978,1,0,1,0,0,0,1,0,0,0,0,4,2,1,0,0,1,1,0,0,0,2,0,0,0,0,0,0.0,1,1,0,0,0,1,1,1,1,0,0,0,0,0,1,1,1,0,0,0,0,0,0,0,0,1,0,0,0,0,0,0,0,0,0,1,357,1,0,0,0,0,0,0,0,0,0,1,1,1,0,1,0,0,0,0,0,0,0,0,0,0,1,0,1,0,0,1,0,0,0,0,0,0,0,0,0,0,0,0,0,1,0,0,0,0,0
19a70cb2-37c8-41fa-a96f-b3d4c2c7ac57,1,1,0,0,0,0,0,0,0,0,1,1,1,1,0,1,0,0,0,1,57,1,1818,1,0,1,0,0,0,1,0,0,0,0,10,3,1,0,0,1,1,0,0,0,3,1,18,1,0,1,0.0,1,1,1,1,0,1,1,1,1,0,0,0,0,0,0,18,3,0,1,0,1,0,0,0,0,1,0,0,0,0,0,0,0,0,0,1,14045,1,0,0,1,0,1,2,0,0,0,1,1,1,1,0,1,1,1,0,0,0,0,0,0,0,0,0,1,0,0,1,0,0,0,0,0,0,0,0,0,0,0,0,0,1,0,0,0,0,0
1b49545b-b81e-4875-bba9-fdd503d0fea0,1,0,0,0,0,1,0,0,0,0,1,1,1,1,0,1,0,0,0,1,29,1,3810,1,0,1,0,0,0,1,0,0,0,0,35,3,1,0,0,1,1,0,0,0,3,1,5,1,0,0,186000.0,1,0,1,1,0,1,1,1,1,0,0,0,0,0,0,5,2,0,1,0,1,0,0,0,0,1,0,0,0,0,0,0,0,0,0,1,7746,1,0,0,1,0,1,5,0,0,0,1,1,1,0,1,0,1,1,1,0,0,0,0,0,0,1,0,1,0,0,1,0,0,0,0,0,0,0,0,0,0,0,0,0,1,0,0,0,0,0
1b69942e-44e9-409c-a8c9-87c8444f8f02,1,0,0,0,0,1,0,0,0,0,1,1,1,1,0,0,0,0,0,1,172,1,713,1,0,1,0,0,0,1,0,0,0,0,9,3,1,0,0,1,1,0,0,0,3,0,0,0,0,0,0.0,1,0,1,1,0,1,1,1,1,0,0,0,0,0,0,1,1,0,0,0,0,0,0,0,0,1,0,0,0,0,0,0,0,0,0,1,952,1,0,0,0,0,1,1,0,0,0,1,1,1,0,1,0,0,0,0,0,0,0,0,0,0,0,0,0,0,0,0,0,0,0,0,0,0,0,0,0,0,0,0,0,0,0,0,0,0,0
1b894537-5b19-488e-85a7-dcfb5c0459dd,1,0,0,0,0,1,0,0,0,0,1,1,1,1,0,0,0,0,0,1,30,1,1037,1,0,1,0,0,0,1,0,0,0,0,56,3,1,0,0,1,1,0,0,0,3,0,0,0,0,0,0.0,1,0,1,1,0,1,1,1,1,0,0,0,0,0,0,32,3,0,0,0,0,0,0,0,0,1,0,0,0,0,0,0,0,0,0,1,51148,1,0,0,0,0,0,0,0,0,0,1,1,1,1,0,0,0,0,0,0,0,0,0,0,0,0,0,0,0,0,0,0,0,0,0,0,0,0,0,0,0,0,0,0,0,0,0,0,0,0
1b9e68e0-7803-40fc-98c8-f6e7ec18df88,1,0,0,0,0,1,0,0,0,0,1,1,1,1,0,0,0,0,0,1,88,1,819,1,0,1,0,0,0,1,0,0,0,0,3,2,1,0,0,1,1,0,0,0,2,0,0,0,0,0,0.0,1,1,0,0,0,1,1,1,1,0,0,0,0,0,1,1,1,0,0,0,0,0,0,0,0,1,0,0,0,0,0,0,0,0,0,1,820,1,0,0,0,0,1,3,0,0,0,1,1,1,0,1,0,0,0,0,0,0,0,0,0,0,0,0,1,0,0,1,0,0,0,0,0,0,0,0,0,0,0,0,0,1,0,0,0,0,0
1be0f900-0a12-4c67-9d85-e219fa1460f1,1,0,0,0,0,1,0,0,0,0,1,1,1,1,0,0,0,0,0,1,81,1,1119,1,0,1,0,0,0,1,0,0,0,0,5,2,1,0,0,1,1,0,0,0,2,0,0,0,0,0,0.0,1,1,0,0,0,1,1,1,1,0,0,0,0,0,0,1,1,0,0,0,0,0,0,0,0,1,0,0,0,0,0,0,0,0,0,1,261,1,0,0,0,0,1,5,0,0,0,1,1,1,0,1,1,0,0,0,0,0,0,0,0,0,0,0,1,0,0,1,0,0,0,0,0,0,0,0,0,0,0,0,0,1,0,0,0,0,0
1c47438a-1c34-49fb-8f7a-617822ce7c7a,1,0,0,0,0,1,0,0,0,0,1,1,1,1,0,0,0,0,0,1,90,1,526,1,0,1,0,0,0,1,0,0,0,0,3,2,1,0,0,1,1,0,0,0,2,0,0,0,0,0,0.0,1,1,0,0,0,1,1,1,1,0,0,0,0,0,0,1,1,0,0,0,0,0,0,0,0,1,0,0,0,0,0,0,0,0,0,0,0,1,0,0,0,0,0,0,0,0,0,1,1,1,0,1,1,0,0,0,0,0,0,0,0,0,0,0,0,0,0,0,0,0,0,0,0,0,0,0,0,0,0,0,0,0,0,0,0,0,0
1cac1fc8-8173-43b8-bce8-af861ae6991c,1,1,0,0,0,0,0,0,0,0,1,1,1,1,0,0,0,0,0,1,69,1,210,1,0,1,0,0,0,1,0,0,0,0,2,2,1,0,0,1,1,0,0,0,2,0,0,0,0,0,0.0,1,0,1,1,0,1,1,1,1,0,0,0,0,0,0,1,1,0,0,0,0,0,0,0,0,1,0,0,0,0,0,0,0,0,0,1,352,1,0,0,0,0,0,0,0,0,0,1,1,1,0,1,1,0,0,0,0,0,0,0,0,0,0,0,1,0,0,1,0,0,0,0,0,0,0,0,0,0,0,0,0,1,0,0,0,0,0
1d1bd1f3-f27c-4e07-b9b8-87b8c97e729f,1,1,0,0,0,0,0,0,0,0,1,1,1,1,0,0,0,0,0,1,57,1,1309,1,0,1,0,0,0,1,0,0,0,0,2,2,1,0,0,1,1,0,0,0,2,0,0,0,0,0,0.0,1,0,1,1,0,1,1,1,1,0,0,0,0,0,0,1,1,0,0,0,0,0,0,0,0,1,0,0,0,0,0,0,0,0,0,1,231,1,0,0,0,0,0,0,0,0,0,1,1,1,0,1,1,0,0,0,0,0,0,0,0,0,0,0,0,0,0,0,0,0,0,0,0,0,0,0,0,0,0,0,0,0,0,0,0,0,0
1d4e1e4d-1123-4fe6-b707-c0ee9ea40940,1,1,0,0,0,0,0,0,0,0,1,1,1,1,0,0,0,0,0,1,34,1,1114,1,0,1,0,0,0,1,0,0,0,0,3,2,1,0,0,1,1,0,0,0,2,0,0,0,0,0,0.0,1,1,0,0,0,1,1,1,1,0,0,0,0,0,0,1,1,0,0,0,0,0,0,0,0,1,0,0,0,0,0,0,0,0,0,1,355,1,0,0,0,0,1,3,0,0,0,1,1,1,0,1,1,0,0,0,0,0,0,0,0,0,1,0,1,0,0,1,0,0,0,0,0,0,0,0,0,0,0,0,0,1,0,0,0,0,0
1d59c491-2274-436a-a5bd-65ed643db329,1,0,0,0,0,1,0,0,0,0,1,1,1,1,0,0,0,0,0,1,119,1,493,1,0,1,0,0,0,1,0,0,0,0,4,2,1,0,0,1,1,0,0,0,3,0,0,0,0,0,0.0,1,1,0,0,0,1,1,1,1,0,0,0,0,0,0,1,1,0,0,0,0,0,0,0,0,1,0,0,0,0,0,0,0,0,0,0,0,1,0,0,0,0,0,0,0,0,0,1,1,1,0,1,1,0,0,0,0,0,0,0,0,0,1,0,0,0,0,0,0,0,0,0,0,0,0,0,0,0,0,0,0,0,0,0,0,0,0
1d76065c-98a6-46a6-af26-e19567bc523b,1,0,0,0,0,1,0,0,0,0,0,1,1,1,1,1,0,0,0,1,56,1,635,1,0,1,0,0,0,1,0,0,0,0,2,2,0,0,0,1,1,0,0,0,2,1,1,1,0,0,20000.0,1,1,1,1,0,1,1,1,1,0,0,0,0,0,0,1,1,1,1,1,1,0,0,0,0,1,0,0,0,0,0,0,0,0,0,1,528,1,1,74,1,0,1,5,1,0,0,1,1,1,1,0,0,1,1,0,0,1,0,1,0,0,1,0,1,1,0,1,0,0,0,0,0,1,0,0,0,0,0,0,0,1,0,0,0,0,0
1e08c34b-f5f3-4acf-ad4a-545d15490bd5,1,1,0,0,0,0,0,0,0,0,1,1,1,1,0,0,0,0,0,1,11,1,466,1,0,1,0,0,0,1,0,0,0,0,13,3,1,0,0,1,1,0,0,0,3,0,0,0,0,0,0.0,1,1,1,1,0,1,1,1,1,0,0,0,0,0,0,2,2,0,0,0,0,0,0,0,0,1,0,0,0,0,0,0,0,0,0,1,1340,1,0,0,0,0,1,6,0,0,0,1,1,1,0,0,0,0,0,0,0,0,0,0,0,0,0,0,0,0,0,0,0,0,0,0,0,0,0,0,0,0,0,0,0,0,0,0,0,0,0
1e303964-4142-4934-8fc4-49ad8d8627a0,1,0,0,0,0,1,0,0,0,0,1,1,1,1,1,1,0,0,0,1,145,1,639,1,0,1,0,0,0,1,0,0,0,0,1,1,0,0,0,1,0,0,0,0,1,1,1,1,0,0,0.0,1,1,0,0,0,1,1,1,1,0,0,0,0,0,0,1,1,1,1,1,1,0,0,0,0,1,0,0,0,0,0,0,0,0,0,1,1534,1,1,606,0,0,1,1,0,0,0,1,1,1,1,1,0,1,1,0,0,0,0,0,0,0,1,0,1,0,0,1,0,0,0,0,0,0,0,0,0,0,0,0,0,1,0,0,0,0,0
1e9805ea-ced6-4e33-98f8-0c4eb33b7d52,1,0,0,0,0,1,0,0,0,0,1,1,1,1,0,0,0,0,0,1,141,1,1831,1,0,1,0,0,0,1,0,0,0,0,5,2,1,0,0,1,1,0,0,0,2,0,0,0,0,0,0.0,1,1,1,1,0,1,1,1,1,0,0,0,0,0,0,2,2,0,0,0,0,0,0,0,0,1,0,0,0,0,0,0,0,0,0,1,741,1,0,0,0,0,1,4,0,0,0,1,1,1,0,0,0,0,0,0,0,0,0,0,0,0,0,0,0,0,0,0,0,0,0,0,0,0,0,0,0,0,0,0,0,0,0,0,0,0,0
1eef08ed-b02b-412f-89bb-19584e02b130,1,1,0,0,0,0,0,0,0,0,1,1,1,1,0,1,0,0,0,1,24,1,913,1,0,1,0,0,0,1,0,0,0,0,4,2,1,0,0,1,1,0,0,0,2,1,1,1,0,0,500.0,1,1,1,1,0,1,1,1,1,0,0,0,0,0,0,1,1,0,0,0,1,0,0,0,0,1,0,0,0,0,0,0,0,0,0,1,57,1,0,0,1,0,1,6,0,0,0,1,1,1,0,1,0,1,1,0,0,0,0,0,0,0,0,0,1,0,0,1,0,0,0,0,0,0,0,0,0,0,0,0,0,1,0,0,0,0,0
1f26a941-8367-460d-b89c-181ec1e1e6ac,1,0,0,0,0,1,0,0,0,0,1,1,1,1,0,0,0,0,0,1,73,1,577,1,0,1,0,0,0,1,0,0,0,0,4,2,1,0,0,1,1,0,0,0,2,0,0,0,0,0,0.0,1,1,0,0,0,1,1,1,1,0,0,0,0,0,1,2,2,0,0,0,0,0,0,0,0,1,0,0,0,0,0,0,0,0,0,1,109,1,0,0,0,0,0,0,0,0,0,1,1,1,0,1,1,0,0,0,0,0,0,0,0,0,0,0,1,0,0,1,0,0,0,0,0,0,0,0,0,0,0,0,0,1,0,0,0,0,0
2032a1b8-7415-4857-a45d-de7805e4dc75,1,0,0,0,0,1,0,0,0,0,1,1,1,1,0,0,0,0,0,1,41,1,90,1,0,1,0,0,0,1,0,0,0,0,2,2,1,0,0,1,1,0,0,0,2,0,0,0,0,0,0.0,1,0,1,1,0,1,1,1,1,0,0,0,0,0,1,1,1,0,0,0,0,0,0,0,0,1,0,0,0,0,0,0,0,0,0,0,0,1,0,0,0,0,0,0,0,0,0,1,1,1,0,1,0,0,0,0,0,0,0,0,0,0,0,0,1,0,0,1,0,0,0,0,0,0,0,0,0,0,0,0,0,1,0,0,0,0,0
203fde57-0ae2-43ae-9e2b-86d72db0b968,1,1,0,0,0,0,0,0,0,0,1,1,1,1,0,0,0,0,0,1,64,1,907,1,0,1,0,0,0,1,0,0,0,0,3,2,1,0,0,1,1,0,0,0,2,0,0,0,0,0,0.0,1,1,0,0,0,1,1,1,1,0,0,0,0,0,0,1,1,0,0,0,0,0,0,0,0,1,0,0,0,0,0,0,0,0,0,1,268,1,0,0,0,0,1,5,0,0,0,1,1,1,1,1,1,0,0,0,0,0,0,0,0,0,1,0,1,0,0,1,0,0,0,0,0,0,0,0,0,0,0,0,0,1,0,0,0,0,0
2041bc90-ac1a-43a4-874a-33343941f346,1,0,0,0,0,1,0,0,0,0,1,1,1,1,0,0,0,0,0,1,118,1,1493,1,0,1,0,0,0,1,0,0,0,0,8,3,1,0,0,1,1,0,0,0,3,0,0,0,0,0,0.0,1,1,0,0,0,1,1,1,1,0,0,0,0,0,0,1,1,0,0,0,0,0,0,0,1,0,0,0,0,0,0,0,0,0,0,1,822,1,0,0,0,0,1,2,0,0,0,1,1,1,0,1,0,0,0,0,0,0,0,0,0,0,0,0,1,0,0,0,0,0,0,0,0,0,0,0,0,0,0,0,0,0,0,0,0,0,0
208998f2-c419-4bc9-ad25-9cee68872d3d,1,0,0,0,0,1,0,0,0,0,1,1,1,1,0,0,1,116,0,1,80,1,3175,1,0,1,0,0,0,1,0,0,0,0,3,2,1,0,0,1,1,0,0,0,2,0,0,0,0,0,0.0,1,1,0,0,0,1,1,1,1,0,0,0,0,0,1,1,1,0,0,0,0,0,0,0,0,1,0,0,0,0,0,0,0,0,0,1,811,1,0,0,0,0,0,0,0,0,0,1,1,1,0,1,1,0,0,0,0,0,0,0,0,0,1,0,1,0,0,1,0,0,0,0,0,0,0,0,0,0,0,0,0,1,0,0,0,0,0
20c52e55-eed8-4953-8b3d-d67f76009069,1,1,0,0,0,0,0,0,0,0,1,1,1,1,0,0,1,381,0,1,102,1,2638,1,0,1,0,0,0,1,0,0,0,0,45,3,1,0,0,1,1,0,0,1,3,0,0,0,0,0,0.0,1,1,0,0,0,1,1,1,1,0,0,0,0,0,0,5,2,0,0,0,0,0,1,0,1,1,0,0,0,0,0,0,0,0,0,1,2753,1,0,0,0,0,1,15,0,0,0,1,1,1,0,1,0,0,0,0,0,0,0,0,0,0,0,0,1,0,0,1,0,0,0,0,0,0,0,0,0,0,0,0,0,0,1,0,0,0,0
21c0984f-b046-4a3d-a21b-96b65dd8cbbe,1,0,0,0,0,1,0,0,0,0,1,1,1,1,0,0,0,0,0,1,126,1,835,1,0,1,0,0,0,1,0,0,0,0,2,2,1,0,0,1,1,0,0,0,2,0,0,0,0,0,0.0,1,1,0,0,0,1,1,1,1,0,0,0,0,0,1,5,2,0,0,0,0,0,0,0,0,1,0,0,0,0,0,0,0,0,0,1,5239,1,0,0,0,0,0,0,0,0,0,1,1,1,0,1,1,0,0,0,0,0,0,0,0,0,1,0,1,0,0,1,0,0,0,0,0,0,0,0,0,0,0,0,0,1,0,0,0,0,0
227b51f1-c363-4e6d-836e-bc110083cf23,1,1,0,0,0,0,0,0,0,0,0,1,1,1,0,0,0,0,0,1,126,1,1999,1,0,1,0,0,0,1,0,0,0,0,3,2,1,0,0,1,1,0,0,0,2,0,0,0,0,0,0.0,1,1,0,0,0,1,1,1,1,0,0,0,0,0,1,1,1,0,0,0,0,0,0,0,0,1,0,0,0,0,0,0,0,0,0,1,485,1,0,0,0,0,1,2,0,0,0,1,1,1,0,1,0,0,0,0,0,0,0,0,0,0,1,0,0,0,0,0,0,0,0,0,0,0,0,0,0,0,0,0,0,0,0,0,0,0,0
227d260e-11d2-4855-9012-b53ee5cde50b,1,0,0,0,0,1,0,0,0,0,1,1,1,1,0,0,0,0,0,1,86,1,280,1,0,1,0,0,0,1,0,0,0,0,2,2,1,0,0,1,1,0,0,0,2,0,0,0,0,0,0.0,1,1,0,0,0,1,1,1,1,0,0,0,0,0,0,1,1,0,0,0,0,0,0,0,0,1,0,0,0,0,0,0,0,0,0,0,0,1,0,0,0,0,0,0,0,0,0,1,1,1,0,0,0,0,0,0,0,0,0,0,0,0,0,0,0,0,0,0,0,0,0,0,0,0,0,0,0,0,0,0,0,0,0,0,0,0,0
231463f7-848d-472c-ba76-fd4b77db4e67,1,1,0,0,0,0,0,0,0,0,1,1,1,1,0,0,0,0,0,1,38,1,238,1,0,1,0,0,0,1,0,0,0,0,2,2,1,0,0,1,1,0,0,0,2,0,0,0,0,0,0.0,1,1,1,1,0,1,1,1,1,0,0,0,0,0,0,2,2,0,0,0,0,0,0,0,0,1,0,0,0,0,0,0,0,0,0,1,363,1,0,0,0,0,1,2,0,0,0,1,1,1,1,1,0,0,0,0,0,0,0,0,0,0,0,0,1,0,0,1,0,0,0,0,0,0,0,0,0,0,0,0,0,0,0,1,0,0,0
23df7514-50e1-4a45-b319-e20a0ba684a4,1,0,0,0,0,1,0,0,0,0,1,1,1,1,0,0,0,0,0,1,67,1,593,1,0,1,0,0,0,1,0,0,0,0,2,2,1,0,0,1,1,0,0,0,2,0,0,0,0,0,0.0,1,1,0,0,0,1,1,1,1,0,0,0,0,0,1,1,1,0,0,0,0,0,0,0,0,1,0,0,0,0,0,0,0,0,0,0,0,1,0,0,0,0,0,0,0,0,0,1,1,1,0,1,0,0,0,0,0,0,0,0,0,0,0,0,1,0,0,1,0,0,0,0,0,0,0,0,0,0,0,0,0,1,0,1,0,0,0
24a939db-f8fc-4864-bce9-924ea4887c17,1,0,0,0,0,1,0,0,0,0,1,1,1,1,0,0,0,0,0,1,29,1,710,1,0,1,0,0,0,1,0,0,0,0,7,3,1,0,0,1,1,0,0,0,3,0,0,0,0,0,0.0,1,0,0,0,0,1,1,1,1,0,0,0,0,0,1,1,1,0,0,0,0,0,0,0,0,1,0,0,0,0,0,0,0,0,0,1,794,1,0,0,0,0,1,6,0,0,0,1,1,1,0,0,0,0,0,0,0,0,0,0,0,0,0,0,0,0,0,0,0,0,0,0,0,0,0,0,0,0,0,0,0,0,0,0,0,0,0
25f8ca8d-8415-46e8-a4a9-f999df9cf402,1,1,0,0,0,0,0,0,0,0,1,1,1,1,0,0,0,0,0,1,103,1,969,1,0,1,0,0,0,1,0,0,0,0,8,3,1,0,0,1,1,0,0,0,3,0,0,0,0,0,0.0,1,1,0,0,0,1,1,1,1,0,0,0,0,0,0,3,2,0,0,0,0,0,0,0,0,1,0,0,0,0,0,0,0,0,0,1,1073,1,0,0,0,0,1,13,0,0,0,1,1,1,0,1,1,0,0,0,0,0,0,0,0,0,1,0,1,0,0,1,0,0,0,0,0,0,0,0,0,0,0,0,0,1,0,0,0,0,0
25fb9891-00cc-45c9-95b1-a32a7d3f165a,1,1,0,0,0,0,0,0,0,0,1,1,1,1,0,0,0,0,0,1,52,1,753,1,0,1,0,0,0,1,0,0,0,0,1,1,0,0,0,1,0,0,0,0,1,0,0,0,0,0,0.0,1,1,0,0,0,1,1,1,1,0,0,0,0,0,0,1,1,0,0,0,0,0,0,0,0,1,0,0,0,0,0,0,0,0,0,1,145,1,0,0,0,0,1,1,0,0,0,1,1,1,0,1,0,0,0,0,0,0,0,0,0,0,1,0,0,0,0,0,0,0,0,0,0,0,0,0,0,0,0,0,0,0,0,0,0,0,0
26627b6f-7d80-4e04-b73f-a1f6c3b9e86c,1,0,0,0,0,1,0,0,0,0,1,1,1,1,0,0,0,0,0,1,56,1,178,1,0,1,0,0,0,1,0,0,0,0,2,2,1,0,0,1,1,0,0,0,2,0,0,0,0,0,0.0,1,1,0,0,0,1,1,1,1,0,0,0,0,0,0,1,1,0,0,0,0,0,0,0,0,1,0,0,0,0,0,0,0,0,0,0,0,1,0,0,0,0,0,0,0,0,0,1,1,1,0,1,1,0,0,0,0,0,0,0,0,0,0,0,1,0,0,1,0,0,0,0,0,0,0,0,0,0,0,0,0,1,0,0,0,0,0
26c0ee6f-fd50-4aee-834f-dead0127195a,1,0,0,0,0,1,0,0,0,0,1,1,1,1,0,0,0,0,0,1,69,1,819,1,0,1,0,0,0,1,0,0,0,0,3,2,1,0,0,1,1,0,0,0,2,0,0,0,0,0,0.0,1,1,0,0,0,1,1,1,1,0,0,0,0,0,1,1,1,0,0,0,0,0,0,0,0,1,0,0,0,0,0,0,0,0,0,1,820,1,0,0,0,0,1,3,0,0,0,1,1,1,0,1,0,0,0,0,0,0,0,0,0,0,0,0,1,0,0,1,0,0,0,0,0,0,0,0,0,0,0,0,0,1,0,0,0,0,0
27157b34-40b0-44a3-81ef-072ed9d047c7,1,0,0,0,0,1,0,0,0,0,1,1,1,1,0,0,0,0,0,1,68,1,948,1,0,1,0,0,0,1,0,0,0,0,2,2,0,0,0,1,1,0,0,0,2,0,0,0,0,0,0.0,1,1,0,0,0,1,1,1,1,0,0,0,0,0,1,0,0,0,0,0,0,0,0,0,0,0,0,0,0,0,0,0,0,0,0,0,0,0,0,0,0,0,0,0,0,0,0,0,0,0,0,0,0,0,0,0,0,0,0,0,0,0,0,0,0,0,0,0,0,0,0,0,0,0,0,0,0,0,0,0,0,0,0,0,0,0,0
27614757-e222-4420-b2cf-4d56d5f50128,1,0,0,0,0,1,0,0,0,0,1,1,1,1,0,0,0,0,0,1,92,1,1767,1,0,1,0,0,0,1,0,0,0,0,9,3,1,0,0,1,1,0,0,0,2,0,0,0,0,0,0.0,1,1,0,0,0,1,1,1,1,0,0,0,0,0,1,0,0,0,0,0,0,0,0,0,0,0,0,0,0,0,0,0,0,0,0,0,0,0,0,0,0,0,0,0,0,0,0,0,0,0,0,0,0,0,0,0,0,0,0,0,0,0,0,0,0,0,0,0,0,0,0,0,0,0,0,0,0,0,0,0,0,0,0,0,0,0,0
28298576-b077-4fdf-ae51-db9dd1ea3339,1,1,0,0,0,0,0,0,0,0,1,1,1,1,0,0,0,0,0,1,144,1,1136,1,0,1,0,0,0,1,0,0,0,0,5,2,1,0,0,1,1,0,0,0,2,0,0,0,0,0,0.0,1,1,0,0,0,1,1,1,1,0,0,0,0,0,0,1,1,0,0,0,0,0,0,0,0,1,0,0,0,0,0,0,0,0,0,1,740,1,0,0,0,0,1,7,0,0,0,1,1,1,0,0,0,0,0,0,0,0,0,0,0,0,0,0,0,0,0,0,0,0,0,0,0,0,0,0,0,0,0,0,0,0,0,0,0,0,0
282d33ba-315e-4824-a722-4f31c3c607ad,1,1,0,0,0,0,0,0,0,0,1,1,1,1,0,0,0,0,0,1,104,1,1135,1,0,1,0,0,0,1,0,0,0,0,4,2,1,0,0,1,1,0,0,0,2,0,0,0,0,0,0.0,1,1,0,0,0,1,1,1,1,0,0,0,0,0,1,1,1,0,0,0,0,0,0,0,0,1,0,0,0,0,0,0,0,0,0,1,1420,1,0,0,0,0,1,1,0,0,0,1,1,1,0,1,1,0,0,0,0,0,0,0,0,0,0,0,0,0,0,0,0,0,0,0,0,0,0,0,0,0,0,0,0,0,0,0,0,0,0
284e121a-fe98-46c9-9473-3dfb8069fc41,1,1,0,0,0,0,0,0,0,0,1,1,1,1,0,0,0,0,0,1,65,1,1027,1,0,1,0,0,0,1,0,0,0,0,4,2,1,0,0,1,1,0,0,0,2,0,0,0,0,0,0.0,1,1,0,0,0,1,1,1,1,0,0,0,0,0,0,1,1,0,0,0,0,0,0,0,0,1,0,0,0,0,0,0,0,0,0,1,128,1,0,0,0,0,0,0,0,0,0,1,1,1,0,1,1,0,0,0,0,0,0,0,0,0,1,0,0,0,0,0,0,0,0,0,0,0,0,0,0,0,0,0,0,0,0,0,0,0,0
288ff914-c02a-426b-8802-496016a48c92,1,1,0,0,0,0,0,0,0,0,1,1,1,1,0,0,0,0,0,1,119,1,1414,1,0,1,0,0,0,1,0,0,0,0,3,2,1,0,0,1,1,0,0,0,3,0,0,0,0,0,0.0,1,1,0,0,0,1,1,1,1,0,0,0,0,0,1,2,2,0,0,0,0,0,0,0,0,1,0,0,0,0,0,0,0,0,0,1,624,1,0,0,0,0,1,1,0,0,0,1,1,1,0,1,1,0,0,0,0,0,0,0,0,0,1,0,1,0,0,1,0,0,0,0,0,0,0,0,0,0,0,0,0,1,0,0,0,0,0
28aed72d-24c6-400f-ba79-db0c508236c5,1,0,0,0,0,1,0,0,0,0,1,1,1,1,0,0,0,0,0,1,128,1,561,1,0,1,0,0,0,1,0,0,0,0,5,2,1,0,0,1,1,0,0,0,2,0,0,0,0,0,0.0,1,1,0,0,0,1,1,1,1,0,0,0,0,0,1,1,1,0,0,0,0,0,0,0,0,1,0,0,0,0,0,0,0,0,0,1,383,1,0,0,0,0,0,0,0,0,0,1,1,1,0,0,0,0,0,0,0,0,0,0,0,0,0,0,0,0,0,0,0,0,0,0,0,0,0,0,0,0,0,0,0,0,0,0,0,0,0
291a62cc-f979-4128-ab7f-9e8b93d0dbee,1,1,0,0,0,0,0,0,0,0,1,1,1,1,0,0,0,0,0,1,78,1,1038,1,0,1,0,0,0,1,0,0,0,0,12,3,1,0,0,1,1,0,0,0,3,0,0,0,0,0,0.0,1,0,1,1,0,1,1,1,1,0,0,0,0,0,0,1,1,0,0,0,0,0,0,0,0,1,0,0,0,0,0,0,0,0,0,1,1206,1,0,0,0,0,0,0,0,0,0,1,1,1,0,0,0,0,0,0,0,0,0,0,0,0,0,0,0,0,0,0,0,0,0,0,0,0,0,0,0,0,0,0,0,0,0,0,0,0,0
294f0044-b50f-449d-9f0c-41c95e434a4d,1,0,0,0,0,1,0,0,0,0,1,1,1,1,0,0,0,0,0,1,99,1,267,1,0,1,0,0,0,1,0,0,0,0,3,2,1,0,0,1,1,0,0,0,3,0,0,0,0,0,0.0,1,1,1,1,0,1,1,1,1,0,0,0,0,0,0,1,1,0,0,0,0,0,0,0,0,1,0,0,0,0,0,0,0,0,0,1,277,1,0,0,0,0,0,0,0,0,0,1,1,1,0,1,0,0,0,0,0,1,0,1,0,0,0,0,0,0,0,0,0,0,0,0,0,0,0,0,0,0,0,0,0,0,0,0,0,0,0
29c4101d-1b2f-4c73-851c-2f76f8bad175,1,1,0,0,0,0,0,0,0,0,1,1,1,1,0,0,1,145,0,1,98,1,326,1,0,1,0,0,0,1,0,0,0,0,8,3,1,0,0,1,1,0,0,0,2,0,0,0,0,0,0.0,1,1,0,0,0,1,1,1,1,0,0,0,0,0,1,1,1,0,0,0,0,0,0,0,0,1,0,0,0,0,0,0,0,0,0,1,23,1,0,0,0,0,1,3,0,0,0,1,1,1,0,1,1,0,0,0,0,0,0,0,0,0,0,0,1,0,0,1,0,0,0,0,0,0,0,0,0,0,0,0,0,1,0,0,0,0,0
2a1da15d-dd6b-4940-96b8-6ceaea629a92,1,0,0,0,0,1,0,0,0,0,1,1,1,1,0,0,0,0,0,1,65,1,2731,1,0,1,0,0,0,1,0,0,0,0,2,2,1,0,0,1,1,0,0,0,2,0,0,0,0,0,0.0,1,1,0,0,0,1,1,1,1,0,0,0,0,0,0,1,1,0,0,0,0,0,0,0,0,1,0,0,0,0,0,0,0,0,0,1,47,1,0,0,0,0,1,1,0,0,0,1,1,1,0,1,1,0,0,0,0,0,0,0,0,0,1,0,0,0,0,0,0,0,0,0,0,0,0,0,0,0,0,0,0,0,0,0,0,0,0
2a2b1e3e-39ef-4916-9431-c644dbe43f19,1,0,0,0,0,1,0,0,0,0,1,1,1,1,1,1,0,0,1,1,155,1,2572,1,0,1,0,0,0,1,0,0,0,0,15,3,1,0,0,1,1,0,0,0,3,1,3,0,0,1,0.0,1,0,1,1,0,1,1,1,1,0,0,0,0,0,0,2,2,1,1,1,1,0,0,0,0,1,0,0,0,0,0,0,0,0,0,1,4606,1,1,239,1,0,0,0,1,0,0,1,1,1,1,0,0,1,0,0,1,0,0,0,0,0,1,0,1,0,0,1,0,0,0,0,0,0,0,0,0,0,0,0,0,0,0,1,0,0,0
2a6f5029-36d9-4163-92f4-b2ddd53bf714,1,1,0,0,0,0,0,0,0,0,1,1,1,1,0,0,0,0,0,1,85,1,95,1,0,1,0,0,0,1,0,0,0,0,5,2,1,0,0,1,1,0,0,0,2,0,0,0,0,0,0.0,1,1,1,1,0,1,1,1,1,0,0,0,0,0,0,1,1,0,0,0,0,0,0,0,0,1,0,0,0,0,0,0,0,0,0,1,33,1,0,0,0,0,0,0,0,0,0,1,1,1,0,1,1,0,0,0,0,0,0,0,0,0,1,0,1,0,0,1,0,0,0,0,0,0,0,0,0,0,0,0,0,1,0,0,0,0,0
2ab0135c-d616-4f69-b854-9ccd15408ae4,1,1,0,0,0,0,0,0,0,0,1,1,1,1,0,0,0,0,0,1,161,1,578,1,0,1,0,0,0,1,0,0,0,0,2,2,1,0,0,1,1,0,0,0,2,0,0,0,0,0,0.0,1,1,0,0,0,1,1,1,1,0,0,0,0,0,0,1,1,0,0,0,0,0,0,0,0,1,0,0,0,0,0,0,0,0,0,1,558,1,0,0,0,0,1,10,0,0,0,1,1,1,0,1,1,0,0,0,0,0,0,0,0,0,1,0,1,0,0,1,0,0,0,0,0,0,0,0,0,0,0,0,0,1,0,0,0,0,0
2ac0e3cf-9cae-4f76-a2fc-c10b6143bb16,1,1,0,0,0,0,0,0,0,0,1,1,1,1,0,0,0,0,0,1,95,1,3547,1,0,1,0,0,0,1,0,0,0,0,2,2,1,0,0,1,1,0,0,0,2,0,0,0,0,0,0.0,1,1,0,0,0,1,1,1,1,0,0,0,0,0,0,1,1,0,0,0,0,0,0,0,0,1,0,0,0,0,0,0,0,0,0,1,589,1,0,0,0,0,1,1,0,0,0,1,1,1,1,1,1,0,0,0,0,0,0,0,0,0,1,0,1,0,0,1,0,0,0,0,0,0,0,0,0,0,0,0,0,1,0,0,0,0,0
2adb30d1-236b-4b94-b537-97a98bb1d847,1,1,0,0,0,0,0,0,0,0,1,1,1,1,0,1,0,0,0,1,12,1,172,1,0,1,0,0,0,1,0,0,0,0,13,3,1,0,0,1,1,0,0,0,2,1,4,1,0,0,0.0,1,0,1,1,0,1,1,1,1,0,0,0,0,0,1,4,2,0,1,0,1,0,0,0,0,1,0,0,0,0,0,0,0,0,0,1,2759,1,1,493,0,0,1,2,1,0,0,1,1,1,0,1,1,1,1,0,1,0,0,0,0,0,0,0,1,0,0,1,0,0,0,0,0,0,0,0,0,0,0,0,0,0,0,0,0,0,0
2b492b91-9dd2-45bb-b346-9b395912def6,1,1,0,0,0,0,0,0,0,0,1,1,1,1,0,0,1,189,0,1,72,1,432,1,0,1,0,0,0,1,0,0,0,0,9,3,1,0,0,1,1,0,0,0,3,0,0,0,0,0,0.0,1,1,0,0,0,1,1,1,1,0,0,0,0,0,0,5,2,0,0,0,0,0,0,0,0,1,0,0,0,0,0,0,0,0,0,1,2063,1,0,0,0,0,0,0,0,0,0,1,1,1,0,1,1,0,0,0,0,0,0,0,0,0,0,0,1,0,0,1,0,0,0,0,0,0,0,0,0,0,0,0,0,1,0,0,0,0,1
2b4d650a-bf92-4ee6-8b76-5b2f1c6951db,1,1,0,0,0,0,0,0,0,0,1,1,1,1,0,1,0,0,0,1,20,1,752,1,0,1,0,0,0,1,0,0,0,0,7,3,1,0,0,1,1,0,0,0,2,1,1,1,0,1,4000.0,1,1,0,0,0,1,1,1,1,0,0,0,0,0,1,1,1,0,1,0,1,0,0,0,0,1,0,0,0,0,0,0,0,0,0,1,342,1,0,0,0,0,1,1,0,0,0,1,1,1,1,1,0,1,1,0,0,0,0,0,0,0,1,0,1,0,0,1,0,0,0,0,0,0,0,0,0,0,0,0,0,1,0,0,0,0,0
2b771cab-28de-4a8c-a7b2-cf5a416b4102,1,0,0,0,0,1,0,0,0,0,1,1,1,1,0,0,0,0,0,1,30,1,5594,1,0,1,0,0,0,1,0,0,0,0,4,2,1,0,0,1,1,0,0,0,2,0,0,0,0,0,0.0,1,0,1,1,0,1,1,1,1,0,0,0,0,0,1,1,1,0,0,0,0,0,0,0,0,1,0,0,0,0,0,0,0,0,0,1,5597,1,0,0,0,0,1,1,0,0,0,1,1,1,0,1,0,0,0,0,0,0,0,0,0,0,0,0,1,0,0,1,0,0,0,0,0,0,0,0,0,0,0,0,0,1,0,0,0,0,0
2c92abb4-9c40-4579-90b4-a2e6466e3ec7,1,0,0,0,0,1,0,0,0,0,1,1,1,1,0,0,0,0,0,1,208,1,954,1,0,1,0,0,0,1,0,0,0,0,2,2,1,0,0,1,1,0,0,0,2,0,0,0,0,0,0.0,1,0,1,1,0,1,1,1,1,0,0,0,0,0,0,1,1,0,0,0,0,0,0,0,0,1,0,0,0,0,0,0,0,0,0,1,61,1,0,0,0,0,0,0,0,0,0,1,1,1,0,1,1,0,0,0,0,0,0,0,0,0,0,0,1,0,0,1,0,0,0,0,0,0,0,0,0,0,0,0,0,0,0,0,0,0,1
2cb2f534-155b-4644-bf35-3aab3380d337,1,1,0,0,0,0,0,0,0,0,0,1,1,1,0,0,0,0,0,1,208,1,1183,1,0,1,0,0,0,1,0,0,0,0,6,3,1,0,0,1,1,0,0,0,2,0,0,0,0,0,0.0,1,1,0,0,0,1,1,1,1,0,0,0,0,0,1,0,0,0,0,0,0,0,0,0,0,0,0,0,0,0,0,0,0,0,0,0,0,0,0,0,0,0,0,0,0,0,0,0,0,0,0,0,0,0,0,0,0,0,0,0,0,0,0,0,0,0,0,0,0,0,0,0,0,0,0,0,0,0,0,0,0,0,0,0,0,0,0
2cb921f5-0028-4e47-a593-867b592590d5,1,0,0,0,0,1,0,0,0,0,1,1,1,1,0,1,0,0,0,1,12,1,208,1,0,1,0,0,0,1,0,0,0,0,14,3,1,0,0,1,1,0,0,0,2,1,3,1,0,0,0.0,1,0,1,1,0,1,1,1,1,0,0,0,0,0,1,3,2,0,1,0,1,0,0,0,0,1,0,0,0,0,0,0,0,0,0,1,2201,1,1,284,0,0,1,2,1,0,0,1,1,1,0,1,1,1,1,0,1,0,0,0,0,0,0,0,1,0,0,1,0,0,0,0,0,0,0,0,0,0,0,0,0,1,0,0,0,0,0
2cee2c5d-63ed-4993-97e0-bb42e09b7bf2,1,1,0,0,0,0,0,0,0,0,1,1,1,1,0,0,0,0,0,1,57,1,105,1,0,1,0,0,0,1,0,0,0,0,6,3,1,0,0,1,1,0,0,0,2,0,0,0,0,0,0.0,1,1,0,0,0,1,1,1,1,0,0,0,0,0,0,1,1,0,0,0,0,0,0,0,0,1,0,0,0,0,0,0,0,0,0,1,612,1,0,0,0,0,0,0,0,0,0,1,1,1,0,1,1,0,0,0,0,0,0,0,0,0,0,0,1,0,0,1,0,0,0,0,0,0,0,0,0,0,0,0,0,1,0,0,0,0,0
2d11c771-231e-4616-af02-fea79a97f1c7,1,0,0,0,0,1,0,0,0,0,1,1,1,1,0,0,0,0,0,1,45,1,76,1,0,1,0,0,0,1,0,0,0,0,2,2,1,0,0,1,1,0,0,0,2,0,0,0,0,0,0.0,1,1,0,0,0,1,1,1,1,0,0,0,0,0,0,1,1,0,0,0,0,0,0,0,0,1,0,0,0,0,0,0,0,0,0,1,117,1,0,0,0,0,0,0,0,0,0,1,1,1,0,1,1,0,0,0,0,0,0,0,0,0,0,0,1,0,0,1,0,0,0,0,0,0,0,0,0,0,0,0,0,1,0,0,0,0,0
2d25fda4-fd85-420f-8529-2b627ccf025d,1,1,0,0,0,0,0,0,0,0,1,1,1,1,0,0,0,0,0,1,110,1,1513,1,0,1,0,0,0,1,0,0,0,0,3,2,1,0,0,1,1,0,0,0,2,0,0,0,0,0,0.0,1,1,1,1,0,1,1,1,1,0,0,0,0,0,1,2,2,0,0,0,0,0,0,0,0,1,0,0,0,0,0,0,0,0,0,1,288,1,0,0,0,0,0,0,0,0,0,1,1,1,0,1,0,0,0,0,0,0,0,0,0,0,0,0,1,0,0,1,0,0,0,0,0,0,0,0,0,0,0,0,0,1,0,0,0,0,0
2dcaab07-af8d-4ce1-97cc-e66fab773946,1,1,0,0,0,0,0,0,0,0,1,1,1,1,0,1,0,0,0,1,20,1,826,1,0,1,0,0,0,1,0,0,0,0,7,3,0,0,0,1,0,0,0,0,1,1,6,1,0,0,0.0,1,0,1,1,0,1,1,1,1,0,0,0,0,0,0,7,3,1,1,1,1,0,0,0,0,1,0,0,0,0,0,0,0,0,0,1,3442,1,1,13,1,0,1,5,1,0,0,1,1,1,1,0,0,1,1,1,0,0,0,0,0,0,1,0,1,0,0,1,0,0,0,0,0,0,0,0,0,0,0,0,0,1,0,0,0,0,0
2e1ef50c-5692-4f3e-bd00-5d9b1cac22f6,1,1,0,0,0,0,0,0,0,0,1,1,1,1,0,0,0,0,0,1,143,1,767,1,0,1,0,0,0,1,0,0,0,0,2,2,1,0,0,1,1,0,0,0,2,0,0,0,0,0,0.0,1,1,0,0,0,1,1,1,1,0,0,0,0,0,1,1,1,0,0,0,0,0,0,0,0,1,0,0,0,0,0,0,0,0,0,1,1676,1,0,0,0,0,0,0,0,0,0,1,1,1,0,1,1,0,0,0,0,0,0,0,0,0,1,0,1,0,0,1,0,0,0,0,0,0,0,0,0,0,0,0,0,1,0,0,0,0,0
2e26f005-955f-403b-805f-ad606ce5da68,1,0,0,0,0,1,0,0,0,0,1,1,1,1,0,0,0,0,0,1,92,1,2103,1,0,1,0,0,0,1,0,0,0,0,9,3,1,0,0,1,1,0,0,0,2,0,0,0,0,0,0.0,1,1,0,0,0,1,1,1,1,0,0,0,0,0,1,0,0,0,0,0,0,0,0,0,0,0,0,0,0,0,0,0,0,0,0,0,0,0,0,0,0,0,0,0,0,0,0,0,0,0,0,0,0,0,0,0,0,0,0,0,0,0,0,0,0,0,0,0,0,0,0,0,0,0,0,0,0,0,0,0,0,0,0,0,0,0,0
2e32b0ce-f55f-4160-93ed-538d4631c5c6,1,1,0,0,0,0,0,0,0,0,1,1,1,1,0,1,0,0,0,1,30,1,502,1,0,1,0,0,0,1,0,0,0,0,8,3,1,0,0,1,1,0,0,0,2,1,4,1,0,0,800.0,1,0,1,1,0,1,1,1,1,0,0,0,0,0,0,4,2,0,1,0,1,0,0,0,0,1,0,0,0,0,0,0,0,0,0,1,1238,1,1,159,1,0,0,0,0,0,0,1,1,1,1,1,0,1,1,0,0,0,0,0,0,0,1,0,1,0,0,1,0,0,0,0,0,0,0,0,0,0,0,0,0,1,0,0,0,0,0
2f2d77b0-debf-4410-a379-106f24805f67,1,1,0,0,0,0,0,0,0,0,1,1,1,1,0,0,1,451,0,1,141,1,1789,1,0,1,0,0,0,1,0,0,0,0,3,2,1,0,0,1,1,0,0,0,2,0,0,0,0,0,0.0,1,1,0,0,0,1,1,1,1,0,0,0,0,0,0,1,1,0,0,0,0,1,0,0,0,0,0,0,0,0,0,0,0,0,0,1,1333,1,0,0,0,0,1,6,0,0,0,1,1,1,0,1,0,0,0,0,0,1,0,1,0,0,0,0,1,0,0,1,0,0,0,0,0,0,0,0,0,0,0,0,0,1,0,0,0,0,0
2f3baf93-eca1-4c77-a562-49f06d2c7fff,1,1,0,0,0,0,0,0,0,0,1,1,1,1,0,0,0,0,0,1,158,1,710,1,0,1,0,0,0,1,0,0,0,0,5,2,1,0,0,1,1,0,0,0,2,0,0,0,0,0,0.0,1,0,1,1,0,1,1,1,1,0,0,0,0,0,1,1,1,0,0,0,0,0,0,0,0,1,0,0,0,0,0,0,0,0,0,1,423,1,0,0,0,0,0,0,0,0,0,1,1,1,0,1,1,0,0,0,0,0,0,0,0,0,0,0,0,0,0,0,0,0,0,0,0,0,0,0,0,0,0,0,0,0,0,0,0,0,0
3014d15b-04d1-4e76-ba91-339ad8fb6986,1,1,0,0,0,0,0,0,0,0,1,1,1,1,0,1,0,0,0,1,24,1,482,1,0,1,0,0,0,1,0,0,0,0,5,2,1,0,0,1,1,0,0,0,2,1,1,1,0,0,0.0,1,1,1,1,0,1,1,1,1,0,0,0,0,0,0,1,1,0,1,0,1,0,0,0,0,1,0,0,0,0,0,0,0,0,0,1,129,1,0,0,1,0,0,0,0,0,0,1,1,1,1,1,0,1,1,0,0,0,0,0,0,0,1,0,1,0,0,1,0,0,0,0,0,0,0,0,0,0,0,0,0,1,0,0,0,0,0
3076e8ac-f6e5-4b5d-9ef9-7396c6372f2c,1,1,0,0,0,0,0,0,0,0,1,1,1,1,0,0,0,0,0,1,170,1,542,1,0,1,0,0,0,1,0,0,0,0,11,3,1,0,0,1,1,0,0,0,2,0,0,0,0,0,0.0,1,1,0,0,0,1,1,1,1,0,0,0,0,0,1,1,1,0,0,0,0,0,0,0,0,1,0,0,0,0,0,0,0,0,0,1,711,1,0,0,0,0,1,5,0,0,0,1,1,1,0,1,1,0,0,0,0,0,0,0,0,0,0,0,1,0,0,1,0,0,0,0,0,0,0,0,0,0,0,0,0,1,0,0,0,0,0
30df1ce9-5077-4f28-bfdc-31902af8d910,1,0,0,0,0,1,0,0,0,0,1,1,1,1,0,0,0,0,0,1,57,1,2380,1,0,1,0,0,0,1,0,0,0,0,5,2,1,0,0,1,1,0,0,0,2,1,1,1,0,0,0.0,1,0,1,1,0,1,1,1,1,0,0,0,0,0,0,1,1,0,0,0,1,0,0,0,0,1,0,0,0,0,0,0,0,0,0,1,683,1,0,0,0,0,0,0,0,0,0,1,1,1,0,0,0,1,0,0,1,0,0,0,0,0,0,0,1,0,0,1,0,0,0,0,0,0,0,0,0,0,0,0,0,0,0,1,0,0,0
31005bf6-93c1-467e-81d3-c1f89a537ae5,1,1,0,0,0,0,0,0,0,0,1,1,1,1,0,0,0,0,0,1,147,1,2060,1,0,1,0,0,0,1,0,0,0,0,4,2,1,0,0,1,1,0,0,0,2,0,0,0,0,0,0.0,1,1,0,0,0,1,1,1,1,0,0,0,0,0,0,2,2,0,0,0,0,0,0,0,0,1,0,0,0,0,0,0,0,0,0,1,208,1,0,0,0,0,0,0,0,0,0,1,1,1,0,1,1,0,0,0,0,0,0,0,0,0,0,0,1,0,0,1,0,0,0,0,0,0,0,0,0,0,0,0,0,1,0,0,0,0,0
314d785d-7318-45f3-9729-574980c70365,1,1,0,0,0,0,0,0,0,0,1,1,1,1,0,0,0,0,0,1,81,1,1006,1,0,1,0,0,0,1,0,0,0,0,4,2,1,0,0,1,1,0,0,0,2,0,0,0,0,0,0.0,1,1,0,0,0,1,1,1,1,0,0,0,0,0,1,1,1,0,0,0,0,0,0,0,0,1,0,0,0,0,0,0,0,0,0,1,705,1,0,0,0,0,0,0,0,0,0,1,1,1,0,1,0,0,0,0,0,0,0,0,0,0,0,0,1,0,0,1,0,0,0,0,0,0,0,0,0,0,0,0,0,1,0,0,0,0,0
31b36357-23f9-4439-9ef6-a2291d1b3e26,1,0,0,0,0,1,0,0,0,0,1,1,1,1,0,0,0,0,0,1,18,1,1532,1,0,1,0,0,0,1,0,0,0,0,6,3,1,0,0,1,1,0,0,0,2,0,0,0,0,0,0.0,1,1,0,0,0,1,1,1,1,0,0,0,0,0,0,4,2,0,0,0,0,0,0,0,0,1,0,0,0,0,0,0,0,0,0,1,1982,1,0,0,0,0,0,0,0,0,0,1,1,1,1,0,0,0,0,0,0,0,0,0,0,0,0,0,0,0,0,0,0,0,0,0,0,0,0,0,0,0,0,0,0,0,0,0,0,0,0
328c1298-d492-449f-9f5a-6a2d0b085768,1,0,0,0,0,1,0,0,0,0,1,1,1,1,0,1,0,0,0,1,42,1,929,1,0,1,0,0,0,1,0,0,0,0,19,3,1,0,0,1,1,0,0,0,3,1,2,1,0,0,0.0,1,0,1,1,0,1,1,1,1,0,0,0,0,0,0,2,2,0,1,0,1,0,0,0,0,1,0,0,0,0,0,0,0,0,0,1,1146,1,0,0,0,0,1,8,1,0,0,1,1,1,1,1,0,1,1,0,0,0,0,0,0,0,0,0,1,0,0,1,0,0,0,0,0,0,0,0,0,0,0,0,0,1,0,0,0,0,0
32fc0e35-bbc0-484d-af34-0d2ccb6ded96,1,1,0,0,0,0,0,0,0,0,1,1,1,1,0,0,0,0,0,1,104,1,1135,1,0,1,0,0,0,1,0,0,0,0,4,2,1,0,0,1,1,0,0,0,2,0,0,0,0,0,0.0,1,1,0,0,0,1,1,1,1,0,0,0,0,0,1,1,1,0,0,0,0,0,0,0,0,1,0,0,0,0,0,0,0,0,0,1,1420,1,0,0,0,0,1,1,0,0,0,1,1,1,0,1,1,0,0,0,0,0,0,0,0,0,0,0,0,0,0,0,0,0,0,0,0,0,0,0,0,0,0,0,0,0,0,0,0,0,0
346ee737-50d7-4793-8691-1172dda170dd,1,1,0,0,0,0,0,0,0,0,0,1,1,1,0,0,1,43,0,1,16,1,2878,1,0,1,0,0,0,1,0,0,0,0,5,2,1,0,0,1,1,0,0,0,2,0,0,0,0,0,0.0,1,1,0,0,0,1,1,1,1,0,0,0,0,0,0,4,2,0,0,0,0,0,0,0,0,1,0,0,0,0,0,0,0,0,0,1,934,1,0,0,0,0,1,17,0,0,0,1,1,1,0,1,1,0,0,0,0,0,0,0,0,0,0,0,1,0,0,1,0,0,0,0,0,0,0,0,0,0,0,0,0,1,0,0,0,0,0
347b18a6-dc37-4581-89be-95bf430195d9,1,1,0,0,0,0,0,0,0,0,1,1,1,1,0,0,0,0,0,1,86,1,2404,1,0,1,0,0,0,1,0,0,0,0,3,2,1,0,0,1,1,0,0,0,2,0,0,0,0,0,0.0,1,1,0,0,0,1,1,1,1,0,0,0,0,0,1,3,2,0,0,0,0,0,0,0,0,1,0,0,0,0,0,0,0,0,0,1,3242,1,0,0,0,0,0,0,0,0,0,1,1,1,0,1,1,0,0,0,0,0,0,0,0,0,1,0,1,0,0,1,0,0,0,0,0,0,0,0,0,0,0,0,0,1,0,0,0,0,0
34957d6c-66ec-40c1-8aab-11f113318a71,1,1,0,0,0,0,0,0,0,0,1,1,1,1,0,0,0,0,0,1,118,1,203,1,0,1,0,0,0,1,0,0,0,0,7,3,1,0,0,1,1,0,0,0,2,0,0,0,0,0,0.0,1,0,1,1,0,1,1,1,1,0,0,0,0,0,0,1,1,0,0,0,0,0,0,0,0,1,0,0,0,0,0,0,0,0,0,1,201,1,0,0,0,0,0,0,0,0,0,1,1,1,0,1,1,0,0,0,0,0,0,0,0,0,1,0,1,0,0,1,0,0,0,0,0,0,0,0,0,0,0,0,0,1,0,0,0,0,0
34b13bfb-1cc7-411d-9101-645d4c3903a5,1,1,0,0,0,0,0,0,0,0,1,1,1,1,0,0,0,0,0,1,26,1,1744,1,0,1,0,0,0,1,0,0,0,0,19,3,1,0,0,1,1,0,0,0,2,0,0,0,0,0,0.0,1,0,1,1,0,1,1,1,1,0,0,0,0,0,0,1,1,0,0,0,0,0,0,0,0,1,0,0,0,0,0,0,0,0,0,1,371,1,0,0,0,0,0,0,0,0,0,1,1,1,0,0,0,0,0,0,0,0,0,0,0,0,0,0,0,0,0,0,0,0,0,0,0,0,0,0,0,0,0,0,0,0,0,0,0,0,0
351bd5d3-971b-406b-a8ed-c61884ea649e,1,0,0,0,0,1,0,0,0,0,1,1,1,1,0,0,0,0,0,1,42,1,7,1,0,1,0,0,0,1,0,0,0,0,1,1,0,0,0,1,0,0,0,0,1,0,0,0,0,0,0.0,1,1,0,0,0,1,1,1,1,0,0,0,0,0,0,0,0,0,0,0,0,0,0,0,0,0,0,0,0,0,0,0,0,0,0,0,0,0,0,0,0,0,0,0,0,0,0,0,0,0,0,0,0,0,0,0,0,0,0,0,0,0,0,0,0,0,0,0,0,0,0,0,0,0,0,0,0,0,0,0,0,0,0,0,0,0,0
35675448-4205-40bc-83cb-8bc10454f876,1,1,0,0,0,0,0,0,0,0,1,1,1,1,0,0,0,0,0,1,48,1,89,1,0,1,0,0,0,1,0,0,0,0,10,3,1,0,0,1,1,0,0,0,2,0,0,0,0,0,0.0,1,1,1,1,0,1,1,1,1,0,0,0,0,0,0,3,2,0,0,0,0,0,0,0,0,1,0,0,0,0,0,0,0,0,0,1,1160,1,0,0,0,0,0,0,0,0,0,1,1,1,1,1,1,0,0,0,0,0,0,0,0,0,0,0,1,0,0,1,0,0,0,0,0,0,0,0,0,0,0,0,0,1,0,0,0,0,0
35c20f3b-5237-41b1-acf5-f5b44af562dd,1,1,0,0,0,0,0,0,0,0,1,1,1,1,0,0,0,0,0,1,30,1,1169,1,0,1,0,0,0,1,0,0,0,0,2,2,0,0,0,1,0,0,0,0,1,1,1,1,0,1,5000.0,1,0,1,1,0,1,1,1,1,0,0,0,0,0,0,1,1,0,1,1,1,0,0,0,0,1,0,0,0,0,0,0,0,0,0,1,387,1,1,25,1,0,1,4,1,0,0,1,1,1,0,1,0,1,1,0,0,0,0,0,0,0,1,0,1,0,0,1,0,0,0,0,0,0,0,0,0,0,0,0,0,1,0,0,0,0,0
363b73e1-504e-4e70-8bb0-a0b67951deed,1,0,0,0,0,1,0,0,0,0,1,1,1,1,0,0,0,0,0,1,127,1,562,1,0,1,0,0,0,1,0,0,0,0,4,2,1,0,0,1,1,0,0,0,2,0,0,0,0,0,0.0,1,1,0,0,0,1,1,1,1,0,0,0,0,0,1,1,1,0,0,0,0,0,0,0,0,1,0,0,0,0,0,0,0,0,0,1,935,1,0,0,0,0,0,0,0,0,0,1,1,1,0,1,0,0,0,0,0,0,0,0,0,0,0,0,1,0,0,1,0,0,0,0,0,0,0,0,0,0,0,0,0,1,0,0,0,0,0
36baec92-6f49-4716-8bfb-649b9a448c43,1,1,0,0,0,0,0,0,0,0,1,1,1,1,0,0,0,0,0,1,102,1,1609,1,0,1,0,0,0,1,0,0,0,0,8,3,1,0,0,1,1,0,0,0,2,0,0,0,0,0,0.0,1,1,0,0,0,1,1,1,1,0,0,0,0,0,0,1,1,0,0,0,0,0,0,0,0,1,0,0,0,0,0,0,0,0,0,0,0,1,0,0,1,0,0,0,1,0,0,1,1,1,0,1,0,0,0,0,0,1,0,1,0,0,0,0,1,0,0,1,0,0,0,0,0,0,0,0,0,0,0,0,0,1,0,0,0,0,0
3733ed95-5de5-4a97-a1f3-00c809155625,1,1,0,0,0,0,0,0,0,0,1,1,1,1,0,1,0,0,0,1,126,1,1918,1,0,1,0,0,0,1,0,0,0,0,14,3,1,0,0,1,1,0,0,0,2,1,6,1,0,1,5001.0,1,1,1,1,0,1,1,1,1,0,0,0,0,0,1,7,3,0,1,1,1,0,0,0,0,1,0,0,0,0,0,0,0,0,0,1,2251,1,1,189,1,0,1,31,1,0,0,1,1,1,1,1,1,1,1,1,1,1,0,1,0,0,1,0,1,0,0,1,0,0,0,0,0,0,0,0,0,0,0,0,0,1,0,1,0,0,0
375ee4ad-c3c4-4f67-b253-7e7024251236,1,1,0,0,0,0,0,0,0,0,1,1,1,1,0,0,0,0,0,1,133,1,360,1,0,1,0,0,0,1,0,0,0,0,2,2,1,0,0,1,1,0,0,0,2,0,0,0,0,0,0.0,1,1,0,0,0,1,1,1,1,0,0,0,0,0,0,1,1,0,0,0,0,0,0,0,0,1,0,0,0,0,0,0,0,0,0,0,0,1,0,0,0,0,1,1,0,0,0,1,1,1,0,1,1,0,0,0,0,0,0,0,0,0,1,0,1,0,0,1,0,0,0,0,0,0,0,0,0,0,0,0,0,1,0,0,0,0,0
37b5f4f1-87ee-4f47-a468-8849d87b98cb,1,1,0,0,0,0,0,0,0,0,1,1,1,1,0,1,0,0,0,1,21,1,356,1,0,1,0,0,0,1,0,0,0,0,4,2,1,0,0,1,1,0,0,0,2,1,3,1,0,0,0.0,1,1,1,1,0,1,1,1,1,0,0,0,0,0,0,3,2,0,1,0,1,0,0,0,0,1,0,0,0,0,0,0,0,0,0,1,344,1,1,54,1,0,1,16,0,0,0,1,1,1,0,1,0,1,1,1,0,0,0,0,0,0,1,0,1,0,0,1,0,0,0,0,0,0,0,0,0,0,0,0,0,1,0,0,0,0,0
38bbd376-7568-44f9-a1ef-2267138fabe1,1,0,0,0,0,1,0,0,0,0,1,1,1,1,0,0,0,0,0,1,12,1,109,1,0,1,0,0,0,1,0,0,0,0,1,1,0,0,0,1,0,0,0,0,1,0,0,0,0,0,0.0,1,0,0,0,0,1,1,1,1,0,0,0,0,0,1,1,1,0,0,0,0,0,0,0,0,1,0,0,0,0,0,0,0,0,0,1,1595,1,0,0,0,0,0,0,0,0,0,1,1,1,0,1,0,0,0,0,0,0,0,0,0,0,1,0,0,0,0,0,0,0,0,0,0,0,0,0,0,0,0,0,0,0,0,0,0,0,0
38e1ea87-1671-4508-bdc8-f71052148b53,1,1,0,0,0,0,0,0,0,0,1,1,1,1,0,0,1,56,0,1,37,1,875,1,0,1,0,0,0,1,0,0,0,0,2,2,0,0,0,1,1,0,0,0,2,0,0,0,0,0,0.0,1,1,0,0,0,1,1,1,1,0,0,0,0,0,0,1,1,0,0,0,0,0,0,0,0,1,0,0,0,0,0,0,0,0,0,1,241,1,0,0,0,0,0,0,0,0,0,1,1,1,0,1,1,0,0,0,0,0,0,0,0,0,0,0,1,0,0,1,0,0,0,0,0,0,0,0,0,0,0,0,0,1,0,0,0,0,0
39536b0f-8443-45c5-a4cd-875c15aeed37,1,0,0,0,0,1,0,0,0,0,1,1,1,1,0,0,0,0,0,1,31,1,2062,1,0,1,0,0,0,1,0,0,0,0,2,2,1,0,0,1,1,0,0,0,2,0,0,0,0,0,0.0,1,1,1,1,0,1,1,1,1,0,0,0,0,0,0,1,1,0,0,0,0,0,0,0,0,1,0,0,0,0,0,0,0,0,0,1,212,1,0,0,0,0,0,0,0,0,0,1,1,1,0,0,0,0,0,0,0,0,0,0,0,0,0,0,0,0,0,0,0,0,0,0,0,0,0,0,0,0,0,0,0,0,0,0,0,0,0
399501e3-c66d-4af2-9221-90e09e37813a,1,0,0,0,0,1,0,0,0,0,1,1,1,1,0,0,0,0,0,1,150,1,432,1,0,1,0,0,0,1,0,0,0,0,2,2,1,0,0,1,1,0,0,0,2,0,0,0,0,0,0.0,1,1,0,0,0,1,1,1,1,0,0,0,0,0,1,1,1,0,0,0,0,0,0,0,0,1,0,0,0,0,0,0,0,0,0,1,384,1,0,0,0,0,0,0,0,0,0,1,1,1,0,1,0,0,0,0,0,0,0,0,0,0,0,0,1,0,0,1,0,0,0,0,0,0,0,0,0,0,0,0,0,1,0,0,0,0,0
39a8d4d3-c561-462a-b537-95536d18aa43,1,0,0,0,0,1,0,0,0,0,0,1,1,1,0,0,0,0,0,1,110,1,390,1,0,1,0,0,0,1,0,0,0,0,4,2,1,0,0,1,1,0,0,0,2,0,0,0,0,0,0.0,1,1,0,0,0,1,1,1,1,0,0,0,0,0,1,1,1,0,0,0,0,0,0,0,0,1,0,0,0,0,0,0,0,0,0,1,208,1,0,0,0,0,1,7,0,0,0,1,1,1,0,1,0,0,0,0,0,1,0,1,0,0,0,0,1,0,0,1,0,0,0,0,0,0,0,0,0,0,0,0,0,1,0,0,0,0,0
39bdf2e2-cf99-48a5-a2dd-311951a6f617,1,1,0,0,0,0,0,0,0,0,1,1,1,1,0,0,0,0,0,1,81,1,1003,1,0,1,0,0,0,1,0,0,0,0,1,1,0,0,0,1,0,0,0,0,1,0,0,0,0,0,0.0,1,1,0,0,0,1,1,1,1,0,0,0,0,0,0,3,2,0,0,0,0,0,0,0,0,1,0,0,0,0,0,0,0,0,0,1,259,1,0,0,0,0,1,1,0,0,0,1,1,1,0,1,1,0,0,0,0,0,0,0,0,0,0,0,0,0,0,0,0,0,0,0,0,0,0,0,0,0,0,0,0,0,0,0,0,0,0
3a5127a4-51e8-4e8d-884f-d1f195dffe81,1,0,0,0,0,1,0,0,0,0,1,1,1,1,0,1,0,0,0,1,52,1,77,1,0,1,0,0,0,1,0,0,0,0,6,3,1,0,0,1,1,0,0,0,2,1,6,1,0,1,0.0,1,1,1,1,0,1,1,1,1,0,0,0,0,0,0,6,3,0,1,0,1,0,0,0,0,1,0,0,0,0,0,0,0,0,0,1,1900,1,1,244,1,0,0,0,1,0,0,1,1,1,1,1,0,1,1,0,0,0,0,0,0,0,1,0,1,0,0,1,0,0,0,0,0,0,0,0,0,0,0,0,0,1,0,0,0,0,0
3a714a76-738b-49bc-a026-fec692d66275,1,0,0,0,0,1,0,0,0,0,0,1,1,1,0,0,0,0,0,1,125,1,349,1,0,1,0,0,0,1,0,0,0,0,2,2,1,0,0,1,1,0,0,0,2,0,0,0,0,0,0.0,1,1,0,0,0,1,1,1,1,0,0,0,0,0,0,1,1,0,0,0,0,0,0,0,0,1,0,0,0,0,0,0,0,0,0,1,349,1,0,0,0,0,1,1,0,0,0,1,1,1,1,1,0,0,0,0,0,0,0,0,0,0,0,0,1,0,0,1,0,0,0,0,0,0,0,0,0,0,0,0,0,1,0,0,0,0,0
3a7172b2-a22d-45ad-9a15-6a445244ba72,1,0,0,0,0,1,0,0,0,0,1,1,1,1,0,1,0,0,0,1,29,1,536,1,0,1,0,0,0,1,0,0,0,0,17,3,0,0,0,1,0,0,0,0,2,1,7,1,0,1,50.0,1,0,1,1,0,1,1,1,1,0,0,0,0,0,1,7,3,1,1,1,1,0,0,0,0,1,0,0,0,0,0,0,0,0,0,1,5353,1,1,523,1,0,0,0,1,0,0,1,1,1,0,0,0,1,1,0,1,0,0,0,0,0,1,0,1,0,0,1,0,0,0,0,0,0,0,0,0,0,0,0,0,1,0,1,0,0,0
3aa0dc55-c653-49db-a3b3-3463510f26af,1,1,0,0,0,0,0,0,0,0,1,1,1,1,0,1,0,0,0,1,57,1,1818,1,0,1,0,0,0,1,0,0,0,0,10,3,1,0,0,1,1,0,0,0,3,1,26,1,0,1,0.0,1,1,1,1,0,1,1,1,1,0,0,0,0,0,0,26,3,0,1,0,1,0,0,0,0,1,0,0,0,0,0,0,0,0,0,1,19129,1,0,0,1,0,1,5,0,0,0,1,1,1,1,1,1,1,1,0,0,0,0,0,0,0,0,0,1,0,0,1,0,0,0,0,0,0,0,0,0,0,0,0,0,1,0,0,0,0,0
3ac8a1cd-5bb5-42c6-8687-db6992f9ebb7,1,0,0,0,0,1,0,0,0,0,1,1,1,1,0,0,0,0,0,1,96,1,450,1,0,1,0,0,0,1,0,0,0,0,2,2,1,0,0,1,1,0,0,0,2,0,0,0,0,0,0.0,1,1,0,0,0,1,1,1,1,0,0,0,0,0,0,1,1,0,0,0,0,0,0,0,0,1,0,0,0,0,0,0,0,0,0,1,389,1,0,0,0,0,0,0,0,0,0,1,1,1,0,1,0,0,0,0,0,0,0,0,0,0,1,0,0,0,0,0,0,0,0,0,0,0,0,0,0,0,0,0,0,0,0,0,0,0,0
3b15f49d-0c2c-49ef-b78c-e531b33ad8c3,1,0,0,0,0,1,0,0,0,0,1,1,1,1,0,0,1,1218,0,1,106,1,374,1,0,1,0,0,0,1,0,0,0,0,8,3,0,0,0,1,1,0,0,0,2,0,0,0,0,0,0.0,1,1,0,0,0,1,1,1,1,0,0,0,0,0,0,1,1,0,0,0,0,1,0,0,0,0,0,0,0,0,0,0,0,0,0,1,2371,1,0,0,0,0,1,13,0,0,0,1,1,1,0,1,1,0,0,0,0,0,0,0,0,0,1,0,1,0,0,1,0,0,0,0,0,0,0,0,0,0,0,0,0,1,0,0,0,0,0
3bb2b778-5306-419e-a3ba-0fbaf19e84a8,1,1,0,0,0,0,0,0,0,0,1,1,1,1,0,0,0,0,0,1,63,1,500,1,0,1,0,0,0,1,0,0,0,0,4,2,1,0,0,1,1,0,0,0,2,0,0,0,0,0,0.0,1,1,0,0,0,1,1,1,1,0,0,0,0,0,0,1,1,0,0,0,0,0,0,0,0,1,0,0,0,0,0,0,0,0,0,1,156,1,0,0,0,0,1,5,0,0,0,1,1,1,0,1,1,0,0,0,0,0,0,0,0,0,0,0,0,0,0,0,0,0,0,0,0,0,0,0,0,0,0,0,0,0,0,0,0,0,0
3bc81f73-b0a0-463e-8e21-485fddd79243,1,1,0,0,0,0,0,0,0,0,1,1,1,1,0,1,0,0,0,1,57,1,1818,1,0,1,0,0,0,1,0,0,0,0,8,3,1,0,0,1,1,0,0,0,3,1,4,1,0,1,0.0,1,1,1,1,0,1,1,1,1,0,0,0,0,0,0,4,2,0,1,0,1,0,0,0,0,1,0,0,0,0,0,0,0,0,0,1,1072,1,0,0,1,0,0,0,0,0,0,1,1,1,0,0,0,1,1,0,0,0,0,0,0,0,0,0,1,0,0,1,0,0,0,0,0,0,0,0,0,0,0,0,0,1,0,0,0,0,0
3bce5e79-5dbc-4096-9256-b8ce357d7dcf,1,0,0,0,0,1,0,0,0,0,1,1,1,1,0,1,0,0,0,1,36,1,398,1,0,1,0,0,0,1,0,0,0,0,3,2,1,0,0,1,1,0,0,0,3,1,4,1,0,1,12000.0,1,0,1,1,0,1,1,1,1,0,0,0,0,0,1,4,2,1,1,0,1,0,0,0,0,1,0,0,0,0,0,0,0,0,0,1,2527,1,1,219,1,0,1,1,0,0,0,1,1,1,0,1,0,1,1,0,1,0,0,0,0,0,1,0,1,0,0,1,0,0,0,0,0,0,0,0,0,0,0,0,0,1,0,0,0,0,0
3c432f87-e27b-4952-b075-021d2d856d48,1,1,0,0,0,0,0,0,0,0,1,1,1,1,0,0,0,0,0,1,150,1,399,1,0,1,0,0,0,1,0,0,0,0,2,2,1,0,0,1,1,0,0,0,2,0,0,0,0,0,0.0,1,1,0,0,0,1,1,1,1,0,0,0,0,0,0,1,1,0,0,0,0,0,0,0,0,1,0,0,0,0,0,0,0,0,0,1,358,1,0,0,0,0,0,0,0,0,0,1,1,1,0,1,0,0,0,0,0,0,0,0,0,0,1,0,0,0,0,0,0,0,0,0,0,0,0,0,0,0,0,0,0,0,0,0,0,0,0
3cb5e810-6b03-44a3-a302-f81f0432c62c,1,0,0,0,0,1,0,0,0,0,0,1,1,1,0,0,0,0,0,1,15,1,101,1,0,1,0,0,0,1,0,0,0,0,2,2,1,0,0,1,1,0,0,0,2,0,0,0,0,0,0.0,1,1,0,0,0,1,1,1,1,0,0,0,0,0,0,1,1,0,0,0,0,0,0,0,0,1,0,0,0,0,0,0,0,0,0,0,0,1,0,0,0,0,0,0,0,0,0,1,1,1,0,0,0,0,0,0,0,0,0,0,0,0,0,0,0,0,0,0,0,0,0,0,0,0,0,0,0,0,0,0,0,0,0,0,0,0,0
3d2be6e4-2ed3-4190-b955-11f9397c2d58,1,0,0,0,0,1,0,0,0,0,1,1,1,1,0,0,0,0,0,1,131,1,565,1,0,1,0,0,0,1,0,0,0,0,8,3,1,0,0,1,1,0,0,0,2,0,0,0,0,0,0.0,1,1,0,0,0,1,1,1,1,0,0,0,0,0,1,1,1,0,0,0,0,0,0,0,0,1,0,0,0,0,0,0,0,0,0,1,383,1,0,0,0,0,0,0,0,0,0,1,1,1,0,0,0,0,0,0,0,0,0,0,0,0,0,0,0,0,0,0,0,0,0,0,0,0,0,0,0,0,0,0,0,0,0,0,0,0,0
3e0ffaac-3fa7-4322-bf40-64da82793ac5,1,1,0,0,0,0,0,0,0,0,1,1,1,1,0,0,0,0,0,1,85,1,1006,1,0,1,0,0,0,1,0,0,0,0,4,2,1,0,0,1,1,0,0,0,2,0,0,0,0,0,0.0,1,1,0,0,0,1,1,1,1,0,0,0,0,0,1,1,1,0,0,0,0,0,0,0,0,1,0,0,0,0,0,0,0,0,0,1,705,1,0,0,0,0,0,0,0,0,0,1,1,1,0,1,0,0,0,0,0,0,0,0,0,0,0,0,1,0,0,1,0,0,0,0,0,0,0,0,0,0,0,0,0,1,0,0,0,0,0
3e234fcf-6353-479b-a21f-f8b074c22cb2,1,1,0,0,0,0,0,0,0,0,1,1,1,1,0,0,0,0,0,1,155,1,1090,1,0,1,0,0,0,1,0,0,0,0,6,3,1,0,0,1,1,0,0,0,3,0,0,0,0,0,0.0,1,1,0,0,0,1,1,1,1,0,0,0,0,0,0,1,1,0,0,0,0,0,0,0,0,1,0,0,0,0,0,0,0,0,0,1,1550,1,0,0,0,0,1,1,0,0,0,1,1,1,0,1,1,0,0,0,0,0,0,0,0,0,1,0,1,0,0,1,0,0,0,0,0,0,0,0,0,0,0,0,0,1,0,0,0,0,0
3e469277-4c6d-4268-b281-f2e66fee7e66,1,0,0,0,0,1,0,0,0,0,1,1,1,1,0,0,0,0,0,1,69,1,434,1,0,1,0,0,0,1,0,0,0,0,3,2,1,0,0,1,1,0,0,0,2,0,0,0,0,0,0.0,1,1,0,0,0,1,1,1,1,0,0,0,0,0,0,1,1,0,0,0,0,0,0,0,0,1,0,0,0,0,0,0,0,0,0,1,41,1,0,0,0,0,1,1,0,0,0,1,1,1,0,1,0,0,0,0,0,0,0,0,0,0,0,0,1,0,0,1,0,0,0,0,0,0,0,0,0,0,0,0,0,0,1,0,0,0,0
3e696100-091f-4080-b228-631f959fe63d,1,1,0,0,0,0,0,0,0,0,1,1,1,1,0,0,0,0,0,1,145,1,1488,1,0,1,0,0,0,1,0,0,0,0,2,2,1,0,0,1,1,0,0,0,2,0,0,0,0,0,0.0,1,1,0,0,0,1,1,1,1,0,0,0,0,0,1,1,1,0,0,0,0,0,0,0,0,1,0,0,0,0,0,0,0,0,0,1,1221,1,0,0,0,0,1,4,0,0,0,1,1,1,0,1,1,0,0,0,0,0,0,0,0,0,1,0,1,0,0,1,0,0,0,0,0,0,0,0,0,0,0,0,0,1,0,0,0,0,0
3e76f58c-8218-4111-8777-2037d292e454,1,0,0,0,0,1,0,0,0,0,1,1,1,1,0,0,1,732,0,1,53,1,1507,1,0,1,0,0,0,1,0,0,0,0,13,3,1,0,0,1,1,0,0,0,3,0,0,0,0,0,0.0,1,0,1,1,0,1,1,1,1,0,0,0,0,0,0,2,2,0,0,0,0,0,0,0,0,1,0,0,0,0,0,0,0,0,0,1,1645,1,0,0,0,0,0,0,0,0,0,1,1,1,0,1,1,0,0,0,0,0,0,0,0,0,0,0,0,0,0,0,0,0,0,0,0,0,0,0,0,0,0,0,0,0,0,0,0,0,0
3eb22d2c-3722-437e-bd78-d46b76ffacc5,1,0,0,0,0,1,0,0,0,0,1,1,1,1,0,0,0,0,0,1,92,1,1767,1,0,1,0,0,0,1,0,0,0,0,9,3,1,0,0,1,1,0,0,0,2,0,0,0,0,0,0.0,1,1,0,0,0,1,1,1,1,0,0,0,0,0,1,0,0,0,0,0,0,0,0,0,0,0,0,0,0,0,0,0,0,0,0,0,0,0,0,0,0,0,0,0,0,0,0,0,0,0,0,0,0,0,0,0,0,0,0,0,0,0,0,0,0,0,0,0,0,0,0,0,0,0,0,0,0,0,0,0,0,0,0,0,0,0,0
3ec1f300-9a2b-43e0-918c-23eba871fa00,1,1,0,0,0,0,0,0,0,0,1,1,1,1,0,0,0,0,0,1,108,1,1420,1,0,1,0,0,0,1,0,0,0,0,7,3,1,0,0,1,1,0,0,0,2,0,0,0,0,0,0.0,1,1,0,0,0,1,1,1,1,0,0,0,0,0,0,4,2,0,0,0,0,0,0,0,0,1,0,0,0,0,0,0,0,0,0,1,1090,1,0,0,0,0,0,0,0,0,0,1,1,1,0,1,1,0,0,0,0,0,0,0,0,0,1,0,1,0,0,1,0,0,0,0,0,0,0,0,0,0,0,0,0,1,0,0,0,0,0
3fdc3126-6df2-4ee1-9aec-3a067932cf46,1,1,0,0,0,0,0,0,0,0,1,1,1,1,0,0,0,0,0,1,69,1,734,1,0,1,0,0,0,1,0,0,0,0,2,2,1,0,0,1,1,0,0,0,2,0,0,0,0,0,0.0,1,1,0,0,0,1,1,1,1,0,0,0,0,0,0,1,1,0,0,0,0,0,0,0,0,1,0,0,0,0,0,0,0,0,0,1,657,1,0,0,0,0,0,0,0,0,0,1,1,1,0,1,0,0,0,0,0,0,0,0,0,0,0,0,1,0,0,1,0,0,0,0,0,0,0,0,0,0,0,0,0,1,0,0,0,0,0
3fe31445-f9f0-4375-af9a-15caf4a08b90,1,1,0,0,0,0,0,0,0,0,1,1,1,1,0,0,0,0,0,1,67,1,128,1,0,1,0,0,0,1,0,0,0,0,3,2,1,0,0,1,1,0,0,0,2,0,0,0,0,0,0.0,1,0,1,1,0,1,1,1,1,0,0,0,0,0,0,3,2,0,0,0,0,0,0,0,0,1,0,0,0,0,0,0,0,0,0,1,2932,1,0,0,0,0,0,0,0,0,0,1,1,1,0,1,1,0,0,0,0,0,0,0,0,0,0,0,1,0,0,1,0,0,0,0,0,0,0,0,0,0,0,0,0,1,0,0,0,0,0
403c2a3b-825c-46e0-91ce-2c1a6f26c482,1,0,0,0,0,1,0,0,0,0,1,1,1,1,0,0,0,0,0,1,9,1,1950,1,0,1,0,0,0,1,0,0,0,0,5,2,1,0,0,1,1,0,0,0,2,0,0,0,0,0,0.0,1,1,1,1,0,1,1,1,1,0,0,0,0,0,1,6,3,0,0,0,0,0,0,0,0,1,0,0,0,0,0,0,0,0,0,1,13272,1,0,0,0,0,0,0,0,0,0,1,1,1,1,0,0,0,0,0,0,0,0,0,0,0,0,0,0,0,0,0,0,0,0,0,0,0,0,0,0,0,0,0,0,0,0,0,0,0,0
406a8dde-7568-4c80-b366-281eea7346d3,1,0,0,0,0,1,0,0,0,0,1,1,1,1,0,0,0,0,0,1,47,1,383,1,0,1,0,0,0,1,0,0,0,0,2,2,1,0,0,1,1,0,0,0,2,0,0,0,0,0,0.0,1,1,0,0,0,1,1,1,1,0,0,0,0,0,0,1,1,0,0,0,0,0,0,0,0,1,0,0,0,0,0,0,0,0,0,1,331,1,0,0,0,0,0,0,0,0,0,1,1,1,0,1,1,0,0,0,0,0,0,0,0,0,0,0,1,0,0,1,0,0,0,0,0,0,0,0,0,0,0,0,0,1,0,0,0,0,0
40cac1e3-ccd3-4f0e-8ccf-cbeb8ed659e5,1,1,0,0,0,0,0,0,0,0,1,1,1,1,0,0,1,149,0,1,120,1,2122,1,0,1,0,0,0,1,0,0,0,0,5,2,1,0,0,1,1,0,0,0,2,0,0,0,0,0,0.0,1,1,0,0,0,1,1,1,1,0,0,0,0,0,0,2,2,0,0,0,0,0,0,0,0,1,0,0,0,0,0,0,0,0,0,1,851,1,0,0,0,0,1,29,0,0,0,1,1,1,0,1,1,0,0,0,0,0,0,0,0,0,1,0,1,0,0,1,0,0,0,0,0,0,0,0,0,0,0,0,0,0,0,1,0,0,0
417be6c9-71e9-42c2-a889-e996603b1bde,1,1,0,0,0,0,0,0,0,0,1,1,1,1,0,0,0,0,0,1,100,1,1702,1,0,1,0,0,0,1,0,0,0,0,3,2,1,0,0,1,1,0,0,0,2,0,0,0,0,0,0.0,1,1,0,0,0,1,1,1,1,0,0,0,0,0,0,4,2,0,0,0,0,0,0,0,0,1,0,0,0,0,0,0,0,0,0,1,2273,1,0,0,0,0,0,0,0,0,0,1,1,1,0,1,1,0,0,0,0,0,0,0,0,0,0,0,1,0,0,1,0,0,0,0,0,0,0,0,0,0,0,0,0,1,0,0,0,0,0
417d56c3-fada-4d4f-9fcb-350e42571d32,1,1,0,0,0,0,0,0,0,0,1,1,1,1,0,1,0,0,0,1,28,0,0,1,0,1,0,0,0,1,0,0,0,0,33,3,1,0,0,1,1,0,0,0,3,1,6,1,0,1,130000.0,1,0,1,1,0,1,1,1,1,0,0,0,0,0,0,13,3,1,1,1,1,0,0,0,0,1,0,0,0,0,0,0,0,0,0,1,4847,1,1,1817,1,0,0,0,1,0,0,1,1,1,1,0,0,1,1,1,1,0,0,0,0,0,1,0,1,0,0,1,0,0,0,0,0,0,0,0,0,0,0,0,0,1,1,0,0,0,0
4191ad28-af13-4c03-8e8e-2f2f6515d92f,1,0,0,0,0,1,0,0,0,0,1,1,1,1,0,0,0,0,0,1,18,1,587,1,0,1,0,0,0,1,0,0,0,0,4,2,1,0,0,1,1,0,0,0,2,1,1,0,0,1,0.0,0,0,0,0,0,0,0,0,0,0,0,0,0,0,0,1,1,0,0,0,0,0,0,0,0,1,0,0,0,0,0,0,0,0,0,0,0,1,0,0,0,0,0,0,1,0,0,1,1,1,0,0,0,0,0,0,0,0,0,0,0,0,1,0,0,0,0,0,0,0,0,0,0,0,0,0,0,0,0,0,0,0,0,0,0,0,0
41b16180-4d39-46a4-ba87-5c296a1ee776,1,0,0,0,0,1,0,0,0,0,1,1,1,1,0,0,0,0,0,1,102,1,127,1,0,1,0,0,0,1,0,0,0,0,10,3,1,0,0,1,1,0,0,0,2,0,0,0,0,0,0.0,1,1,0,0,0,1,1,1,1,0,0,0,0,0,0,1,1,0,0,0,0,0,0,0,0,1,0,0,0,0,0,0,0,0,0,1,379,1,0,0,0,0,0,0,0,0,0,1,1,1,0,1,1,0,0,0,0,0,0,0,0,0,0,0,1,0,0,1,0,0,0,0,0,0,0,0,0,0,0,0,0,1,0,0,0,0,0
41efe648-61da-4ebb-947c-8265bed6531c,1,1,0,0,0,0,0,0,0,0,1,1,1,1,0,1,0,0,0,1,18,1,429,1,0,1,0,0,0,1,0,0,0,0,7,3,1,0,0,1,1,0,0,0,3,1,1,1,0,0,0.0,1,1,1,1,0,1,1,1,1,0,0,0,0,0,0,1,1,0,1,0,1,0,0,0,0,1,0,0,0,0,0,0,0,0,0,1,269,1,1,205,1,0,1,3,0,0,0,1,1,1,1,1,0,1,1,0,0,0,0,0,0,0,1,0,1,0,0,1,0,0,0,0,0,0,0,0,0,0,0,0,0,1,0,0,0,0,0
42b21562-b53c-4476-a25b-225813e7970b,1,1,0,0,0,0,0,0,0,0,1,1,1,1,0,0,0,0,0,1,72,1,634,1,0,1,0,0,0,1,0,0,0,0,5,2,1,0,0,1,1,0,0,0,2,0,0,0,0,0,0.0,1,1,0,0,0,1,1,1,1,0,0,0,0,0,0,1,1,0,0,0,0,0,0,0,0,1,0,0,0,0,0,0,0,0,0,1,667,1,0,0,0,0,1,12,0,0,0,1,1,1,0,1,1,0,0,0,0,0,0,0,0,0,1,0,1,0,0,1,0,0,0,0,0,0,0,0,0,0,0,0,0,1,0,0,0,0,0
42b78baf-858b-41e6-86ea-e9ed65578761,1,1,0,0,0,0,0,0,0,0,1,1,1,1,0,0,0,0,0,1,100,1,1127,1,0,1,0,0,0,1,0,0,0,0,2,2,1,0,0,1,1,0,0,0,2,0,0,0,0,0,0.0,1,1,0,0,0,1,1,1,1,0,0,0,0,0,0,1,1,0,0,0,0,0,0,0,0,1,0,0,0,0,0,0,0,0,0,1,286,1,0,0,0,0,0,0,0,0,0,1,1,1,0,1,1,0,0,0,0,0,0,0,0,0,0,0,1,0,0,1,0,0,0,0,0,0,0,0,0,0,0,0,0,1,0,0,0,0,0
42ba8bcd-7332-45ec-8631-be811ab879b9,1,1,0,0,0,0,0,0,0,0,1,1,1,1,0,1,0,0,0,1,38,1,230,1,0,1,0,0,0,1,0,0,0,0,5,2,1,0,0,1,1,0,0,0,2,1,2,1,0,0,0.0,1,1,1,1,0,1,1,1,1,0,0,0,0,0,0,2,2,0,1,0,1,0,0,0,0,1,0,0,0,0,0,0,0,0,0,1,546,1,0,0,1,0,0,0,0,0,0,1,1,1,1,1,0,1,1,0,0,0,0,0,0,0,1,0,1,0,0,1,0,0,0,0,0,0,0,0,0,0,0,0,0,1,0,0,0,0,0
42e89b1b-83ff-48ac-baf1-efc1d71ef272,1,1,0,0,0,0,0,0,0,0,1,1,1,1,0,0,0,0,0,1,126,1,1337,1,0,1,0,0,0,1,0,0,0,0,3,2,1,0,0,1,1,0,0,0,2,0,0,0,0,0,0.0,1,1,0,0,0,1,1,1,1,0,0,0,0,0,0,3,2,0,0,0,0,0,0,0,0,1,0,0,0,0,0,0,0,0,0,1,1977,1,0,0,0,0,1,6,0,0,0,1,1,1,0,1,1,0,0,0,0,0,0,0,0,0,1,0,1,0,0,1,0,0,0,0,0,0,0,0,0,0,0,0,0,1,0,0,0,0,0
42eff5b3-e2f6-4e43-ae65-b7212f9790fa,1,0,0,0,0,1,0,0,0,0,1,1,1,1,0,1,0,0,0,1,32,1,912,1,0,1,0,0,0,1,0,0,0,0,44,3,1,0,0,1,1,0,0,0,3,1,1,0,0,1,0.0,1,0,1,1,0,1,1,1,1,0,0,0,0,0,1,1,1,0,1,1,1,0,0,0,0,1,0,0,0,0,0,0,0,0,0,0,0,1,1,4,1,0,0,0,1,0,0,1,1,1,0,1,0,1,1,0,0,0,0,0,0,0,0,0,1,0,0,1,0,0,0,0,0,0,0,0,0,0,0,0,0,1,0,0,0,0,0
43302306-fa68-4aff-aa5b-ed4ef0a0a627,1,0,0,0,0,1,0,0,0,0,1,1,1,1,0,0,0,0,0,1,8,1,758,1,0,1,0,0,0,1,0,0,0,0,3,2,1,0,0,1,1,0,0,0,2,0,0,0,0,0,0.0,0,0,0,0,0,0,0,0,0,0,0,0,0,0,0,1,1,0,0,0,0,0,0,0,0,1,0,0,0,0,0,0,0,0,0,0,0,1,0,0,0,0,0,0,0,0,0,1,1,1,0,1,1,0,0,0,0,0,0,0,0,0,1,0,0,0,0,0,0,0,0,0,0,0,0,0,0,0,0,0,0,0,0,0,0,0,0
43d6ebe9-3a59-4630-b7ac-e37fe22c19c3,1,1,0,0,0,0,0,0,0,0,1,1,1,1,0,0,0,0,0,1,89,1,1574,1,0,1,0,0,0,1,0,0,0,0,2,2,1,0,0,1,1,0,0,0,2,0,0,0,0,0,0.0,1,1,0,0,0,1,1,1,1,0,0,0,0,0,0,1,1,0,0,0,0,0,0,0,0,1,0,0,0,0,0,0,0,0,0,1,631,1,0,0,0,0,1,1,0,0,0,1,1,1,0,1,1,0,0,0,0,0,0,0,0,0,1,0,1,0,0,1,0,0,0,0,0,0,0,0,0,0,0,0,0,1,0,1,0,0,0
43f6cd20-7c8e-4d8b-b740-6f959a2e7923,1,0,0,0,0,1,0,0,0,0,0,1,1,1,0,0,0,0,0,1,45,1,953,1,0,1,0,0,0,1,0,0,0,0,5,2,1,0,0,1,1,0,0,0,2,0,0,0,0,0,0.0,1,1,0,0,0,1,1,1,1,0,0,0,0,0,0,1,1,0,0,0,0,0,0,0,0,1,0,0,0,0,0,0,0,0,0,1,50,1,0,0,0,0,1,3,0,0,0,1,1,1,0,1,0,0,0,0,0,0,0,0,0,0,0,0,0,0,0,0,0,0,0,0,0,0,0,0,0,0,0,0,0,0,0,0,0,0,0
44072063-d398-4c37-9eb0-cb24ca3dfe3d,1,0,0,0,0,1,0,0,0,0,1,1,1,1,0,0,0,0,0,1,32,1,2800,1,0,1,0,0,0,1,0,0,0,0,3,2,1,0,0,1,1,0,0,0,3,0,0,0,0,0,0.0,1,1,1,1,0,1,1,1,1,0,0,0,0,0,1,2,2,0,0,0,0,0,0,0,0,1,0,0,0,0,0,0,0,0,0,1,6079,1,0,0,0,0,1,2,0,0,0,1,1,1,0,0,0,0,0,0,0,0,0,0,0,0,0,0,0,0,0,0,0,0,0,0,0,0,0,0,0,0,0,0,0,0,0,0,0,0,0
443f4280-2fe8-4ef4-9f0b-bf509873de9d,1,1,0,0,0,0,0,0,0,0,1,1,1,1,0,0,0,0,0,1,113,1,2412,1,0,1,0,0,0,1,0,0,0,0,16,3,1,0,0,1,1,0,0,0,3,0,0,0,0,0,0.0,1,1,0,0,0,1,1,1,1,0,0,0,0,0,0,1,1,0,0,0,0,0,0,0,0,1,0,0,0,0,0,0,0,0,0,1,563,1,0,0,0,0,1,9,0,0,0,1,1,1,0,1,1,0,0,0,0,0,0,0,0,0,1,0,1,0,0,1,0,0,0,0,0,0,0,0,0,0,0,0,0,1,0,0,0,0,0
4580c1e6-dbe4-4571-9efd-f27ea0908476,1,0,0,0,0,1,0,0,0,0,1,1,1,1,0,0,0,0,0,1,164,1,240,1,0,1,0,0,0,1,0,0,0,0,6,3,1,0,0,1,1,0,0,0,2,0,0,0,0,0,0.0,1,0,1,1,0,1,1,1,1,0,0,0,0,0,0,1,1,0,0,0,0,0,0,0,0,1,0,0,0,0,0,0,0,0,0,1,192,1,0,0,0,0,1,2,0,0,0,1,1,1,0,1,1,0,0,0,0,0,0,0,0,0,0,0,1,0,0,1,0,0,0,0,0,0,0,0,0,0,0,0,0,1,0,0,0,0,0
45908399-ab41-4bfa-9c05-bc57b022f8ee,1,0,0,0,0,1,0,0,0,0,1,1,1,1,0,0,0,0,0,1,4,1,166,1,0,1,0,0,0,1,0,0,0,0,9,3,1,0,0,1,1,0,0,0,2,0,0,0,0,0,0.0,1,1,0,0,0,1,1,1,1,0,0,0,0,0,0,1,1,0,0,0,0,0,0,0,0,1,0,0,0,0,0,0,0,0,0,1,83,1,0,0,0,0,1,4,0,0,0,1,1,1,0,1,0,0,0,0,0,1,0,1,0,0,0,0,1,0,0,1,0,0,0,0,0,0,0,0,0,0,0,0,0,1,0,0,0,0,0
4591ea1a-b305-46ab-b8eb-e4206d5030c3,1,1,0,0,0,0,0,0,0,0,0,1,1,1,0,0,0,0,0,1,127,1,1683,1,0,1,0,0,0,1,0,0,0,0,6,3,1,0,0,1,1,0,0,0,2,0,0,0,0,0,0.0,1,1,1,1,0,1,1,1,1,0,0,0,0,0,1,1,1,0,0,0,0,0,0,0,0,1,0,0,0,0,0,0,0,0,0,1,3513,1,0,0,0,0,0,0,0,0,0,1,0,1,0,1,0,0,0,0,0,0,0,0,0,0,0,0,1,0,0,1,0,0,0,0,0,0,0,0,0,0,0,0,0,1,0,0,0,0,0
45aebe30-bbc3-45ed-afea-40ea8a052d59,1,1,0,0,0,0,0,0,0,0,1,1,1,1,0,0,0,0,0,1,39,1,714,1,0,1,0,0,0,1,0,0,0,0,4,2,1,0,0,1,1,0,0,0,2,0,0,0,0,0,0.0,0,0,0,0,0,0,0,0,0,0,0,0,0,0,0,2,2,0,0,0,0,0,0,0,0,1,0,0,0,0,0,0,0,0,0,1,1191,1,0,0,0,0,1,1,0,0,0,1,1,1,0,0,0,0,0,0,0,0,0,0,0,0,0,0,0,0,0,0,0,0,0,0,0,0,0,0,0,0,0,0,0,0,0,0,0,0,0
45deff5d-3335-4650-b7d0-88c7477cf9ad,1,1,0,0,0,0,0,0,0,0,0,1,1,1,0,0,0,0,0,1,79,1,493,1,0,1,0,0,0,1,0,0,0,0,3,2,1,0,0,1,1,0,0,0,2,0,0,0,0,0,0.0,1,1,0,0,0,1,1,1,1,0,0,0,0,0,1,0,0,0,0,0,0,0,0,0,0,0,0,0,0,0,0,0,0,0,0,0,0,0,0,0,0,0,0,0,0,0,0,0,0,0,0,0,0,0,0,0,0,0,0,0,0,0,0,0,0,0,0,0,0,0,0,0,0,0,0,0,0,0,0,0,0,0,0,0,0,0,0
465b02b4-4ef5-441c-b58d-ae7ca3056304,1,0,0,0,0,1,0,0,0,0,1,1,1,1,0,0,0,0,0,1,13,1,19,1,0,1,0,0,0,1,0,0,0,0,2,2,1,0,0,1,1,0,0,0,2,0,0,0,0,0,0.0,1,0,1,1,0,1,1,1,1,0,0,0,0,0,0,1,1,0,0,0,0,0,0,0,0,1,0,0,0,0,0,0,0,0,0,0,0,1,0,0,0,0,0,0,0,0,0,1,1,1,0,0,0,0,0,0,0,0,0,0,0,0,0,0,0,0,0,0,0,0,0,0,0,0,0,0,0,0,0,0,0,0,0,0,0,0,0
47185fd9-ecf3-4e01-b2e6-c4f04e33694f,1,1,0,0,0,0,0,0,0,0,1,1,1,1,0,0,1,77,0,1,61,1,1054,1,0,1,0,0,0,1,0,0,0,0,2,2,1,0,0,1,1,0,0,0,2,0,0,0,0,0,0.0,1,1,0,0,0,1,1,1,1,0,0,0,0,0,1,4,2,0,0,0,0,0,0,0,0,1,0,0,0,0,0,0,0,0,0,1,315,1,0,0,0,0,0,0,0,0,0,1,1,1,0,1,1,0,0,0,0,0,0,0,0,0,0,0,1,0,0,1,0,0,0,0,0,0,0,0,0,0,0,0,0,1,0,0,0,0,0
47b7d96f-5249-448a-86bf-1511146cb60a,1,1,0,0,0,0,0,0,0,0,1,1,1,1,0,0,0,0,0,1,99,1,3547,1,0,1,0,0,0,1,0,0,0,0,2,2,1,0,0,1,1,0,0,0,2,0,0,0,0,0,0.0,1,1,0,0,0,1,1,1,1,0,0,0,0,0,0,1,1,0,0,0,0,0,0,0,0,1,0,0,0,0,0,0,0,0,0,1,589,1,0,0,0,0,1,1,0,0,0,1,1,1,1,1,1,0,0,0,0,0,0,0,0,0,1,0,1,0,0,1,0,0,0,0,0,0,0,0,0,0,0,0,0,1,0,0,0,0,0
47b8f69c-d2f0-42ed-8472-b028f5464ed1,1,1,0,0,0,0,0,0,0,0,1,1,1,1,0,0,1,223,0,1,93,1,826,1,0,1,0,0,0,1,0,0,0,0,12,3,1,0,0,1,1,0,0,0,3,0,0,0,0,0,0.0,1,1,0,0,0,1,1,1,1,0,0,0,0,0,0,1,1,0,0,0,0,0,0,0,1,0,0,0,0,0,0,0,0,0,0,1,341,1,0,0,0,0,1,5,0,0,0,1,1,1,0,1,1,0,0,0,0,0,0,0,0,0,0,0,1,0,0,0,0,0,0,0,0,0,0,0,0,0,0,0,0,0,0,0,0,0,0
47bd1520-2cea-43ec-90f3-f9efbffbbfda,1,1,0,0,0,0,0,0,0,0,1,1,1,1,0,0,0,0,0,1,97,1,576,1,0,1,0,0,0,1,0,0,0,0,17,3,1,1,0,1,1,0,0,0,5,1,1,0,0,1,0.0,1,1,1,1,0,1,1,1,1,0,0,0,0,0,0,1,1,0,0,0,0,0,0,0,0,1,0,0,0,0,0,0,0,0,0,1,1447,1,1,2052,1,0,1,1,0,0,0,1,1,1,1,1,0,0,0,0,0,0,0,0,0,0,0,0,1,0,0,0,0,0,0,0,0,0,0,0,0,0,0,0,0,0,0,0,0,0,0
47c0ac0f-fef9-4de1-94df-b96be5cd00e9,1,1,0,0,0,0,0,0,0,0,1,1,1,1,1,1,0,0,0,1,156,1,3962,1,0,1,0,0,0,1,0,0,0,0,9,3,1,0,0,1,1,0,0,0,2,1,3,1,0,1,0.0,1,0,1,1,0,1,1,1,1,0,0,0,0,0,1,3,2,0,1,0,1,0,0,0,0,1,0,0,0,0,0,0,0,0,0,1,1769,1,1,228,0,0,1,15,1,0,0,1,1,1,1,1,0,1,1,0,0,0,0,0,0,0,1,0,1,0,0,1,0,0,0,0,0,0,0,0,0,0,0,0,0,1,0,0,0,0,0
4812b60a-a7ea-45c3-9c90-3d117a506e92,1,0,0,0,0,1,0,0,0,0,1,1,1,1,0,0,0,0,0,1,51,1,712,1,0,1,0,0,0,1,0,0,0,0,14,3,1,0,0,1,1,0,0,0,3,0,0,0,0,0,0.0,1,1,1,1,0,1,1,1,1,0,0,0,0,0,0,3,2,0,0,0,0,0,0,0,0,1,0,0,0,0,0,0,0,0,0,1,3210,1,0,0,0,0,1,10,0,0,0,1,1,1,0,0,0,0,0,0,0,0,0,0,0,0,0,0,0,0,0,0,0,0,0,0,0,0,0,0,0,0,0,0,0,0,0,0,0,0,0
483e3ddd-5c83-4088-9c62-5c6dac60cfd6,1,0,0,0,0,1,0,0,0,0,1,1,1,1,0,0,0,0,0,1,145,1,1831,1,0,1,0,0,0,1,0,0,0,0,5,2,1,0,0,1,1,0,0,0,2,0,0,0,0,0,0.0,1,1,1,1,0,1,1,1,1,0,0,0,0,0,0,1,1,0,0,0,0,0,0,0,0,1,0,0,0,0,0,0,0,0,0,0,0,1,0,0,0,0,0,0,0,0,0,1,1,1,0,0,0,0,0,0,0,0,0,0,0,0,0,0,0,0,0,0,0,0,0,0,0,0,0,0,0,0,0,0,0,0,0,0,0,0,0
486d4f83-f05c-4fed-80d0-0886212363ec,1,1,0,0,0,0,0,0,0,0,1,1,1,1,0,0,0,0,0,1,142,1,998,1,0,1,0,0,0,1,0,0,0,0,9,3,1,0,0,1,1,0,0,0,3,0,0,0,0,0,0.0,1,1,0,0,0,1,1,1,1,0,0,0,0,0,1,3,2,0,0,0,0,0,0,0,0,1,0,0,0,0,0,0,0,0,0,1,455,1,0,0,0,0,0,0,0,0,0,1,1,1,0,1,1,0,0,0,0,0,0,0,0,0,0,0,1,0,0,1,0,0,0,0,0,0,0,0,0,0,0,0,0,1,0,0,0,0,0
4953e1a1-1a5c-4861-a461-aafdf3a6058d,1,1,0,0,0,0,0,0,0,0,1,1,1,1,0,0,0,0,0,1,122,1,591,1,0,1,0,0,0,1,0,0,0,0,19,3,1,0,0,1,1,0,0,0,2,0,0,0,0,0,0.0,0,0,0,0,0,0,0,0,0,0,0,0,0,0,0,1,1,0,0,0,0,0,0,0,0,1,0,0,0,0,0,0,0,0,0,1,1279,1,0,0,0,0,0,0,0,0,0,1,1,1,0,0,0,0,0,0,0,0,0,0,0,0,0,0,0,0,0,0,0,0,0,0,0,0,0,0,0,0,0,0,0,0,0,0,0,0,0
4aa74f84-d7c6-4c45-8cc3-ef214b247e04,1,1,0,0,0,0,0,0,0,0,1,1,1,1,0,0,0,0,0,1,48,1,72,1,0,1,0,0,0,1,0,0,0,0,2,2,1,0,0,1,1,0,0,0,2,0,0,0,0,0,0.0,1,1,0,0,0,1,1,1,1,0,0,0,0,0,0,1,1,0,0,0,0,0,0,0,0,1,0,0,0,0,0,0,0,0,0,1,269,1,0,0,0,0,0,0,0,0,0,1,1,1,0,1,1,0,0,0,0,0,0,0,0,0,0,0,0,0,0,0,0,0,0,0,0,0,0,0,0,0,0,0,0,0,0,0,0,0,0
4adcb03d-8752-40e5-b200-b564afc17686,1,1,0,0,0,0,0,0,0,0,0,1,1,1,0,0,0,0,0,1,53,1,449,1,0,1,0,0,0,1,0,0,0,0,3,2,1,0,0,1,1,0,0,0,2,0,0,0,0,0,0.0,1,1,1,1,0,1,1,1,1,0,0,0,0,0,0,1,1,0,0,0,0,0,0,0,0,1,0,0,0,0,0,0,0,0,0,1,148,1,0,0,0,0,1,1,0,0,0,1,0,1,0,1,0,0,0,0,0,1,0,1,0,0,0,0,1,0,0,1,0,0,0,0,0,0,0,0,0,0,0,0,0,1,0,0,0,0,0
4b373c9f-0aa0-42ad-80b7-da211d91338b,1,0,0,0,0,1,0,0,0,0,1,1,1,1,0,0,0,0,0,1,111,1,1180,1,0,1,0,0,0,1,0,0,0,0,6,3,1,0,0,1,1,0,0,0,2,0,0,0,0,0,0.0,0,0,0,0,0,0,0,0,0,0,0,0,0,0,0,1,1,0,0,0,0,0,0,0,0,1,0,0,0,0,0,0,0,0,0,1,330,1,0,0,0,0,0,0,0,0,0,1,1,1,0,1,0,0,0,0,0,0,0,0,0,0,1,0,0,0,0,0,0,0,0,0,0,0,0,0,0,0,0,0,0,0,0,0,0,0,0
4b9a1d5f-2342-4dab-bf32-b24d26ba856c,1,0,0,0,0,1,0,0,0,0,1,1,1,1,0,0,0,0,0,1,146,1,1304,1,0,1,0,0,0,1,0,0,0,0,4,2,1,0,0,1,1,0,0,0,2,0,0,0,0,0,0.0,1,0,1,1,0,1,1,1,1,0,0,0,0,0,0,1,1,0,0,0,0,0,0,0,0,1,0,0,0,0,0,0,0,0,0,1,112,1,0,0,0,0,0,0,0,0,0,1,1,1,0,1,1,0,0,0,0,0,0,0,0,0,0,0,0,0,0,0,0,0,0,0,0,0,0,0,0,0,0,0,0,0,0,0,0,0,0
4ba3c2ab-2b86-4028-b4e1-631efa9158d7,1,1,0,0,0,0,0,0,0,0,1,1,1,1,0,0,0,0,0,1,95,1,845,1,0,1,0,0,0,1,0,0,0,0,3,2,1,0,0,1,1,0,0,0,2,0,0,0,0,0,0.0,1,1,0,0,0,1,1,1,1,0,0,0,0,0,0,1,1,0,0,0,0,0,0,0,0,1,0,0,0,0,0,0,0,0,0,1,491,1,0,0,0,0,0,0,0,0,0,1,1,1,0,1,1,0,0,0,0,0,0,0,0,0,1,0,1,0,0,1,0,0,0,0,0,0,0,0,0,0,0,0,0,1,0,0,0,0,0
4bb8c2d0-405c-4885-bb2b-62bfa635af84,1,0,0,0,0,1,0,0,0,0,1,1,1,1,0,0,0,0,0,1,107,1,2125,1,0,1,0,0,0,1,0,0,0,0,5,2,0,0,0,1,1,0,0,0,2,1,3,1,0,1,0.0,1,1,0,0,0,1,1,1,1,0,0,0,0,0,0,3,2,0,1,0,1,0,0,0,0,1,0,0,0,0,0,0,0,0,0,1,1493,1,1,1389,1,0,1,6,0,0,0,1,1,1,1,1,0,1,0,1,0,1,0,1,0,0,1,0,1,0,0,1,0,0,0,0,0,0,0,0,0,0,0,0,0,0,1,0,0,0,0
4be2373a-deee-4d4d-9e4a-9a6bf24ea61d,1,1,0,0,0,0,0,0,0,0,1,1,1,1,0,0,1,14,0,1,92,1,2103,1,0,1,0,0,0,1,0,0,0,0,9,3,1,0,0,1,1,0,0,0,2,0,0,0,0,0,0.0,1,1,0,0,0,1,1,1,1,0,0,0,0,0,1,2,2,0,0,0,0,0,0,0,0,1,0,0,0,0,0,0,0,0,0,1,554,1,0,0,0,0,0,0,0,0,0,1,1,1,0,1,1,0,0,0,0,0,0,0,0,0,0,0,1,0,0,1,0,0,0,0,0,0,0,0,0,0,0,0,0,1,0,0,0,0,0
4c4c0e68-65d5-4821-adf6-94a29e9ed2d1,1,1,0,0,0,0,0,0,0,0,1,1,1,1,0,1,0,0,0,1,126,1,1918,1,0,1,0,0,0,1,0,0,0,0,14,3,1,0,0,1,1,0,0,0,2,1,6,1,0,1,5001.0,1,1,1,1,0,1,1,1,1,0,0,0,0,0,1,7,3,0,1,1,1,0,0,0,0,1,0,0,0,0,0,0,0,0,0,1,2251,1,1,189,1,0,1,34,1,0,0,1,1,1,1,1,1,1,1,1,1,1,0,1,0,0,1,0,1,0,0,1,0,0,0,0,0,0,0,0,0,0,0,0,0,1,0,1,0,0,0
4c500383-f2b7-4cc3-b4a6-c8d0930f7536,1,0,0,0,0,1,0,0,0,0,1,1,1,1,0,0,0,0,0,1,28,1,1209,1,0,1,0,0,0,1,0,0,0,0,9,3,1,0,0,1,1,0,0,0,3,0,0,0,0,0,0.0,1,0,1,1,0,1,1,1,1,0,0,0,0,0,0,1,1,0,0,0,0,0,0,0,0,1,0,0,0,0,0,0,0,0,0,1,147,1,0,0,0,0,0,0,0,0,0,1,1,1,0,0,0,0,0,0,0,0,0,0,0,0,0,0,0,0,0,0,0,0,0,0,0,0,0,0,0,0,0,0,0,0,0,0,0,0,0
4c9cd2f2-211d-4e3f-b946-50fcfac51e3d,1,0,0,0,0,1,0,0,0,0,1,1,1,1,0,0,0,0,0,1,125,1,340,1,0,1,0,0,0,1,0,0,0,0,6,3,1,0,0,1,1,0,0,0,2,0,0,0,0,0,0.0,1,1,0,0,0,1,1,1,1,0,0,0,0,0,0,1,1,0,0,0,0,0,0,0,0,1,0,0,0,0,0,0,0,0,0,1,394,1,0,0,0,0,1,2,0,0,0,1,1,1,1,1,1,0,0,0,0,0,0,0,0,0,0,0,1,0,0,1,0,0,0,0,0,0,0,0,0,0,0,0,0,1,0,0,0,0,0
4d388463-7908-4a36-a922-fd01645dd470,1,1,0,0,0,0,0,0,0,0,1,1,1,1,0,1,0,0,0,1,20,1,408,1,0,1,0,0,0,1,0,0,0,0,8,3,1,0,0,1,1,0,0,0,3,1,4,1,0,0,0.0,1,0,1,1,0,1,1,1,1,0,0,0,0,0,0,4,2,0,1,0,1,0,0,0,0,1,0,0,0,0,0,0,0,0,0,1,795,1,0,0,1,0,1,11,0,0,0,1,1,1,1,1,0,1,1,0,0,0,0,0,0,0,1,0,1,0,0,1,0,0,0,0,0,0,0,0,0,0,0,0,0,1,0,0,0,0,0
4dc85c3f-aab9-4bcb-8640-2962088079e3,1,1,0,0,0,0,0,0,0,0,1,1,1,1,0,0,0,0,0,1,121,1,1456,1,0,1,0,0,0,1,0,0,0,0,10,3,1,0,0,1,1,0,0,0,3,0,0,0,0,0,0.0,1,1,0,0,0,1,1,1,1,0,0,0,0,0,1,1,1,0,0,0,0,0,0,0,0,1,0,0,0,0,0,0,0,0,0,1,126,1,0,0,0,0,1,1,0,0,0,1,1,1,0,1,0,0,0,0,0,0,0,0,0,0,0,0,1,0,0,1,0,0,0,0,0,0,0,0,0,0,0,0,0,1,0,0,0,0,0
4e6f784c-ef6b-4858-9bba-eff10f072f20,1,1,0,0,0,0,0,0,0,0,1,1,1,1,0,0,0,0,0,1,146,1,377,1,0,1,0,0,0,1,0,0,0,0,2,2,1,0,0,1,1,0,0,0,2,0,0,0,0,0,0.0,1,1,0,0,0,1,1,1,1,0,0,0,0,0,0,1,1,0,0,0,0,0,0,0,0,1,0,0,0,0,0,0,0,0,0,0,0,1,0,0,0,0,0,0,0,0,0,1,1,1,0,1,1,0,0,0,0,0,0,0,0,0,1,0,1,0,0,1,0,0,0,0,0,0,0,0,0,0,0,0,0,1,0,0,0,0,0
4e933ef9-dd62-4ec7-89d0-cd7bfef636c7,1,0,0,0,0,1,0,0,0,0,1,1,1,1,0,0,0,0,0,1,38,1,305,1,0,1,0,0,0,1,0,0,0,0,2,2,1,0,0,1,1,0,0,0,2,0,0,0,0,0,0.0,1,1,1,1,0,1,1,1,1,0,0,0,0,0,0,1,1,0,0,0,0,0,0,0,0,1,0,0,0,0,0,0,0,0,0,1,19,1,0,0,0,0,0,0,0,0,0,1,1,1,0,1,1,0,0,0,0,0,0,0,0,0,0,0,1,0,0,1,0,0,0,0,0,0,0,0,0,0,0,0,0,1,0,0,0,0,0
4f24edcb-f78d-4539-923f-5a02b6212ed8,1,0,0,0,0,1,0,0,0,0,0,1,1,1,0,0,0,0,0,1,7,1,22,1,0,1,0,0,0,1,0,0,0,0,3,2,1,0,0,1,1,0,0,0,2,0,0,0,0,0,0.0,1,0,1,1,0,1,1,1,1,0,0,0,0,0,1,1,1,0,0,0,0,0,0,0,0,1,0,0,0,0,0,0,0,0,0,1,25,1,0,0,0,0,0,0,0,0,0,1,0,1,0,1,0,0,0,0,0,0,0,0,0,0,0,0,1,0,0,1,0,0,0,0,0,0,0,0,0,0,0,0,0,1,0,0,0,0,0
4f31c6c0-2677-4e94-9529-eff40ecd420f,1,0,0,0,0,1,0,0,0,0,1,1,1,1,0,0,0,0,0,1,182,1,1302,1,0,1,0,0,0,1,0,0,0,0,5,2,1,0,0,1,1,0,0,0,2,0,0,0,0,0,0.0,0,0,0,0,0,0,0,0,0,0,0,0,0,0,0,3,2,0,0,0,0,0,0,0,0,1,0,0,0,0,0,0,0,0,0,0,0,1,0,0,0,0,1,1,0,0,0,1,1,1,0,1,0,0,0,0,0,0,0,0,0,0,0,0,0,0,0,0,0,0,0,0,0,0,0,0,0,0,0,0,0,0,0,0,0,0,0
4fc717c2-f2a1-4265-a183-230755a10ffc,1,1,0,0,0,0,0,0,0,0,1,1,1,1,0,0,0,0,0,1,92,1,401,1,0,1,0,0,0,1,0,0,0,0,4,2,1,0,0,1,1,0,0,0,2,0,0,0,0,0,0.0,1,1,0,0,0,1,1,1,1,0,0,0,0,0,0,6,3,0,0,0,0,0,0,0,0,1,0,0,0,0,0,0,0,0,0,1,1298,1,0,0,0,0,0,0,0,0,0,1,1,1,0,1,1,0,0,0,0,0,0,0,0,0,1,0,1,0,0,1,0,0,0,0,0,0,0,0,0,0,0,0,0,1,0,0,0,0,0
5046dfd0-ee09-448a-985f-4279b61be954,1,0,0,0,0,1,0,0,0,0,1,1,1,1,0,0,0,0,0,1,73,1,577,1,0,1,0,0,0,1,0,0,0,0,4,2,1,0,0,1,1,0,0,0,2,0,0,0,0,0,0.0,1,1,0,0,0,1,1,1,1,0,0,0,0,0,1,2,2,0,0,0,0,0,0,0,0,1,0,0,0,0,0,0,0,0,0,1,109,1,0,0,0,0,0,0,0,0,0,1,1,1,0,1,1,0,0,0,0,0,0,0,0,0,0,0,1,0,0,1,0,0,0,0,0,0,0,0,0,0,0,0,0,1,0,0,0,0,0
50aef84a-a170-4503-b4a4-789b77295c0d,1,1,0,0,0,0,0,0,0,0,1,1,1,1,0,0,0,0,0,1,72,1,99,1,0,1,0,0,0,1,0,0,0,0,4,2,1,0,0,1,1,0,0,0,2,0,0,0,0,0,0.0,1,1,0,0,0,1,1,1,1,0,0,0,0,0,0,1,1,0,0,0,0,0,0,0,0,1,0,0,0,0,0,0,0,0,0,1,362,1,0,0,0,0,0,0,0,0,0,1,1,1,0,1,1,0,0,0,0,0,0,0,0,0,1,0,1,0,0,1,0,0,0,0,0,0,0,0,0,0,0,0,0,1,0,0,0,0,0
50b4edb9-8586-47e8-9ba8-939b7ec2d47f,1,1,0,0,0,0,0,0,0,0,0,1,1,1,0,1,0,0,0,1,184,1,1543,1,0,1,0,0,0,1,0,0,0,0,2,2,0,0,0,1,1,0,0,0,2,1,1,1,0,0,0.0,1,1,0,0,0,1,1,1,1,0,0,0,0,0,0,1,1,0,1,1,1,0,0,0,0,1,0,0,0,0,0,0,0,0,0,1,1543,1,1,62,1,0,0,0,0,0,0,1,1,1,0,1,0,1,0,1,0,0,0,0,0,0,1,0,1,0,0,1,0,0,0,0,0,0,0,0,0,0,0,0,0,1,0,0,0,0,0
52496518-f052-4656-9b07-9697f8028e2c,1,1,0,0,0,0,0,0,0,0,1,1,1,1,0,0,0,0,0,1,98,1,1073,1,0,1,0,0,0,1,0,0,0,0,4,2,1,0,0,1,1,0,0,0,2,0,0,0,0,0,0.0,1,1,0,0,0,1,1,1,1,0,0,0,0,0,0,1,1,0,0,0,0,0,0,0,0,1,0,0,0,0,0,0,0,0,0,0,0,1,0,0,0,0,0,0,0,0,0,1,1,1,0,1,1,0,0,0,0,0,0,0,0,0,1,0,1,0,0,1,0,0,0,0,0,0,0,0,0,0,0,0,0,1,0,0,0,0,0
52ce884b-0ab7-4a84-9c19-8a4add6c9be7,1,0,0,0,0,1,0,0,0,0,0,1,1,1,0,0,1,115,0,1,13,1,1346,1,0,1,0,0,0,1,0,0,0,0,4,2,1,0,0,1,1,0,0,0,2,0,0,0,0,0,0.0,1,1,0,0,0,1,1,1,1,0,0,0,0,0,0,19,3,0,0,0,0,0,0,0,0,1,0,0,0,0,0,0,0,0,0,1,2605,1,0,0,0,0,1,64,0,0,0,1,1,1,0,1,0,0,0,0,0,0,0,0,0,0,0,0,1,0,0,1,0,0,0,0,0,0,0,0,0,0,0,0,0,1,0,0,0,0,0
5304c6fb-389c-4861-b55e-3fc62e49ef3f,1,0,0,0,0,1,0,0,0,0,1,1,1,1,0,0,0,0,0,1,9,1,265,1,0,1,0,0,0,1,0,0,0,0,20,3,1,0,0,1,1,0,0,0,3,0,0,0,0,0,0.0,1,0,1,1,0,1,1,1,1,0,0,0,0,0,0,8,3,0,0,0,0,0,0,0,0,1,0,0,0,0,0,0,0,0,0,1,4867,1,0,0,0,0,1,2,0,0,0,1,1,1,1,0,0,0,0,0,0,0,0,0,0,0,0,0,0,0,0,0,0,0,0,0,0,0,0,0,0,0,0,0,0,0,0,0,0,0,0
5310c53e-6553-408b-ba72-a3e8d8528886,1,1,0,0,0,0,0,0,0,0,1,1,1,1,0,0,0,0,0,1,156,1,397,1,0,1,0,0,0,1,0,0,0,0,2,2,1,0,0,1,1,0,0,0,2,0,0,0,0,0,0.0,1,1,0,0,0,1,1,1,1,0,0,0,0,0,0,1,1,0,0,0,0,0,0,0,0,1,0,0,0,0,0,0,0,0,0,1,125,1,0,0,0,0,0,0,0,0,0,1,1,1,1,1,1,0,0,0,0,0,0,0,0,0,0,0,1,0,0,1,0,0,0,0,0,0,0,0,0,0,0,0,0,1,0,0,0,0,0
54103a49-b24b-4ef0-b578-cfe34b2d0cc9,1,1,0,0,0,0,0,0,0,0,1,1,1,1,0,0,0,0,0,1,65,1,1623,1,0,1,0,0,0,1,0,0,0,0,2,2,1,0,0,1,1,0,0,0,2,0,0,0,0,0,0.0,1,1,0,0,0,1,1,1,1,0,0,0,0,0,0,1,1,0,0,0,0,0,0,0,0,1,0,0,0,0,0,0,0,0,0,1,103,1,0,0,0,0,0,0,0,0,0,1,1,1,0,1,1,0,0,0,0,0,0,0,0,0,0,0,1,0,0,1,0,0,0,0,0,0,0,0,0,0,0,0,0,1,0,0,0,0,0
5453f937-96e5-44ff-8cca-d2910f2ff413,1,1,0,0,0,0,0,0,0,0,0,1,1,1,0,0,0,0,0,1,125,1,349,1,0,1,0,0,0,1,0,0,0,0,2,2,1,0,0,1,1,0,0,0,2,0,0,0,0,0,0.0,1,1,0,0,0,1,1,1,1,0,0,0,0,0,0,1,1,0,0,0,0,0,0,0,0,1,0,0,0,0,0,0,0,0,0,1,349,1,0,0,0,0,1,1,0,0,0,1,0,1,1,1,0,0,0,0,0,0,0,0,0,0,0,0,1,0,0,1,0,0,0,0,0,0,0,0,0,0,0,0,0,1,0,0,0,0,0
54b80057-6b1a-4c2d-ba28-e12cb95e23a9,1,0,0,0,0,1,0,0,0,0,1,1,1,1,0,0,0,0,0,1,105,1,111,1,0,1,0,0,0,1,0,0,0,0,2,2,0,0,0,1,1,0,0,0,2,0,0,0,0,0,0.0,1,1,1,1,0,1,1,1,1,0,0,0,0,0,0,1,1,0,0,0,0,0,0,0,0,1,0,0,0,0,0,0,0,0,0,1,109,1,0,0,0,0,0,0,0,0,0,1,1,1,0,1,1,0,0,0,0,0,0,0,0,0,0,0,1,0,0,1,0,0,0,0,0,0,0,0,0,0,0,0,0,0,0,0,0,0,1
5582214b-1175-40c6-94b3-100a0abc6952,1,1,0,0,0,0,0,0,0,0,1,1,1,1,0,0,0,0,0,1,153,1,477,1,0,1,0,0,0,1,0,0,0,0,6,3,1,0,0,1,1,0,0,0,2,0,0,0,0,0,0.0,1,1,0,0,0,1,1,1,1,0,0,0,0,0,0,1,1,0,0,0,0,0,0,0,0,1,0,0,0,0,0,0,0,0,0,0,0,1,0,0,0,0,0,0,0,0,0,1,1,1,0,1,1,0,0,0,0,0,0,0,0,0,1,0,0,0,0,0,0,0,0,0,0,0,0,0,0,0,0,0,0,0,0,0,0,0,0
559e98be-5127-435a-acaa-db4d1aeb9d79,1,0,0,0,0,1,0,0,0,0,1,1,1,1,0,0,0,0,0,1,41,1,95,1,0,1,0,0,0,1,0,0,0,0,5,2,1,0,0,1,1,0,0,0,3,0,0,0,0,0,0.0,1,1,0,0,0,1,1,1,1,0,0,0,0,0,0,1,1,0,0,0,0,0,0,0,0,1,0,0,0,0,0,0,0,0,0,1,108,1,0,0,0,0,0,0,0,0,0,1,1,1,0,1,1,0,0,0,0,0,0,0,0,0,0,0,1,0,0,1,0,0,0,0,0,0,0,0,0,0,0,0,0,1,0,0,0,0,0
55a06317-9798-4fcb-9160-4ed6bc45de01,1,0,0,0,0,1,0,0,0,0,1,1,1,1,0,0,0,0,0,1,23,1,66,1,0,1,0,0,0,1,0,0,0,0,2,2,1,0,0,1,1,0,0,0,2,0,0,0,0,0,0.0,1,1,0,0,0,1,1,1,1,0,0,0,0,0,0,1,1,0,0,0,0,0,0,0,0,1,0,0,0,0,0,0,0,0,0,0,0,1,0,0,0,0,1,1,0,0,0,1,1,1,0,0,0,0,0,0,0,0,0,0,0,0,1,0,0,0,0,0,0,0,0,0,0,0,0,0,0,0,0,0,0,0,0,0,0,0,0
55e82a27-a68d-4d8f-a309-f50008c23d55,1,1,0,0,0,0,0,0,0,0,1,1,1,1,0,0,1,1191,0,1,169,1,271,1,0,1,0,0,0,1,0,0,0,0,4,2,1,0,0,1,1,0,0,1,3,0,0,0,0,0,0.0,1,1,0,0,0,1,1,1,1,0,0,0,0,0,1,1,1,0,0,0,0,0,0,0,0,1,0,0,0,0,0,0,0,0,0,1,442,1,0,0,0,0,0,0,0,0,0,1,1,1,0,1,0,0,0,0,0,0,0,0,0,0,0,0,1,0,0,1,0,0,0,0,0,0,0,0,0,0,0,0,0,1,0,0,0,0,0
55f34acc-2a92-4172-ab98-7eb37d87c059,1,0,0,0,0,1,0,0,0,0,1,1,1,1,0,0,0,0,0,1,30,1,2381,1,0,1,0,0,0,1,0,0,0,0,23,3,1,1,0,1,1,0,0,0,6,1,2,0,0,1,0.0,1,0,1,1,0,1,1,1,1,0,0,0,0,0,1,2,2,0,0,0,0,0,0,0,0,1,0,0,0,0,0,0,0,0,0,1,1572,1,1,717,1,0,1,2,0,0,0,1,1,1,1,1,0,0,0,0,0,0,0,0,0,0,0,0,1,0,0,0,0,0,0,0,0,0,0,0,0,0,0,0,0,0,0,0,0,0,0
568f7ada-ff6f-47fa-88e3-d970624f9892,1,0,0,0,0,1,0,0,0,0,1,1,1,1,0,0,0,0,0,1,56,1,527,1,0,1,0,0,0,1,0,0,0,0,2,2,1,0,0,1,1,0,0,0,2,0,0,0,0,0,0.0,1,1,0,0,0,1,1,1,1,0,0,0,0,0,1,1,1,0,0,0,0,0,0,0,0,1,0,0,0,0,0,0,0,0,0,1,376,1,0,0,0,0,1,2,0,0,0,1,1,1,0,1,0,0,0,0,0,0,0,0,0,0,0,0,1,0,0,1,0,0,0,0,0,0,0,0,0,0,0,0,0,0,0,1,0,0,0
569b2733-1d06-4487-a630-328590512354,1,0,0,0,0,1,0,0,0,0,1,1,1,1,0,0,0,0,0,1,138,1,733,1,0,1,0,0,0,1,0,0,0,0,2,2,1,0,0,1,1,0,0,0,2,0,0,0,0,0,0.0,1,0,0,0,0,1,1,1,1,0,0,0,0,0,0,1,1,0,0,0,0,0,0,0,0,1,0,0,0,0,0,0,0,0,0,0,0,1,0,0,0,0,0,0,0,0,0,1,1,1,0,1,1,0,0,0,0,0,0,0,0,0,0,0,1,0,0,1,0,0,0,0,0,0,0,0,0,0,0,0,0,1,0,0,0,0,0
56b3306b-fd09-4501-bd48-1323a66c7f4d,1,0,0,0,0,1,0,0,0,0,1,1,1,1,0,0,1,934,0,1,120,1,2169,1,0,1,0,0,0,1,0,0,0,0,5,2,1,0,0,1,1,0,0,0,3,0,0,0,0,0,0.0,1,1,0,0,0,1,1,1,1,0,0,0,0,0,0,1,1,0,0,0,0,0,0,0,0,1,0,0,0,0,0,0,0,0,0,1,1549,1,0,0,0,0,0,0,0,0,0,1,1,1,0,1,0,0,0,0,0,0,0,0,0,0,0,0,0,0,0,0,0,0,0,0,0,0,0,0,0,0,0,0,0,0,0,0,0,0,0
571ef231-7187-4df6-ba77-040dc70a501f,1,1,0,0,0,0,0,0,0,0,1,1,1,1,0,0,0,0,0,1,138,1,2585,1,0,1,0,0,0,1,0,0,0,0,8,3,1,0,0,1,1,0,0,0,4,0,0,0,0,0,0.0,1,1,0,0,0,1,1,1,1,0,0,0,0,0,0,2,2,0,0,0,0,0,0,0,0,1,0,0,0,0,0,0,0,0,0,1,493,1,0,0,0,0,1,19,0,0,0,1,1,1,0,1,1,0,0,0,0,0,0,0,0,0,0,0,1,0,0,1,0,0,0,0,0,0,0,0,0,0,0,0,0,1,0,0,0,0,0
57f3f51a-a07f-4b54-9010-19b1d2ed966c,1,0,0,0,0,1,0,0,0,0,1,1,1,1,0,1,0,0,0,1,14,1,44,1,0,1,0,0,0,1,0,0,0,0,2,2,1,0,0,1,1,0,0,0,2,1,1,0,0,1,0.0,1,0,0,0,0,1,1,1,1,0,0,0,0,0,1,1,1,0,1,0,1,0,0,0,0,1,0,0,0,0,0,0,0,0,0,1,33,1,0,0,1,0,1,1,0,0,0,1,1,1,1,1,0,1,1,0,0,0,0,0,0,0,0,0,1,0,0,1,0,0,0,0,0,0,0,0,0,0,0,0,0,1,0,0,0,0,0
58492be3-9e1c-45c4-9076-11c522d023f5,1,1,0,0,0,0,0,0,0,0,1,1,1,1,0,0,1,223,0,1,96,1,1967,1,0,1,0,0,0,1,0,0,0,0,8,3,1,0,0,1,1,0,0,0,2,0,0,0,0,0,0.0,1,1,0,0,0,1,1,1,1,0,0,0,0,0,0,1,1,0,0,0,0,0,0,0,0,1,0,0,0,0,0,0,0,0,0,1,1094,1,0,0,0,0,1,8,0,0,0,1,1,1,0,1,1,0,0,0,0,0,0,0,0,0,1,0,1,0,0,1,0,0,0,0,0,0,0,0,0,0,0,0,0,1,0,0,0,0,0
58ce5c85-d1bb-484b-bcc6-66368a4a4480,1,0,0,0,0,1,0,0,0,0,1,1,1,1,0,0,0,0,0,1,132,1,1855,1,0,1,0,0,0,1,0,0,0,0,8,3,1,0,0,1,1,0,0,0,2,0,0,0,0,0,0.0,1,1,0,0,0,1,1,1,1,0,0,0,0,0,0,1,1,0,0,0,0,0,0,0,0,1,0,0,0,0,0,0,0,0,0,1,1308,1,0,0,0,0,0,0,0,0,0,1,1,1,0,1,0,0,0,0,0,0,0,0,0,0,0,0,0,0,0,0,0,0,0,0,0,0,0,0,0,0,0,0,0,0,0,0,0,0,0
58ffa575-8641-441e-8436-bb430cdb3700,1,1,0,0,0,0,0,0,0,0,1,1,1,1,0,0,0,0,0,1,112,1,529,1,0,1,0,0,0,1,0,0,0,0,5,2,1,0,0,1,1,0,0,0,2,0,0,0,0,0,0.0,1,1,0,0,0,1,1,1,1,0,0,0,0,0,1,1,1,0,0,0,0,0,0,0,0,1,0,0,0,0,0,0,0,0,0,1,42,1,0,0,0,0,1,3,0,0,0,1,1,1,0,1,1,0,0,0,0,0,0,0,0,0,1,0,1,0,0,1,0,0,0,0,0,0,0,0,0,0,0,0,0,1,0,0,0,0,0
594dcf3e-8a65-46c4-8001-21a8a3d2b6ab,1,1,0,0,0,0,0,0,0,0,1,1,1,1,0,1,0,0,0,1,17,1,375,1,0,1,0,0,0,1,0,0,0,0,6,3,1,0,0,1,1,0,0,0,3,1,1,1,0,0,10000.0,1,1,1,1,0,1,1,1,1,0,0,0,0,0,1,1,1,0,1,0,1,0,0,0,0,1,0,0,0,0,0,0,0,0,0,1,161,1,1,214,1,0,0,0,0,0,0,1,1,1,1,1,0,1,1,0,0,0,0,0,0,0,1,0,1,0,0,1,0,0,0,0,0,0,0,0,0,0,0,0,0,1,0,0,0,0,0
59eba067-fdd8-4794-b46c-53238a8e244e,1,1,0,0,0,0,0,0,0,0,1,1,1,1,0,1,0,0,0,1,19,1,408,1,0,1,0,0,0,1,0,0,0,0,6,3,1,0,0,1,1,0,0,0,2,1,1,1,0,0,0.0,1,1,1,1,0,1,1,1,1,0,0,0,0,0,0,1,1,0,1,0,1,0,0,0,0,1,0,0,0,0,0,0,0,0,0,1,263,1,0,0,1,0,1,3,0,0,0,1,1,1,1,1,0,1,1,0,0,0,0,0,0,0,1,0,1,0,0,1,0,0,0,0,0,0,0,0,0,0,0,0,0,1,0,0,0,0,0
5a237c2d-eb8b-49f0-8159-d9f515852fb1,1,1,0,0,0,0,0,0,0,0,1,1,1,1,0,0,0,0,0,1,112,1,11565,1,0,1,0,0,0,1,0,0,0,0,5,2,1,0,0,1,1,0,0,0,2,0,0,0,0,0,0.0,1,1,0,0,0,1,1,1,1,0,0,0,0,0,0,11,3,0,0,0,0,1,0,0,0,1,0,0,0,0,0,0,0,0,0,1,11162,1,0,0,0,0,1,114,0,0,0,1,1,1,0,1,1,0,0,0,0,0,0,0,0,0,0,0,1,0,0,1,0,0,0,0,0,0,0,0,0,0,0,0,0,1,0,0,0,0,0
5a351aee-cd79-42ce-b611-23b5ed264796,1,0,0,0,0,1,0,0,0,0,1,1,1,1,0,0,0,0,0,1,60,1,338,1,0,1,0,0,0,1,0,0,0,0,4,2,0,0,0,1,1,0,0,0,2,0,0,0,0,0,0.0,1,1,0,0,0,1,1,1,1,0,0,0,0,0,0,1,1,0,0,0,0,0,0,0,0,1,0,0,0,0,0,0,0,0,0,1,338,1,0,0,0,0,1,1,0,0,0,1,1,1,0,0,0,0,0,0,0,0,0,0,0,0,0,0,0,0,0,0,0,0,0,0,0,0,0,0,0,0,0,0,0,0,0,0,0,0,0
5a627e82-7e77-48b6-93ba-428ab1074bcf,1,1,0,0,0,0,0,0,0,0,1,1,1,1,0,0,0,0,0,1,109,1,1183,1,0,1,0,0,0,1,0,0,0,0,8,3,1,0,0,1,1,0,0,0,2,0,0,0,0,0,0.0,1,1,0,0,0,1,1,1,1,0,0,0,0,0,0,1,1,0,0,0,0,0,0,0,0,1,0,0,0,0,0,0,0,0,0,1,1185,1,0,0,0,0,0,0,0,0,0,1,1,1,1,1,1,0,0,0,0,0,0,0,0,0,1,0,1,0,0,1,0,0,0,0,0,0,0,0,0,0,0,0,0,1,0,0,0,0,0
5ae8dfbb-99e8-4a7d-b3c9-98f05b6504de,1,1,0,0,0,0,0,0,0,0,1,1,1,1,0,1,0,0,0,1,39,1,482,1,0,1,0,0,0,1,0,0,0,0,4,2,1,0,0,1,1,0,0,0,2,1,4,1,0,1,0.0,1,1,1,1,0,1,1,1,1,0,0,0,0,0,0,4,2,0,1,0,1,0,0,0,0,1,0,0,0,0,0,0,0,0,0,1,992,1,0,0,1,0,1,6,0,0,0,1,1,1,1,1,1,1,1,0,0,0,0,0,0,0,0,0,1,0,0,1,0,0,0,0,0,0,0,0,0,0,0,0,0,1,0,0,0,0,0
5b9044e5-4c8e-40bd-a916-3a183d999277,1,1,0,0,0,0,0,0,0,0,1,1,1,1,0,0,0,0,0,1,40,1,677,1,0,1,0,0,0,1,0,0,0,0,2,2,1,0,0,1,1,0,0,0,2,0,0,0,0,0,0.0,0,0,0,0,0,0,0,0,0,0,0,0,0,0,0,2,2,0,0,0,0,0,0,0,0,1,0,0,0,0,0,0,0,0,0,0,0,1,0,0,0,0,0,0,0,0,0,1,1,1,0,1,0,0,0,0,0,0,0,0,0,0,1,0,0,0,0,0,0,0,0,0,0,0,0,0,0,0,0,0,0,0,0,0,0,0,0
5be53c43-13b4-4a02-bfe9-9441a72b0c4b,1,1,0,0,0,0,0,0,0,0,1,1,1,1,0,0,0,0,0,1,45,1,467,1,0,1,0,0,0,1,0,0,0,0,5,2,1,0,0,1,1,0,0,0,2,0,0,0,0,0,0.0,1,1,0,0,0,1,1,1,1,0,0,0,0,0,0,1,1,0,0,0,0,0,0,0,0,1,0,0,0,0,0,0,0,0,0,0,0,1,0,0,0,0,0,0,0,0,0,1,1,1,0,1,1,0,0,0,0,0,0,0,0,0,0,0,1,0,0,1,0,0,0,0,0,0,0,0,0,0,0,0,0,1,0,0,0,0,0
5c062bd9-b216-4def-bfe8-ca4baa1623c9,1,1,0,0,0,0,0,0,0,0,0,1,1,1,0,0,1,220,0,1,84,1,1498,1,0,1,0,0,0,1,0,0,0,0,7,3,1,0,0,1,1,0,0,0,2,0,0,0,0,0,0.0,1,1,0,0,0,1,1,1,1,0,0,0,0,0,0,4,2,0,0,0,0,0,0,0,0,1,0,0,0,0,0,0,0,0,0,1,1852,1,0,0,0,0,0,0,0,0,0,1,1,1,0,1,1,0,0,0,0,0,0,0,0,0,0,0,1,0,0,1,0,0,0,0,0,0,0,0,0,0,0,0,0,1,0,0,0,0,1
5c28fbfc-1378-44a4-acef-a68d7b3b4e61,1,0,0,0,0,1,0,0,0,0,1,1,1,1,0,0,0,0,0,1,31,1,347,1,0,1,0,0,0,1,0,0,0,0,2,2,0,0,0,1,1,0,0,0,2,0,0,0,0,0,0.0,0,0,0,0,0,0,0,0,0,0,0,0,0,0,0,2,2,0,0,0,0,0,0,0,0,1,0,0,0,0,0,0,0,0,0,1,299,1,0,0,0,0,1,1,0,0,0,1,1,1,0,1,0,0,0,0,0,0,0,0,0,0,1,0,0,0,0,0,0,0,0,0,0,0,0,0,0,0,0,0,0,0,0,0,0,0,0
5c801a51-c603-4841-b416-623054711794,1,1,0,0,0,0,0,0,0,0,1,1,1,1,0,0,0,0,0,1,137,1,620,1,0,1,0,0,0,1,0,0,0,0,8,3,1,0,0,1,1,0,0,0,2,0,0,0,0,0,0.0,1,1,0,0,0,1,1,1,1,0,0,0,0,0,1,1,1,0,0,0,0,0,0,0,0,1,0,0,0,0,0,0,0,0,0,1,620,1,0,0,0,0,0,0,0,0,0,1,1,1,0,1,1,0,0,0,0,0,0,0,0,0,0,0,1,0,0,1,0,0,0,0,0,0,0,0,0,0,0,0,0,1,0,0,0,0,0
5c98d919-56fe-4573-83cc-04d6d20e3e84,1,1,0,0,0,0,0,0,0,0,1,1,1,1,0,0,0,0,0,1,180,1,865,1,0,1,0,0,0,1,0,0,0,0,7,3,1,0,0,1,1,0,0,0,2,0,0,0,0,0,0.0,1,1,0,0,0,1,1,1,1,0,0,0,0,0,0,0,0,0,0,0,0,0,0,0,0,0,0,0,0,0,0,0,0,0,0,0,0,0,0,0,0,0,0,0,0,0,0,0,0,0,0,0,0,0,0,0,0,0,0,0,0,0,0,0,0,0,0,0,0,0,0,0,0,0,0,0,0,0,0,0,0,0,0,0,0,0,0
5cb78c34-71c6-4e25-978b-0ad9c105f573,1,0,0,0,0,1,0,0,0,0,1,1,1,1,0,0,0,0,0,1,31,1,651,1,0,1,0,0,0,1,0,0,0,0,16,3,1,0,0,1,1,0,0,0,2,0,0,0,0,0,0.0,1,0,1,1,0,1,1,1,1,0,0,0,0,0,0,1,1,0,0,0,0,0,0,0,0,1,0,0,0,0,0,0,0,0,0,1,319,1,0,0,0,0,1,5,0,0,0,1,1,1,0,1,0,0,0,0,0,1,0,1,0,0,0,0,1,0,0,1,0,0,0,0,0,0,0,0,0,0,0,0,0,1,0,0,0,0,0
5d25b062-80ea-4e19-a627-797b401a89e0,1,0,0,0,0,1,0,0,0,0,1,1,1,1,0,0,0,0,0,1,133,1,620,1,0,1,0,0,0,1,0,0,0,0,8,3,1,0,0,1,1,0,0,0,2,0,0,0,0,0,0.0,1,1,0,0,0,1,1,1,1,0,0,0,0,0,1,1,1,0,0,0,0,0,0,0,0,1,0,0,0,0,0,0,0,0,0,1,620,1,0,0,0,0,0,0,0,0,0,1,1,1,0,1,1,0,0,0,0,0,0,0,0,0,0,0,0,0,0,0,0,0,0,0,0,0,0,0,0,0,0,0,0,0,0,0,0,0,0
5d3ffa59-b981-475d-9986-9bf9aaf55a8e,1,1,0,0,0,0,0,0,0,0,1,1,1,1,0,1,0,0,0,1,91,1,1136,1,0,1,0,0,0,1,0,0,0,0,12,3,1,0,0,1,1,0,0,0,2,1,2,1,0,1,0.0,1,0,1,1,0,1,1,1,1,0,0,0,0,0,0,2,2,0,1,0,1,0,0,0,0,1,0,0,0,0,0,0,0,0,0,1,166,1,0,0,1,0,0,0,0,0,0,1,1,1,0,1,0,1,1,0,0,0,0,0,0,0,0,0,1,0,0,1,0,0,0,0,0,0,0,0,0,0,0,0,0,1,0,0,0,0,0
5dd969f4-294c-4e67-a521-92d2eb918f48,1,1,0,0,0,0,0,0,0,0,1,1,1,1,0,0,0,0,0,1,66,1,749,1,0,1,0,0,0,1,0,0,0,0,2,2,1,0,0,1,1,0,0,0,2,0,0,0,0,0,0.0,1,1,0,0,0,1,1,1,1,0,0,0,0,0,0,1,1,0,0,0,0,0,0,0,0,1,0,0,0,0,0,0,0,0,0,1,90,1,0,0,0,0,1,1,0,0,0,1,1,1,0,1,0,0,0,0,0,0,0,0,0,0,0,0,1,0,0,1,0,0,0,0,0,0,0,0,0,0,0,0,0,1,0,0,0,0,0
5ddb62d1-a4c8-4bd3-b1a4-e5cf63e38c9c,1,1,0,0,0,0,0,0,0,0,1,1,1,1,0,0,0,0,0,1,120,1,1531,1,0,1,0,0,0,1,0,0,0,0,4,2,1,0,0,1,1,0,0,0,2,0,0,0,0,0,0.0,1,1,0,0,0,1,1,1,1,0,0,0,0,0,1,1,1,0,0,0,0,0,0,0,0,1,0,0,0,0,0,0,0,0,0,1,685,1,0,0,0,0,0,0,0,0,0,1,1,1,0,1,1,0,0,0,0,0,0,0,0,0,0,0,1,0,0,1,0,0,0,0,0,0,0,0,0,0,0,0,0,1,0,0,0,0,0
5e762200-b50e-41fb-9df5-328366884642,1,1,0,0,0,0,0,0,0,0,1,1,1,1,0,1,0,0,0,1,30,1,1169,1,0,1,0,0,0,1,0,0,0,0,2,2,0,0,0,1,0,0,0,0,1,1,5,1,0,1,25000.0,1,0,1,1,0,1,1,1,1,0,0,0,0,0,0,5,2,0,1,1,1,0,0,0,0,1,0,0,0,0,0,0,0,0,0,1,2005,1,1,129,1,0,1,28,1,0,0,1,1,1,0,1,0,1,1,0,0,0,0,0,0,0,1,0,1,0,0,1,0,0,0,0,0,0,0,0,0,0,0,0,0,1,0,0,0,0,0
5eb9e018-56d1-4792-8017-7f2aa8ad4cde,1,1,0,0,0,0,0,0,0,0,1,1,1,1,0,0,0,0,0,1,125,1,760,1,0,1,0,0,0,1,0,0,0,0,11,3,1,0,0,1,1,0,0,0,2,0,0,0,0,0,0.0,1,1,0,0,0,1,1,1,1,0,0,0,0,0,1,3,2,0,0,0,0,0,0,0,0,1,0,0,0,0,0,0,0,0,0,1,1362,1,0,0,0,0,1,3,0,0,0,1,1,1,0,1,0,0,0,0,0,0,0,0,0,0,1,0,0,0,0,0,0,0,0,0,0,0,0,0,0,0,0,0,0,0,0,0,0,0,0
5ec2e7d5-604c-4715-89ff-24342a9cfa50,1,1,0,0,0,0,0,0,0,0,1,1,1,1,0,0,1,15,0,1,89,1,741,1,0,1,0,0,0,1,0,0,0,0,3,2,0,0,0,1,1,0,0,0,2,0,0,0,0,0,0.0,1,1,0,0,0,1,1,1,1,0,0,0,0,0,0,1,1,0,0,0,0,0,0,0,0,1,0,0,0,0,0,0,0,0,0,1,1519,1,0,0,0,0,1,1,0,0,0,1,1,1,0,1,0,0,0,0,0,0,0,0,0,0,1,0,1,0,0,1,0,0,0,0,0,0,0,0,0,0,0,0,0,1,0,0,0,0,0
5f4538fb-8238-4d59-8765-e5727d3f632c,1,1,0,0,0,0,0,0,0,0,0,1,1,1,0,0,1,43,0,1,16,1,2878,1,0,1,0,0,0,1,0,0,0,0,5,2,1,0,0,1,1,0,0,0,2,0,0,0,0,0,0.0,1,1,0,0,0,1,1,1,1,0,0,0,0,0,0,4,2,0,0,0,0,0,0,0,0,1,0,0,0,0,0,0,0,0,0,1,942,1,0,0,0,0,1,17,0,0,0,1,1,1,0,1,1,0,0,0,0,0,0,0,0,0,0,0,1,0,0,1,0,0,0,0,0,0,0,0,0,0,0,0,0,1,0,0,0,0,0
5f932a60-2564-4aae-b513-cd58d03d4271,1,1,0,0,0,0,0,0,0,0,1,1,1,1,0,0,0,0,0,1,37,1,362,1,0,1,0,0,0,1,0,0,0,0,4,2,1,0,0,1,1,0,0,0,2,0,0,0,0,0,0.0,0,0,0,0,0,0,0,0,0,0,0,0,0,0,0,2,2,0,0,0,0,0,0,0,0,1,0,0,0,0,0,0,0,0,0,1,594,1,0,0,0,0,0,0,0,0,0,1,1,1,0,1,0,0,0,0,0,0,0,0,0,0,1,0,0,0,0,0,0,0,0,0,0,0,0,0,0,0,0,0,0,0,0,0,0,0,0
5fe556fe-c2f4-4a3b-8b11-b683742accf4,1,0,0,0,0,1,0,0,0,0,1,1,1,1,0,0,0,0,0,1,35,1,1471,1,0,1,0,0,0,1,0,0,0,0,2,2,1,0,0,1,1,0,0,0,2,0,0,0,0,0,0.0,0,0,0,0,0,0,0,0,0,0,0,0,0,0,0,1,1,0,0,0,0,0,0,0,0,1,0,0,0,0,0,0,0,0,0,1,133,1,0,0,0,0,1,1,0,0,0,1,1,1,0,1,0,0,0,0,0,0,0,0,0,0,1,0,0,0,0,0,0,0,0,0,0,0,0,0,0,0,0,0,0,0,0,0,0,0,0
609ea724-247c-4e43-afd5-63dfbb4e0c48,1,0,0,0,0,1,0,0,0,0,1,1,1,1,0,0,1,160,0,1,66,1,1112,1,0,1,0,0,0,1,0,0,0,0,13,3,1,0,0,1,1,0,0,0,2,0,0,0,0,0,0.0,1,1,0,0,0,1,1,1,1,0,0,0,0,0,0,1,1,0,0,0,0,0,0,0,0,1,0,0,0,0,0,0,0,0,0,1,353,1,0,0,1,0,1,1,0,0,0,1,1,1,0,1,0,0,0,0,0,1,0,1,0,0,0,0,1,0,0,1,0,0,0,0,0,0,0,0,0,0,0,0,0,1,0,0,0,0,0
60b09aeb-b3be-406e-a2ab-adf5586de3e8,1,0,0,0,0,1,0,0,0,0,1,1,1,1,0,0,0,0,0,1,196,1,335,1,0,1,0,0,0,1,0,0,0,0,3,2,1,0,0,1,1,0,0,0,2,0,0,0,0,0,0.0,1,1,0,0,0,1,1,1,1,0,0,0,0,0,0,1,1,0,0,0,0,0,0,0,0,1,0,0,0,0,0,0,0,0,0,1,709,1,0,0,0,0,1,1,0,0,0,1,1,1,0,0,0,0,0,0,0,0,0,0,0,0,0,0,0,0,0,0,0,0,0,0,0,0,0,0,0,0,0,0,0,0,0,0,0,0,0
60d054c3-e55c-4016-b82d-0dadcda096ae,1,1,0,0,0,0,0,0,0,0,1,1,1,1,0,0,1,44,0,1,36,1,491,1,0,1,0,0,0,1,0,0,0,0,6,3,1,0,0,1,1,0,0,0,2,0,0,0,0,0,0.0,1,1,0,0,0,1,1,1,1,0,0,0,0,0,1,1,1,0,0,0,0,0,0,0,0,1,0,0,0,0,0,0,0,0,0,1,414,1,0,0,0,0,1,4,0,0,0,1,1,1,0,1,1,0,0,0,0,0,0,0,0,0,0,0,0,0,0,0,0,0,0,0,0,0,0,0,0,0,0,0,0,0,0,0,0,0,0
614dca9e-481d-461a-b040-29ba1614e1a5,1,1,0,0,0,0,0,0,0,0,1,1,1,1,0,0,0,0,0,1,162,1,1469,1,0,1,0,0,0,1,0,0,0,0,2,2,1,0,0,1,1,0,0,0,2,0,0,0,0,0,0.0,1,1,0,0,0,1,1,1,1,0,0,0,0,0,0,1,1,0,0,0,0,0,0,0,0,1,0,0,0,0,0,0,0,0,0,1,509,1,0,0,0,0,0,0,0,0,0,1,1,1,0,0,0,0,0,0,0,0,0,0,0,0,0,0,0,0,0,0,0,0,0,0,0,0,0,0,0,0,0,0,0,0,0,0,0,0,0
618e5187-0712-40dc-b62e-f9aa0c283426,1,0,0,0,0,1,0,0,0,0,1,1,1,1,0,0,0,0,0,1,150,1,432,1,0,1,0,0,0,1,0,0,0,0,2,2,1,0,0,1,1,0,0,0,2,0,0,0,0,0,0.0,1,1,0,0,0,1,1,1,1,0,0,0,0,0,1,0,0,0,0,0,0,0,0,0,0,0,0,0,0,0,0,0,0,0,0,0,0,0,0,0,0,0,0,0,0,0,0,0,0,0,0,0,0,0,0,0,0,0,0,0,0,0,0,0,0,0,0,0,0,0,0,0,0,0,0,0,0,0,0,0,0,0,0,0,0,0,0
62e43cc3-8fe9-4d4f-a143-ba0e14b955b8,1,1,0,0,0,0,0,0,0,0,1,1,1,1,0,0,0,0,0,1,140,1,1764,1,0,1,0,0,0,1,0,0,0,0,2,2,1,0,0,1,1,0,0,0,2,0,0,0,0,0,0.0,1,1,0,0,0,1,1,1,1,0,0,0,0,0,0,0,0,0,0,0,0,0,0,0,0,0,0,0,0,0,0,0,0,0,0,0,0,0,0,0,0,0,0,0,0,0,0,0,0,0,0,0,0,0,0,0,0,0,0,0,0,0,0,0,0,0,0,0,0,0,0,0,0,0,0,0,0,0,0,0,0,0,0,0,0,0,0
636d1276-e8c3-418a-aa32-25cd2cf0a9c5,1,1,0,0,0,0,0,0,0,0,1,1,1,1,1,1,0,0,0,1,18,1,502,1,0,1,0,0,0,1,0,0,0,0,2,2,0,0,0,1,0,0,0,0,1,1,49,1,0,0,12250.0,1,0,1,1,0,1,1,1,1,0,0,0,0,0,0,49,3,1,1,1,1,0,0,0,0,1,0,0,0,0,0,0,0,0,0,1,15754,1,0,0,1,0,0,0,0,0,0,1,1,1,0,1,0,1,1,1,1,1,0,1,0,0,1,0,1,0,0,1,0,0,0,0,0,0,0,0,0,0,0,0,0,1,0,0,0,0,0
639e6a1b-93bf-4117-8695-22694f1037b1,1,0,0,0,0,1,0,0,0,0,1,1,1,1,0,0,0,0,0,1,139,1,3794,1,0,1,0,0,0,1,0,0,0,0,12,3,1,0,0,1,1,0,0,0,2,0,0,0,0,0,0.0,1,1,1,1,0,1,1,1,1,0,0,0,0,0,0,1,1,0,0,0,0,0,0,0,0,1,0,0,0,0,0,0,0,0,0,1,68,1,0,0,0,0,1,4,0,0,0,1,1,1,0,0,0,0,0,0,0,0,0,0,0,0,0,0,0,0,0,0,0,0,0,0,0,0,0,0,0,0,0,0,0,0,0,0,0,0,0
63d6a3eb-f72a-4395-aaa1-0757bcc0c702,1,0,0,0,0,1,0,0,0,0,1,1,1,1,0,0,0,0,0,1,169,1,503,1,0,1,0,0,0,1,0,0,0,0,4,2,1,0,0,1,1,0,0,0,3,0,0,0,0,0,0.0,1,1,0,0,0,1,1,1,1,0,0,0,0,0,1,1,1,0,0,0,0,0,0,0,0,1,0,0,0,0,0,0,0,0,0,1,191,1,0,0,0,0,1,5,0,0,0,1,1,1,0,1,1,0,0,0,0,0,0,0,0,0,0,0,1,0,0,1,0,0,0,0,0,0,0,0,0,0,0,0,0,1,0,0,0,0,0
642348d0-a781-4393-9363-096b93a3231d,1,0,0,0,0,1,0,0,0,0,1,1,1,1,0,0,0,0,0,1,39,1,666,1,0,1,0,0,0,1,0,0,0,0,2,2,1,0,0,1,1,0,0,0,2,0,0,0,0,0,0.0,1,1,0,0,0,1,1,1,1,0,0,0,0,0,0,1,1,0,0,0,0,0,0,0,0,1,0,0,0,0,0,0,0,0,0,1,101,1,0,0,0,0,1,3,0,0,0,1,1,1,0,1,0,0,0,0,0,0,0,0,0,0,0,0,0,0,0,0,0,0,0,0,0,0,0,0,0,0,0,0,0,0,0,0,0,0,0
6430e3eb-39c5-441c-a0c8-98123598c2f5,1,1,0,0,0,0,0,0,0,0,1,1,1,1,0,0,1,80,0,1,82,1,451,1,0,1,0,0,0,1,0,0,0,0,2,2,1,0,0,1,1,0,0,0,2,0,0,0,0,0,0.0,1,1,0,0,0,1,1,1,1,0,0,0,0,0,0,1,1,0,0,0,0,0,0,0,0,1,0,0,0,0,0,0,0,0,0,1,52,1,0,0,0,0,0,0,0,0,0,1,1,1,0,1,1,0,0,0,0,0,0,0,0,0,1,0,1,0,0,1,0,0,0,0,0,0,0,0,0,0,0,0,0,1,0,0,0,0,0
64353bea-7f7d-4872-ae33-84fd099fcc4d,1,0,0,0,0,1,0,0,0,0,1,1,1,1,0,0,0,0,0,1,114,1,1427,1,0,1,0,0,0,1,0,0,0,0,7,3,1,0,0,1,1,0,0,0,2,0,0,0,0,0,0.0,1,1,0,0,0,1,1,1,1,0,0,0,0,0,0,1,1,0,0,0,0,0,0,0,0,1,0,0,0,0,0,0,0,0,0,1,525,1,0,0,0,0,1,1,0,0,0,1,1,1,0,1,1,0,0,0,0,0,0,0,0,0,1,0,1,0,0,1,0,0,0,0,0,0,0,0,0,0,0,0,0,1,0,0,0,0,0
6497c0ed-34c7-4136-95b2-ee32224ab6b9,1,1,0,0,0,0,0,0,0,0,1,1,1,1,0,0,1,169,0,1,141,1,649,1,0,1,0,0,0,1,0,0,0,0,3,2,1,0,0,1,1,0,0,0,2,0,0,0,0,0,0.0,1,1,0,0,0,1,1,1,1,0,0,0,0,0,0,3,2,0,0,0,0,0,0,0,0,1,0,0,0,0,0,0,0,0,0,1,1390,1,0,0,1,0,0,0,0,0,0,1,1,1,0,1,0,0,0,0,0,1,0,1,0,0,0,0,1,0,0,1,0,0,0,0,0,0,0,0,0,0,0,0,0,1,0,0,0,0,0
64c505d3-38cc-4149-923b-affa800abb81,1,0,0,0,0,1,0,0,0,0,0,1,1,1,0,0,0,0,0,1,51,1,564,1,0,1,0,0,0,1,0,0,0,0,2,2,1,0,0,1,1,0,0,0,2,0,0,0,0,0,0.0,1,1,0,0,0,1,1,1,1,0,0,0,0,0,1,1,1,0,0,0,0,0,0,0,0,1,0,0,0,0,0,0,0,0,0,0,0,1,0,0,0,0,0,0,0,0,0,1,0,1,0,1,0,0,0,0,0,0,0,0,0,0,0,0,1,0,0,1,0,0,0,0,0,0,0,0,0,0,0,0,0,1,0,0,0,0,0
64c97754-0fa3-4405-ba26-1f9cd74ccba9,1,1,0,0,0,0,0,0,0,0,1,1,1,1,0,1,0,0,0,1,19,1,579,1,0,1,0,0,0,1,0,0,0,0,5,2,1,0,0,1,1,0,0,0,2,1,1,1,0,1,0.0,1,1,1,1,0,1,1,1,1,0,0,0,0,0,0,1,1,0,1,0,1,0,0,0,0,1,0,0,0,0,0,0,0,0,0,1,519,1,0,0,1,0,1,5,0,0,0,1,1,1,1,1,0,1,1,0,0,0,0,0,0,0,1,0,1,0,0,1,0,0,0,0,0,0,0,0,0,0,0,0,0,1,0,0,0,0,0
6510151d-9ab5-46d6-8468-388544c13b42,1,0,0,0,0,1,0,0,0,0,1,1,1,1,0,1,0,0,0,1,57,1,1818,1,0,1,0,0,0,1,0,0,0,0,8,3,1,0,0,1,1,0,0,0,3,1,4,1,0,1,0.0,1,1,1,1,0,1,1,1,1,0,0,0,0,0,0,4,2,0,1,0,1,0,0,0,0,1,0,0,0,0,0,0,0,0,0,1,1072,1,0,0,1,0,1,3,0,0,0,1,1,1,0,0,0,1,1,0,0,0,0,0,0,0,0,0,1,0,0,1,0,0,0,0,0,0,0,0,0,0,0,0,0,1,0,0,0,0,0
65246747-e18f-408e-8d40-4e6b84d19f82,1,1,0,0,0,0,0,0,0,0,1,1,1,1,0,0,0,0,0,1,23,1,258,1,0,1,0,0,0,1,0,0,0,0,7,3,1,0,0,1,1,0,0,0,2,0,0,0,0,0,0.0,0,0,0,0,0,0,0,0,0,0,0,0,0,0,0,1,1,0,0,0,0,0,0,0,0,1,0,0,0,0,0,0,0,0,0,1,960,1,0,0,0,0,0,0,0,0,0,1,1,1,0,1,0,0,0,0,0,0,0,0,0,0,1,0,0,0,0,0,0,0,0,0,0,0,0,0,0,0,0,0,0,0,0,0,0,0,0
6595b83a-2943-4fd1-bd7a-a7a2bfb750bc,1,0,0,0,0,1,0,0,0,0,1,1,1,1,0,0,0,0,0,1,156,1,397,1,0,1,0,0,0,1,0,0,0,0,2,2,1,0,0,1,1,0,0,0,2,0,0,0,0,0,0.0,1,1,0,0,0,1,1,1,1,0,0,0,0,0,0,3,2,0,0,0,0,0,0,0,0,1,0,0,0,0,0,0,0,0,0,1,469,1,0,0,0,0,0,0,0,0,0,1,1,1,1,1,1,0,0,0,0,0,0,0,0,0,0,0,1,0,0,1,0,0,0,0,0,0,0,0,0,0,0,0,0,1,0,0,0,0,0
659c312c-0a49-443f-8d90-4b791cb936f5,1,1,0,0,0,0,0,0,0,0,1,1,1,1,0,0,0,0,0,1,63,1,2150,1,0,1,0,0,0,1,0,0,0,0,6,3,0,0,0,1,1,0,0,0,2,0,0,0,0,0,0.0,1,1,1,1,0,1,1,1,1,0,0,0,0,0,0,1,1,0,0,0,0,1,0,0,0,0,0,0,0,0,0,0,0,0,0,1,1013,1,0,0,0,0,0,0,0,0,0,1,1,1,0,1,0,0,0,0,0,0,0,0,0,0,0,0,1,0,0,1,0,0,0,0,0,0,0,0,0,0,0,0,0,1,0,0,0,0,0
65c21cc6-9a06-4af3-81e3-6d645623292f,1,1,0,0,0,0,0,0,0,0,0,1,1,1,0,0,1,70,0,1,13,1,1622,1,0,1,0,0,0,1,0,0,0,0,4,2,1,0,0,1,1,0,0,0,2,0,0,0,0,0,0.0,1,1,0,0,0,1,1,1,1,0,0,0,0,0,0,4,2,0,0,0,0,0,0,0,0,1,0,0,0,0,0,0,0,0,0,1,2633,1,0,0,0,0,1,19,0,0,0,1,1,1,0,1,0,0,0,0,0,0,0,0,0,0,0,0,1,0,0,1,0,0,0,0,0,0,0,0,0,0,0,0,0,1,0,0,0,0,0
65db97fb-c1f0-445d-94d8-3dbe0109ecbf,1,1,0,0,0,0,0,0,0,0,1,1,1,1,0,0,0,0,0,1,21,1,430,1,0,1,0,0,0,1,0,0,0,0,2,2,1,0,0,1,1,0,0,0,2,0,0,0,0,0,0.0,0,0,0,0,0,0,0,0,0,0,0,0,0,0,0,2,2,0,0,0,0,0,0,0,0,1,0,0,0,0,0,0,0,0,0,1,69,1,0,0,0,0,0,0,0,0,0,1,1,1,0,1,0,0,0,0,0,0,0,0,0,0,1,0,0,0,0,0,0,0,0,0,0,0,0,0,0,0,0,0,0,0,0,0,0,0,0
664d9dff-f1ce-4830-8fb7-ee137adb0ac1,1,0,0,0,0,1,0,0,0,0,1,1,1,1,0,0,0,0,0,1,145,1,2345,1,0,1,0,0,0,1,0,0,0,0,3,2,1,0,0,1,1,0,0,0,3,0,0,0,0,0,0.0,1,1,0,0,0,1,1,1,1,0,0,0,0,0,1,1,1,0,0,0,0,0,0,0,0,1,0,0,0,0,0,0,0,0,0,1,2359,1,0,0,0,0,1,1,0,0,0,1,1,1,0,1,0,0,0,0,0,0,0,0,0,0,1,0,1,0,0,1,0,0,0,0,0,0,0,0,0,0,0,0,0,1,0,1,0,0,0
666168e1-7ec3-44b6-8f10-899838a40287,1,0,0,0,0,1,0,0,0,0,1,1,1,1,1,1,0,0,0,1,28,1,748,1,0,1,0,0,0,1,0,0,0,0,7,3,1,0,0,1,1,0,0,0,3,0,0,0,0,0,0.0,1,0,1,1,0,1,1,1,1,0,0,0,0,0,0,6,3,1,1,1,1,0,0,0,0,1,0,0,0,0,0,0,0,0,0,1,300,1,1,91,1,0,1,2,1,0,0,1,1,1,0,0,0,1,1,0,1,0,0,0,0,0,1,0,1,0,0,1,0,0,0,0,0,0,0,0,0,0,0,0,0,0,1,0,0,0,0
66c1bdc3-a169-4976-8654-1845b377b6dc,1,1,0,0,0,0,0,0,0,0,1,1,1,1,0,0,0,0,0,1,94,1,608,1,0,1,0,0,0,1,0,0,0,0,4,2,1,1,0,1,1,0,0,0,3,1,2,0,0,1,0.0,1,1,0,0,0,1,1,1,1,0,0,0,0,0,1,2,2,0,0,0,0,1,0,0,0,0,0,0,0,0,0,0,0,0,0,1,1669,1,1,611,1,0,1,2,0,0,0,1,1,1,1,1,0,0,0,0,0,0,0,0,0,0,0,0,1,0,0,0,0,0,0,0,0,0,0,0,0,0,0,0,0,0,0,0,0,0,0
66c5fd26-462d-47cf-a1aa-6dc80986953e,1,1,0,0,0,0,0,0,0,0,1,1,1,1,0,0,0,0,0,1,137,1,1730,1,0,1,0,0,0,1,0,0,0,0,3,2,1,0,0,1,1,0,0,0,2,0,0,0,0,0,0.0,1,1,0,0,0,1,1,1,1,0,0,0,0,0,1,1,1,0,0,0,0,0,0,0,0,1,0,0,0,0,0,0,0,0,0,0,0,1,0,0,0,0,0,0,0,0,0,1,1,1,0,1,0,0,0,0,0,0,0,0,0,0,0,0,1,0,0,1,0,0,0,0,0,0,0,0,0,0,0,0,0,1,0,0,0,0,0
67088dc5-380b-46a0-91eb-0727f23f6f19,1,0,0,0,0,1,0,0,0,0,1,1,1,1,0,0,0,0,0,1,41,1,1482,1,0,1,0,0,0,1,0,0,0,0,2,2,1,0,0,1,1,0,0,0,2,0,0,0,0,0,0.0,1,1,0,0,0,1,1,1,1,0,0,0,0,0,0,1,1,0,0,0,0,0,0,0,0,1,0,0,0,0,0,0,0,0,0,1,902,1,0,0,0,0,0,0,0,0,0,1,1,1,0,1,0,0,0,0,0,0,0,0,0,0,0,0,0,0,0,0,0,0,0,0,0,0,0,0,0,0,0,0,0,0,0,0,0,0,0
6753a2d3-c53d-4f8a-9f6c-c49ebfe0f644,1,1,0,0,0,0,0,0,0,0,1,1,1,1,0,0,0,0,0,1,94,1,2378,1,0,1,0,0,0,1,0,0,0,0,2,2,1,0,0,1,1,0,0,0,2,0,0,0,0,0,0.0,1,1,0,0,0,1,1,1,1,0,0,0,0,0,1,2,2,0,0,0,0,0,0,0,0,1,0,0,0,0,0,0,0,0,0,1,1050,1,0,0,0,0,0,0,0,0,0,1,1,1,0,1,1,0,0,0,0,0,0,0,0,0,0,0,1,0,0,1,0,0,0,0,0,0,0,0,0,0,0,0,0,1,0,0,0,0,0
67583633-a39e-4b71-9698-52a05a87f1c6,1,0,0,0,0,1,0,0,0,0,1,1,1,1,0,0,0,0,0,1,96,1,948,1,0,1,0,0,0,1,0,0,0,0,2,2,1,0,0,1,1,0,0,0,2,0,0,0,0,0,0.0,1,1,0,0,0,1,1,1,1,0,0,0,0,0,1,1,1,0,0,0,0,0,0,0,0,1,0,0,0,0,0,0,0,0,0,0,0,1,0,0,0,0,1,3,0,0,0,1,1,1,0,1,1,0,0,0,0,0,0,0,0,0,1,0,1,0,0,1,0,0,0,0,0,0,0,0,0,0,0,0,0,1,0,0,0,0,0
679ecd76-7d6c-4648-86c4-bce64cf713a7,1,1,0,0,0,0,0,0,0,0,1,1,1,1,0,0,0,0,0,1,72,1,1197,1,0,1,0,0,0,1,0,0,0,0,3,2,1,0,0,1,1,0,0,0,2,0,0,0,0,0,0.0,1,1,0,0,0,1,1,1,1,0,0,0,0,0,1,2,2,0,0,0,0,0,0,0,0,1,0,0,0,0,0,0,0,0,0,1,492,1,0,0,0,0,0,0,0,0,0,1,1,1,0,1,1,0,0,0,0,0,0,0,0,0,0,0,1,0,0,1,0,0,0,0,0,0,0,0,0,0,0,0,0,1,0,0,0,0,0
6828839f-9bb4-4214-83d8-bec1dbfbb8ba,1,1,0,0,0,0,0,0,0,0,1,1,1,1,0,0,0,0,0,1,148,1,1292,1,0,1,0,0,0,1,0,0,0,0,2,2,1,0,0,1,1,0,0,0,2,0,0,0,0,0,0.0,1,1,0,0,0,1,1,1,1,0,0,0,0,0,0,2,2,0,0,0,0,0,0,0,0,1,0,0,0,0,0,0,0,0,0,1,637,1,0,0,0,0,1,4,0,0,0,1,1,1,0,1,1,0,0,0,0,0,0,0,0,0,1,0,1,0,0,1,0,0,0,0,0,0,0,0,0,0,0,0,0,1,0,0,0,0,0
6858896f-dd0e-490e-ae38-258630061bb1,1,1,0,0,0,0,0,0,0,0,1,1,1,1,0,0,0,0,0,1,32,1,4,1,0,1,0,0,0,1,0,0,0,0,2,2,1,0,0,1,1,0,0,0,2,0,0,0,0,0,0.0,0,0,0,0,0,0,0,0,0,0,0,0,0,0,0,1,1,0,0,0,0,0,0,0,0,1,0,0,0,0,0,0,0,0,0,0,0,1,0,0,0,0,0,0,0,0,0,1,1,1,0,0,0,0,0,0,0,0,0,0,0,0,0,0,0,0,0,0,0,0,0,0,0,0,0,0,0,0,0,0,0,0,0,0,0,0,0
6898a048-27ad-4b62-86f5-d0e685dd6bd9,1,1,0,0,0,0,0,0,0,0,1,1,1,1,0,0,0,0,0,1,115,1,578,1,0,1,0,0,0,1,0,0,0,0,2,2,1,0,0,1,1,0,0,0,2,0,0,0,0,0,0.0,1,1,0,0,0,1,1,1,1,0,0,0,0,0,0,1,1,0,0,0,0,0,0,0,0,1,0,0,0,0,0,0,0,0,0,0,0,1,0,0,0,0,0,0,0,0,0,1,1,1,0,1,1,0,0,0,0,0,0,0,0,0,1,0,0,0,0,0,0,0,0,0,0,0,0,0,0,0,0,0,0,0,0,0,0,0,0
693b5083-4824-4655-a105-05547407692e,1,0,0,0,0,1,0,0,0,0,1,1,1,1,0,0,0,0,0,1,18,1,37,1,0,1,0,0,0,1,0,0,0,0,27,3,1,0,0,1,1,0,0,0,2,0,0,0,0,0,0.0,1,0,0,0,0,1,1,1,1,0,0,0,0,0,0,6,3,0,0,0,0,0,0,0,0,1,0,0,0,0,0,0,0,0,0,1,655,1,0,0,0,0,0,0,0,0,0,1,1,1,0,0,0,0,0,0,0,0,0,0,0,0,0,0,0,0,0,0,0,0,0,0,0,0,0,0,0,0,0,0,0,0,0,0,0,0,0
6959bb42-af87-4b98-b783-d477e92d05ca,1,1,0,0,0,0,0,0,0,0,1,1,1,1,0,0,0,0,0,1,59,1,240,1,0,1,0,0,0,1,0,0,0,0,2,2,1,0,0,1,1,0,0,0,2,0,0,0,0,0,0.0,1,1,1,1,0,1,1,1,1,0,0,0,0,0,0,2,2,0,0,0,0,0,0,0,0,1,0,0,0,0,0,0,0,0,0,1,363,1,0,0,0,0,0,0,0,0,0,1,1,1,1,1,0,0,0,0,0,0,0,0,0,0,0,0,1,0,0,1,0,0,0,0,0,0,0,0,0,0,0,0,0,0,0,1,0,0,0
6a65e36c-528b-4c8a-b368-e85552f1cda0,1,1,0,0,0,0,0,0,0,0,1,1,1,1,0,0,0,0,0,1,41,1,543,1,0,1,0,0,0,1,0,0,0,0,15,3,1,0,0,1,1,0,0,0,2,0,0,0,0,0,0.0,1,0,0,0,0,1,1,1,1,0,0,0,0,0,0,19,3,0,0,0,0,0,0,0,0,1,0,0,0,0,0,0,0,0,0,1,10451,1,0,0,0,0,1,20,0,0,0,1,1,1,0,0,0,0,0,0,0,0,0,0,0,0,0,0,0,0,0,0,0,0,0,0,0,0,0,0,0,0,0,0,0,0,0,0,0,0,0
6b8a195b-cbb3-4b89-b6e2-f9e2aebeb3a2,1,1,0,0,0,0,0,0,0,0,1,1,1,1,0,0,1,214,0,1,83,1,408,1,0,1,0,0,0,1,0,0,0,0,3,2,1,0,0,1,1,0,0,0,2,0,0,0,0,0,0.0,1,1,0,0,0,1,1,1,1,0,0,0,0,0,0,1,1,0,0,0,0,0,0,0,0,1,0,0,0,0,0,0,0,0,0,0,0,1,0,0,1,0,0,0,0,0,0,1,1,1,0,1,1,0,0,0,0,1,0,1,0,0,0,0,1,0,0,1,0,0,0,0,0,0,0,0,0,0,0,0,0,1,0,0,0,0,0
6ba8393b-74c3-44a0-a5f3-ae939e20d0fe,1,0,0,0,0,1,0,0,0,0,0,1,1,1,0,0,0,0,0,1,78,1,3416,1,0,1,0,0,0,1,0,0,0,0,21,3,1,0,0,1,1,0,0,0,2,0,0,0,0,0,0.0,1,1,0,0,0,1,1,1,1,0,0,0,0,0,0,1,1,0,0,0,0,0,0,0,0,1,0,0,0,0,0,0,0,0,0,0,0,1,0,0,0,0,0,0,0,0,0,1,1,1,0,1,0,0,0,0,0,0,0,0,0,0,0,0,0,0,0,0,0,0,0,0,0,0,0,0,0,0,0,0,0,0,0,0,0,0,0
6bafb63d-2f3d-45d8-a1b2-e7009895ce30,1,0,0,0,0,1,0,0,0,0,0,1,1,1,0,0,0,0,0,1,129,1,349,1,0,1,0,0,0,1,0,0,0,0,2,2,1,0,0,1,1,0,0,0,2,0,0,0,0,0,0.0,1,1,0,0,0,1,1,1,1,0,0,0,0,0,0,1,1,0,0,0,0,0,0,0,0,1,0,0,0,0,0,0,0,0,0,1,349,1,0,0,0,0,1,1,0,0,0,1,1,1,1,1,0,0,0,0,0,0,0,0,0,0,0,0,1,0,0,1,0,0,0,0,0,0,0,0,0,0,0,0,0,1,0,0,0,0,0
6bb8b7bf-94b3-4dcd-965a-e68ae00d35d7,1,1,0,0,0,0,0,0,0,0,1,1,1,1,0,0,0,0,0,1,203,1,2702,1,0,1,0,0,0,1,0,0,0,0,3,2,1,0,0,1,1,0,0,0,2,0,0,0,0,0,0.0,0,0,0,0,0,0,0,0,0,0,0,0,0,0,0,1,1,0,0,0,0,0,0,0,0,1,0,0,0,0,0,0,0,0,0,1,1950,1,0,0,0,0,1,2,0,0,0,1,1,1,0,1,0,0,0,0,0,0,0,0,0,0,1,0,0,0,0,0,0,0,0,0,0,0,0,0,0,0,0,0,0,0,0,0,0,0,0
6bf2aaaf-0aa6-4d54-ba15-99332c4eb00b,1,1,0,0,0,0,0,0,0,0,1,1,1,1,0,0,0,0,0,1,92,1,401,1,0,1,0,0,0,1,0,0,0,0,4,2,1,0,0,1,1,0,0,0,2,0,0,0,0,0,0.0,1,1,0,0,0,1,1,1,1,0,0,0,0,0,0,1,1,0,0,0,0,0,0,0,0,1,0,0,0,0,0,0,0,0,0,1,99,1,0,0,0,0,0,0,0,0,0,1,1,1,0,1,1,0,0,0,0,0,0,0,0,0,1,0,1,0,0,1,0,0,0,0,0,0,0,0,0,0,0,0,0,1,0,0,0,0,0
6c117a62-9bad-41e2-8610-f74dc521fbe6,1,1,0,0,0,0,0,0,0,0,1,1,1,1,0,0,0,0,0,1,78,1,1109,1,0,1,0,0,0,1,0,0,0,0,3,2,1,0,0,1,1,0,0,0,3,0,0,0,0,0,0.0,1,1,0,0,0,1,1,1,1,0,0,0,0,0,0,3,2,0,0,0,0,0,0,0,0,1,0,0,0,0,0,0,0,0,0,1,635,1,0,0,0,0,1,6,0,0,0,1,1,1,0,1,1,0,0,0,0,0,0,0,0,0,0,0,1,0,0,1,0,0,0,0,0,0,0,0,0,0,0,0,0,1,0,0,0,0,0
6c2d239b-9904-41ba-af15-698fd495da95,1,0,0,0,0,1,0,0,0,0,1,1,1,1,0,1,0,0,0,1,46,1,523,1,0,1,0,0,0,1,0,0,0,0,12,3,1,0,0,1,1,0,0,0,2,1,3,1,0,0,3000.0,1,0,1,1,0,1,1,1,1,0,0,0,0,0,0,3,2,0,1,0,1,0,0,0,0,1,0,0,0,0,0,0,0,0,0,1,2736,1,1,822,1,0,1,8,1,0,0,1,1,1,1,1,0,1,1,0,0,0,0,0,0,0,1,0,1,0,0,1,0,0,0,0,0,0,0,0,0,0,0,0,0,1,0,0,0,0,0
6c8d447f-4f78-46ae-b7cb-db3c7c8dd147,1,0,0,0,0,1,0,0,0,0,1,1,1,1,0,0,1,26,0,1,111,1,1438,1,0,1,0,0,0,1,0,0,0,0,7,3,1,0,0,1,1,0,0,0,2,0,0,0,0,0,0.0,1,1,0,0,0,1,1,1,1,0,0,0,0,0,1,1,1,0,0,0,0,0,0,0,0,1,0,0,0,0,0,0,0,0,0,1,46,1,0,0,0,0,0,0,0,0,0,1,1,1,0,1,1,0,0,0,0,0,0,0,0,0,0,0,0,0,0,0,0,0,0,0,0,0,0,0,0,0,0,0,0,0,0,0,0,0,0
6d1aae4f-fed1-41de-977c-4412f9786ec8,1,0,0,0,0,1,0,0,0,0,1,1,1,1,0,0,0,0,0,1,86,1,2190,1,0,1,0,0,0,1,0,0,0,0,2,2,1,0,0,1,1,0,0,0,2,0,0,0,0,0,0.0,1,1,0,0,0,1,1,1,1,0,0,0,0,0,1,1,1,0,0,0,0,0,0,0,0,1,0,0,0,0,0,0,0,0,0,1,238,1,0,0,0,0,0,0,0,0,0,1,1,1,0,1,1,0,0,0,0,0,0,0,0,0,0,0,0,0,0,0,0,0,0,0,0,0,0,0,0,0,0,0,0,0,0,0,0,0,0
6d9e762d-44b2-47f6-b48b-7bffac8d3f65,1,0,0,0,0,1,0,0,0,0,1,1,1,1,0,0,0,0,0,1,66,1,1048,1,0,1,0,0,0,1,0,0,0,0,5,2,1,0,0,1,1,0,0,0,3,0,0,0,0,0,0.0,1,1,0,0,0,1,1,1,1,0,0,0,0,0,1,1,1,0,0,0,0,0,0,0,0,1,0,0,0,0,0,0,0,0,0,1,570,1,0,0,0,0,0,0,0,0,0,1,1,1,0,1,1,0,0,0,0,0,0,0,0,0,0,0,0,0,0,0,0,0,0,0,0,0,0,0,0,0,0,0,0,0,0,0,0,0,0
705f89d7-d65b-455a-97dc-3f9d4bb4d1c6,1,0,0,0,0,1,0,0,0,0,1,1,1,1,0,0,0,0,0,1,29,1,1955,1,0,1,0,0,0,1,0,0,0,0,5,2,0,1,0,1,0,0,0,0,2,1,1,0,0,1,0.0,1,1,1,1,0,1,1,1,1,0,0,0,0,0,1,1,1,0,0,0,0,0,0,0,0,1,0,0,0,0,0,0,0,0,0,1,420,1,1,47,1,0,1,2,0,0,0,1,1,1,0,1,0,0,0,0,0,0,0,0,0,0,0,0,1,0,0,0,0,0,0,0,0,0,0,0,0,0,0,0,0,0,0,0,0,0,0
70ed2a1e-61d1-429a-9928-3087f108d38c,1,0,0,0,0,1,0,0,0,0,1,1,1,1,0,0,0,0,0,1,47,1,948,1,0,1,0,0,0,1,0,0,0,0,2,2,1,0,0,1,1,0,0,0,2,0,0,0,0,0,0.0,1,1,0,0,0,1,1,1,1,0,0,0,0,0,1,1,1,0,0,0,0,0,0,0,0,1,0,0,0,0,0,0,0,0,0,0,0,1,0,0,0,0,0,0,0,0,0,1,1,1,0,1,1,0,0,0,0,0,0,0,0,0,1,0,1,0,0,1,0,0,0,0,0,0,0,0,0,0,0,0,0,1,0,0,0,0,0
71a0d90d-8b3e-4f8d-81c1-e1d0ef950385,1,1,0,0,0,0,0,0,0,0,1,1,1,1,0,1,0,0,0,1,126,1,1918,1,0,1,0,0,0,1,0,0,0,0,14,3,1,0,0,1,1,0,0,0,2,1,6,1,0,1,5001.0,1,1,1,1,0,1,1,1,1,0,0,0,0,0,1,7,3,0,1,1,1,0,0,0,0,1,0,0,0,0,0,0,0,0,0,1,2251,1,1,189,1,0,1,31,1,0,0,1,1,1,1,1,1,1,1,1,1,1,0,1,0,0,1,0,1,0,0,1,0,0,0,0,0,0,0,0,0,0,0,0,0,1,0,1,0,0,0
71eb60b5-a4c3-4436-a89e-244a41a3f497,1,1,0,0,0,0,0,0,0,0,1,1,1,1,0,0,1,1097,0,1,147,1,1667,1,0,1,0,0,0,1,0,0,0,0,5,2,1,0,0,1,1,0,0,0,2,0,0,0,0,0,0.0,1,1,0,0,0,1,1,1,1,0,0,0,0,0,0,2,2,0,0,0,0,0,0,0,0,1,0,0,0,0,0,0,0,0,0,1,452,1,0,0,0,0,0,0,0,0,0,1,1,1,0,1,1,0,0,0,0,0,0,0,0,0,1,0,1,0,0,1,0,0,0,0,0,0,0,0,0,0,0,0,0,1,0,0,0,0,0
7205ce85-f9c1-4010-95ad-91df3a2ff0d9,1,1,0,0,0,0,0,0,0,0,1,1,1,1,0,0,0,0,0,1,51,1,1371,1,0,1,0,0,0,1,0,0,0,0,3,2,1,0,0,1,1,0,0,0,2,0,0,0,0,0,0.0,1,1,0,0,0,1,1,1,1,0,0,0,0,0,0,1,1,0,0,0,0,0,0,0,0,1,0,0,0,0,0,0,0,0,0,1,379,1,0,0,0,0,0,0,0,0,0,1,1,1,0,1,1,0,0,0,0,0,0,0,0,0,1,0,1,0,0,1,0,0,0,0,0,0,0,0,0,0,0,0,0,1,0,0,0,0,0
72169776-6da1-4b3e-ae35-84abe299a4ac,1,0,0,0,0,1,0,0,0,0,1,1,1,1,0,0,0,0,0,1,37,1,712,1,0,1,0,0,0,1,0,0,0,0,2,2,1,0,0,1,1,0,0,0,2,1,8,1,0,1,10000.0,1,1,1,1,0,1,1,1,1,0,0,0,0,0,0,8,3,0,0,1,1,0,0,0,0,1,0,0,0,0,0,0,0,0,0,1,923,1,0,0,0,0,0,0,0,0,0,1,1,1,0,0,0,1,0,1,0,0,0,0,0,0,0,0,0,0,0,0,0,0,0,0,0,0,0,0,0,0,0,0,0,0,0,0,0,0,0
725ee81c-4b96-4214-b28f-004e2bef7102,1,1,0,0,0,0,0,0,0,0,1,1,1,1,0,0,0,0,0,1,95,1,210,1,0,1,0,0,0,1,0,0,0,0,2,2,1,0,0,1,1,0,0,0,2,0,0,0,0,0,0.0,1,1,0,0,0,1,1,1,1,0,0,0,0,0,1,1,1,0,0,0,0,0,0,0,0,1,0,0,0,0,0,0,0,0,0,1,210,1,0,0,0,0,0,0,0,0,0,1,1,1,0,1,1,0,0,0,0,0,0,0,0,0,0,0,0,0,0,0,0,0,0,0,0,0,0,0,0,0,0,0,0,0,0,0,0,0,0
72755dbf-d27e-43c2-9af2-81efe61f7612,1,1,0,0,0,0,0,0,0,0,1,1,1,1,0,0,0,0,0,1,116,1,1472,1,0,1,0,0,0,1,0,0,0,0,2,2,1,0,0,1,1,0,0,0,2,0,0,0,0,0,0.0,1,0,1,1,0,1,1,1,1,0,0,0,0,0,1,3,2,0,0,0,0,0,0,0,0,1,0,0,0,0,0,0,0,0,0,1,477,1,0,0,0,0,1,3,0,0,0,1,1,1,0,1,1,0,0,0,0,0,0,0,0,0,1,0,1,0,0,1,0,0,0,0,0,0,0,0,0,0,0,0,0,1,0,0,0,0,0
7275c8da-d0b7-48cd-b8d8-117c3e71a98d,1,0,0,0,0,1,0,0,0,0,1,1,1,1,0,0,0,0,0,1,32,1,749,1,0,1,0,0,0,1,0,0,0,0,3,2,1,0,0,1,1,0,0,0,2,0,0,0,0,0,0.0,1,1,0,0,0,1,1,1,1,0,0,0,0,0,0,1,1,0,0,0,0,0,0,0,0,1,0,0,0,0,0,0,0,0,0,1,904,1,0,0,0,0,1,2,0,0,0,1,1,1,1,1,1,0,0,0,0,0,0,0,0,0,0,0,0,0,0,0,0,0,0,0,0,0,0,0,0,0,0,0,0,0,0,0,0,0,0
734c1fd7-ef58-4873-a25c-3dadccd18ccf,1,0,0,0,0,1,0,0,0,0,1,1,1,1,0,0,0,0,0,1,129,1,614,1,0,1,0,0,0,1,0,0,0,0,5,2,1,0,0,1,1,0,0,0,3,0,0,0,0,0,0.0,1,1,0,0,0,1,1,1,1,0,0,0,0,0,1,1,1,0,0,0,0,0,0,0,0,1,0,0,0,0,0,0,0,0,0,0,0,1,0,0,0,0,0,0,0,0,0,1,1,1,0,1,1,0,0,0,0,0,0,0,0,0,0,0,1,0,0,1,0,0,0,0,0,0,0,0,0,0,0,0,0,1,0,0,0,0,0
73c35966-d416-43f9-ac15-5cf6174c4e04,1,0,0,0,0,1,0,0,0,0,1,1,1,1,0,0,0,0,0,1,13,1,13,1,0,1,0,0,0,1,0,0,0,0,2,2,1,0,0,1,1,0,0,0,2,0,0,0,0,0,0.0,1,0,0,0,0,1,1,1,1,0,0,0,0,0,1,1,1,0,0,0,0,0,0,0,0,1,0,0,0,0,0,0,0,0,0,0,0,1,0,0,0,0,0,0,0,0,0,1,1,1,0,0,0,0,0,0,0,0,0,0,0,0,0,0,0,0,0,0,0,0,0,0,0,0,0,0,0,0,0,0,0,0,0,0,0,0,0
7410cb82-3e8a-4048-9e5e-4028e401d71a,1,0,0,0,0,1,0,0,0,0,1,1,1,1,0,0,0,0,0,1,30,1,250,1,0,1,0,0,0,1,0,0,0,0,5,2,1,0,0,1,1,0,0,0,2,0,0,0,0,0,0.0,1,0,1,1,0,1,1,1,1,0,0,0,0,0,0,1,1,0,0,0,0,0,0,0,0,1,0,0,0,0,0,0,0,0,0,1,201,1,0,0,0,0,0,0,0,0,0,1,1,1,0,0,0,0,0,0,0,0,0,0,0,0,0,0,0,0,0,0,0,0,0,0,0,0,0,0,0,0,0,0,0,0,0,0,0,0,0
7452fb77-a0dd-46c8-ab71-b7be1f8dcc98,1,0,0,0,0,1,0,0,0,0,1,1,1,1,0,0,0,0,0,1,248,1,747,1,0,1,0,0,0,1,0,0,0,0,5,2,1,0,0,1,1,0,0,0,2,0,0,0,0,0,0.0,0,0,0,0,0,0,0,0,0,0,0,0,0,0,0,1,1,0,0,0,0,0,0,0,0,1,0,0,0,0,0,0,0,0,0,1,942,1,0,0,0,0,1,1,0,0,0,1,1,1,0,0,0,0,0,0,0,0,0,0,0,0,0,0,0,0,0,0,0,0,0,0,0,0,0,0,0,0,0,0,0,0,0,0,0,0,0
74ff0700-dd69-4179-9890-4fef065bd7f7,1,1,0,0,0,0,0,0,0,0,1,1,1,1,0,0,0,0,0,1,95,1,154,1,0,1,0,0,0,1,0,0,0,0,4,2,1,0,0,1,1,0,0,0,2,0,0,0,0,0,0.0,1,0,1,1,0,1,1,1,1,0,0,0,0,0,1,1,1,0,0,0,0,0,0,0,0,1,0,0,0,0,0,0,0,0,0,1,58,1,0,0,0,0,1,2,0,0,0,1,0,1,0,1,0,0,0,0,0,1,0,1,0,0,0,0,1,0,0,1,0,0,0,0,0,0,0,0,0,0,0,0,0,1,0,0,0,0,0
751b465b-a937-44ed-98d8-7b19c8e36562,1,0,0,0,0,1,0,0,0,0,1,1,1,1,0,0,1,53,0,1,123,1,178,1,0,1,0,0,0,1,0,0,0,0,2,2,1,0,0,1,1,0,0,0,2,0,0,0,0,0,0.0,1,1,1,1,0,1,1,1,1,0,0,0,0,0,0,1,1,0,0,0,0,0,0,0,0,1,0,0,0,0,0,0,0,0,0,0,0,1,0,0,0,0,0,0,0,0,0,1,1,1,0,1,1,0,0,0,0,0,0,0,0,0,0,0,1,0,0,1,0,0,0,0,0,0,0,0,0,0,0,0,0,1,0,0,0,0,0
75721a1f-43fb-4e5d-97fc-104648aa79cc,1,0,0,0,0,1,0,0,0,0,1,1,1,1,0,0,0,0,0,1,111,1,673,1,0,1,0,0,0,1,0,0,0,0,2,2,1,0,0,1,1,0,0,0,2,0,0,0,0,0,0.0,1,1,0,0,0,1,1,1,1,0,0,0,0,0,1,1,1,0,0,0,0,0,0,0,0,1,0,0,0,0,0,0,0,0,0,1,251,1,0,0,0,0,0,0,0,0,0,1,1,1,0,1,0,0,0,0,0,0,0,0,0,0,1,0,1,0,0,1,0,0,0,0,0,0,0,0,0,0,0,0,0,1,0,0,0,0,0
758a39d4-6af1-4a9a-8681-9022ea60858c,1,1,0,0,0,0,0,0,0,0,1,1,1,1,0,0,0,0,0,1,56,1,757,1,0,1,0,0,0,1,0,0,0,0,3,2,1,0,0,1,1,0,0,0,2,1,1,0,0,1,0.0,0,0,0,0,0,0,0,0,0,0,0,0,0,0,0,2,2,0,0,0,0,0,0,0,0,1,0,0,0,0,0,0,0,0,0,0,0,1,0,0,1,0,0,0,1,0,0,1,1,1,0,1,0,0,0,0,0,0,0,0,0,0,1,0,0,0,0,0,0,0,0,0,0,0,0,0,0,0,0,0,0,0,0,0,0,0,0
76637d6f-6765-4ae4-99f7-8ad07e8e8ae0,1,0,0,0,0,1,0,0,0,0,1,1,1,1,0,0,0,0,0,1,73,1,913,1,0,1,0,0,0,1,0,0,0,0,4,2,1,0,0,1,1,0,0,0,2,0,0,0,0,0,0.0,1,1,0,0,0,1,1,1,1,0,0,0,0,0,1,2,2,0,0,0,0,0,0,0,0,1,0,0,0,0,0,0,0,0,0,1,109,1,0,0,0,0,0,0,0,0,0,1,1,1,0,1,1,0,0,0,0,0,0,0,0,0,0,0,1,0,0,1,0,0,0,0,0,0,0,0,0,0,0,0,0,1,0,0,0,0,0
76788dce-b121-44b6-b129-b134d81e59f7,1,0,0,0,0,1,0,0,0,0,1,1,1,1,0,0,0,0,0,1,24,1,169,1,0,1,0,0,0,1,0,0,0,0,3,2,1,0,0,1,1,0,0,0,2,0,0,0,0,0,0.0,1,1,0,0,0,1,1,1,1,0,0,0,0,0,0,1,1,0,0,0,0,0,0,0,0,1,0,0,0,0,0,0,0,0,0,0,0,1,0,0,0,0,0,0,0,0,0,1,1,1,0,1,1,0,0,0,0,0,0,0,0,0,1,0,1,0,0,1,0,0,0,0,0,0,0,0,0,0,0,0,0,1,0,0,0,0,0
76e04648-f2f3-42b4-a9bc-c7ce8f032930,1,0,0,0,0,1,0,0,0,0,1,1,1,1,0,0,0,0,0,1,89,1,1213,1,0,1,0,0,0,1,0,0,0,0,3,2,1,0,0,1,1,0,0,0,3,0,0,0,0,0,0.0,1,1,0,0,0,1,1,1,1,0,0,0,0,0,1,2,2,0,0,0,0,0,0,0,0,1,0,0,0,0,0,0,0,0,0,1,445,1,0,0,0,0,0,0,0,0,0,1,1,1,0,1,1,0,0,0,0,0,0,0,0,0,1,0,1,0,0,1,0,0,0,0,0,0,0,0,0,0,0,0,0,1,0,0,0,0,0
77da89e7-ed09-4c15-8d6f-344b7fb95f63,1,1,0,0,0,0,0,0,0,0,1,1,1,1,0,0,1,351,0,1,83,1,712,1,0,1,0,0,0,1,0,0,0,0,3,2,1,0,0,1,1,0,0,0,2,0,0,0,0,0,0.0,1,1,1,1,0,1,1,1,1,0,0,0,0,0,0,2,2,0,0,0,0,0,0,0,1,1,0,0,0,0,0,0,0,0,0,1,849,1,0,0,0,0,1,3,0,0,0,1,1,1,0,1,1,0,0,0,0,0,0,0,0,0,1,0,1,0,0,1,0,0,0,0,0,0,0,0,0,0,0,0,0,1,0,0,0,0,0
782011dd-ae21-4a79-9b9b-416902810120,1,0,0,0,0,1,0,0,0,0,1,1,1,1,0,0,1,137,0,1,135,1,797,1,0,1,0,0,0,1,0,0,0,0,4,2,1,0,0,1,1,0,0,0,2,0,0,0,0,0,0.0,1,1,0,0,0,1,1,1,1,0,0,0,0,0,0,1,1,0,0,0,0,0,0,0,0,1,0,0,0,0,0,0,0,0,0,0,0,1,0,0,1,0,0,0,0,0,0,1,1,1,0,1,0,0,0,0,0,1,0,1,0,0,0,0,1,0,0,1,0,0,0,0,0,0,0,0,0,0,0,0,0,1,0,0,0,0,0
78bbcb8f-7cdb-45dc-bebd-cd7aabf2026e,1,0,0,0,0,1,0,0,0,0,1,1,1,1,0,1,0,0,0,1,46,1,523,1,0,1,0,0,0,1,0,0,0,0,10,3,1,0,0,1,1,0,0,0,2,1,2,1,0,0,2000.0,1,0,1,1,0,1,1,1,1,0,0,0,0,0,0,2,2,0,1,0,1,0,0,0,0,1,0,0,0,0,0,0,0,0,0,1,2003,1,1,546,1,0,0,0,1,0,0,1,1,1,1,1,0,1,1,0,0,0,0,0,0,0,1,0,1,0,0,1,0,0,0,0,0,0,0,0,0,0,0,0,0,1,0,0,0,0,0
78e2b166-fde4-46dc-90df-7de3a79721c8,1,1,0,0,0,0,0,0,0,0,1,1,1,1,0,1,0,0,1,1,9,1,114,1,0,1,0,0,0,1,0,0,0,0,3,2,1,0,0,1,1,0,0,0,2,1,1,1,0,0,1500.0,1,0,1,1,0,1,1,1,1,0,0,0,0,0,1,1,1,1,1,1,1,0,0,0,0,1,0,0,0,0,0,0,0,0,0,1,3781,1,1,251,1,0,0,0,1,0,0,1,1,1,0,1,0,1,1,0,0,0,0,0,0,0,1,0,1,0,0,1,0,0,0,0,0,0,0,0,0,0,0,0,0,1,0,0,0,0,0
78ea1cc3-e601-4e6b-9ad0-20f98d93cffa,1,1,0,0,0,0,0,0,0,0,1,1,1,1,0,0,0,0,0,1,67,1,128,1,0,1,0,0,0,1,0,0,0,0,3,2,1,0,0,1,1,0,0,0,2,0,0,0,0,0,0.0,1,0,1,1,0,1,1,1,1,0,0,0,0,0,0,4,2,0,0,0,0,0,0,0,0,1,0,0,0,0,0,0,0,0,0,1,3093,1,0,0,0,0,0,0,0,0,0,1,1,1,0,1,1,0,0,0,0,0,0,0,0,0,0,0,1,0,0,1,0,0,0,0,0,0,0,0,0,0,0,0,0,1,0,0,0,0,0
7a00ec19-109f-43e8-8fd6-3c768e015ace,1,0,0,0,0,1,0,0,0,0,1,1,1,1,0,0,0,0,0,1,91,1,701,1,0,1,0,0,0,1,0,0,0,0,3,2,1,0,0,1,1,0,0,0,2,0,0,0,0,0,0.0,1,1,0,0,0,1,1,1,1,0,0,0,0,0,0,1,1,0,0,0,0,0,0,0,0,1,0,0,0,0,0,0,0,0,0,1,193,1,0,0,0,0,1,1,0,0,0,1,1,1,0,1,1,0,0,0,0,0,0,0,0,0,0,0,0,0,0,0,0,0,0,0,0,0,0,0,0,0,0,0,0,0,0,0,0,0,0
7a36f92d-2c3f-4ebb-a123-5cf912555683,1,1,0,0,0,0,0,0,0,0,1,1,1,1,0,0,1,451,0,1,141,1,1789,1,0,1,0,0,0,1,0,0,0,0,3,2,1,0,0,1,1,0,0,0,2,0,0,0,0,0,0.0,1,1,0,0,0,1,1,1,1,0,0,0,0,0,0,1,1,0,0,0,0,1,0,0,0,0,0,0,0,0,0,0,0,0,0,1,1333,1,0,0,0,0,1,6,0,0,0,1,1,1,0,1,1,0,0,0,0,1,0,1,0,0,0,0,1,0,0,1,0,0,0,0,0,0,0,0,0,0,0,0,0,1,0,0,0,0,0
7a3fcc8b-41f3-49e3-abab-de25476a93a6,1,1,0,0,0,0,0,0,0,0,0,1,1,1,0,0,1,14,0,1,4,1,2344,1,0,1,0,0,0,1,0,0,0,0,11,3,1,0,0,1,1,0,0,0,2,0,0,0,0,0,0.0,1,1,1,1,0,1,1,1,1,0,0,0,0,0,0,15,3,0,0,0,0,0,0,0,0,1,0,0,0,0,0,0,0,0,0,1,4366,1,0,0,0,0,0,0,0,0,0,1,1,1,0,1,1,0,0,0,0,0,0,0,0,0,0,0,1,0,0,1,0,0,0,0,0,0,0,0,0,0,0,0,0,1,0,0,0,0,0
7a49ef2d-28cf-4435-a2e3-d2266ce48257,1,1,0,0,0,0,0,0,0,0,1,1,1,1,0,0,0,0,0,1,47,1,1202,1,0,1,0,0,0,1,0,0,0,0,8,3,1,0,0,1,1,0,0,1,3,0,0,0,0,0,0.0,1,1,0,0,0,1,1,1,1,0,0,0,0,0,0,1,1,0,0,0,0,0,0,0,0,1,0,0,0,0,0,0,0,0,0,1,313,1,0,0,0,0,0,0,0,0,0,1,1,1,0,1,1,0,0,0,0,0,0,0,0,0,1,0,1,0,0,1,0,0,0,0,0,0,0,0,0,0,0,0,0,1,0,0,0,0,0
7ad7a591-d637-42e9-a851-09507d0d8d7b,1,1,0,0,0,0,0,0,0,0,1,1,1,1,0,0,0,0,0,1,32,1,4,1,0,1,0,0,0,1,0,0,0,0,2,2,1,0,0,1,1,0,0,0,2,0,0,0,0,0,0.0,0,0,0,0,0,0,0,0,0,0,0,0,0,0,0,1,1,0,0,0,0,0,0,0,0,1,0,0,0,0,0,0,0,0,0,0,0,1,0,0,0,0,0,0,0,0,0,1,1,1,0,0,0,0,0,0,0,0,0,0,0,0,0,0,0,0,0,0,0,0,0,0,0,0,0,0,0,0,0,0,0,0,0,0,0,0,0
7b0b387b-dae1-49c3-9157-227d1fbb7564,1,0,0,0,0,1,0,0,0,0,1,1,1,1,0,0,1,1218,0,1,106,1,2739,1,0,1,0,0,0,1,0,0,0,0,8,3,0,0,0,1,1,0,0,0,2,0,0,0,0,0,0.0,1,1,0,0,0,1,1,1,1,0,0,0,0,0,0,1,1,0,0,0,0,1,0,0,0,0,0,0,0,0,0,0,0,0,0,1,2371,1,0,0,0,0,1,3,0,0,0,1,1,1,0,1,1,0,0,0,0,0,0,0,0,0,1,0,1,0,0,1,0,0,0,0,0,0,0,0,0,0,0,0,0,1,0,0,0,0,0
7b3da5fc-dc4c-44cd-aa67-54684f0f0ee0,1,0,0,0,0,1,0,0,0,0,1,1,1,1,0,0,0,0,0,1,81,1,1003,1,0,1,0,0,0,1,0,0,0,0,2,2,1,0,0,1,1,0,0,0,2,0,0,0,0,0,0.0,1,1,0,0,0,1,1,1,1,0,0,0,0,0,0,2,2,0,0,0,0,0,0,0,0,1,0,0,0,0,0,0,0,0,0,1,148,1,0,0,0,0,0,0,0,0,0,1,1,1,0,1,1,0,0,0,0,0,0,0,0,0,0,0,0,0,0,0,0,0,0,0,0,0,0,0,0,0,0,0,0,0,0,0,0,0,0
7c3dd405-8d72-4147-b198-1790c42ff7e9,1,0,0,0,0,1,0,0,0,0,1,1,1,1,0,0,0,0,0,1,86,1,2247,1,0,1,0,0,0,1,0,0,0,0,4,2,1,0,0,1,1,0,0,0,2,0,0,0,0,0,0.0,1,1,0,0,0,1,1,1,1,0,0,0,0,0,1,2,2,0,0,0,0,0,0,0,0,1,0,0,0,0,0,0,0,0,0,1,1032,1,0,0,0,0,0,0,0,0,0,1,1,1,0,1,1,0,0,0,0,0,0,0,0,0,1,0,1,0,0,1,0,0,0,0,0,0,0,0,0,0,0,0,0,1,0,0,0,0,0
7c61bf57-a4d1-4588-ae4b-fa89d9439f05,1,0,0,0,0,1,0,0,0,0,1,1,1,1,0,0,0,0,0,1,118,1,2957,1,0,1,0,0,0,1,0,0,0,0,5,2,1,0,0,1,1,0,0,0,2,0,0,0,0,0,0.0,1,0,1,1,0,1,1,1,1,0,0,0,0,0,0,1,1,0,0,0,0,0,0,0,0,1,0,0,0,0,0,0,0,0,0,1,251,1,0,0,0,0,0,0,0,0,0,1,1,1,0,1,1,0,0,0,0,0,0,0,0,0,0,0,0,0,0,0,0,0,0,0,0,0,0,0,0,0,0,0,0,0,0,0,0,0,0
7dfc161b-eedf-4d4c-b716-eed5a0274e44,1,0,0,0,0,1,0,0,0,0,1,1,1,1,0,0,1,43,0,1,181,1,1469,1,0,1,0,0,0,1,0,0,0,0,2,2,1,0,0,1,1,0,0,0,2,0,0,0,0,0,0.0,1,1,0,0,0,1,1,1,1,0,0,0,0,0,1,1,1,0,0,0,0,0,0,0,0,1,0,0,0,0,0,0,0,0,0,1,305,1,0,0,0,0,1,1,0,0,0,1,1,1,0,1,1,0,0,0,0,0,0,0,0,0,0,0,0,0,0,0,0,0,0,0,0,0,0,0,0,0,0,0,0,0,0,0,0,0,0
7e8044fe-958b-4da4-a2a2-a57a3667d28c,1,1,0,0,0,0,0,0,0,0,1,1,1,1,0,0,0,0,0,1,91,1,180,1,0,1,0,0,0,1,0,0,0,0,5,2,1,0,0,1,1,0,0,0,2,0,0,0,0,0,0.0,1,1,0,0,0,1,1,1,1,0,0,0,0,0,0,1,1,0,0,0,0,0,0,0,0,1,0,0,0,0,0,0,0,0,0,1,271,1,0,0,0,0,1,4,0,0,0,1,1,1,0,0,1,0,0,0,0,0,0,0,0,0,0,0,1,0,0,1,0,0,0,0,0,0,0,0,0,0,0,0,0,0,1,0,0,0,0
7ef558c7-a2fb-4577-8816-7961b1800c68,1,1,0,0,0,0,0,0,0,0,1,1,1,1,0,0,0,0,0,1,104,1,1324,1,0,1,0,0,0,1,0,0,0,0,11,3,1,0,0,1,1,0,0,0,2,0,0,0,0,0,0.0,1,1,0,0,0,1,1,1,1,0,0,0,0,0,0,2,2,0,0,0,0,0,0,0,0,1,0,0,0,0,0,0,0,0,0,1,360,1,0,0,0,0,0,0,0,0,0,1,1,1,0,1,1,0,0,0,0,0,0,0,0,0,0,0,1,0,0,1,0,0,0,0,0,0,0,0,0,0,0,0,0,1,0,0,0,0,0
7efa3f74-7d0a-4cd6-ad48-7977edc1ff88,1,0,0,0,0,1,0,0,0,0,1,1,1,1,0,0,0,0,0,1,81,1,691,1,0,1,0,0,0,1,0,0,0,0,8,3,1,0,0,1,1,0,0,0,2,0,0,0,0,0,0.0,1,1,1,1,0,1,1,1,1,0,0,0,0,0,0,2,2,0,0,0,0,0,0,0,0,1,0,0,0,0,0,0,0,0,0,1,726,1,0,0,0,0,0,0,0,0,0,1,1,1,0,0,0,0,0,0,0,0,0,0,0,0,0,0,0,0,0,0,0,0,0,0,0,0,0,0,0,0,0,0,0,0,0,0,0,0,0
7f37e5ec-aabb-48d2-a775-d86417b2f3a6,1,1,0,0,0,0,0,0,0,0,1,1,1,1,0,1,0,0,0,1,26,1,1646,1,0,1,0,0,0,1,0,0,0,0,17,3,1,0,0,1,1,0,0,0,2,1,6,1,0,0,0.0,1,1,1,1,0,1,1,1,1,0,0,0,0,0,0,6,3,0,1,0,1,0,0,0,0,1,0,0,0,0,0,0,0,0,0,1,3423,1,0,0,1,0,1,13,0,0,0,1,1,1,1,0,0,1,1,0,0,0,0,0,0,0,1,0,1,0,0,1,0,0,0,0,0,0,0,0,0,0,0,0,0,1,0,1,0,0,0
7fdd9ee2-987a-4329-ba12-f9bf836c11d9,1,1,0,0,0,0,0,0,0,0,1,1,1,1,0,0,0,0,0,1,120,1,646,1,0,1,0,0,0,1,0,0,0,0,5,2,1,0,0,1,1,0,0,0,2,0,0,0,0,0,0.0,1,0,1,1,0,1,1,1,1,0,0,0,0,0,1,1,1,0,0,0,0,0,0,0,0,1,0,0,0,0,0,0,0,0,0,1,423,1,0,0,0,0,1,1,0,0,0,1,1,1,0,1,1,0,0,0,0,0,0,0,0,0,0,0,0,0,0,0,0,0,0,0,0,0,0,0,0,0,0,0,0,0,0,0,0,0,0
7fef362c-7a86-4b13-981e-0f72e8d5fc46,1,0,0,0,0,1,0,0,0,0,1,1,1,1,0,0,0,0,0,1,96,1,724,1,0,1,0,0,0,1,0,0,0,0,6,3,1,0,0,1,1,0,0,0,2,1,2,1,0,1,0.0,1,1,0,0,0,1,1,1,1,0,0,0,0,0,1,1,1,0,0,0,0,0,0,0,0,1,0,0,0,0,0,0,0,0,0,1,633,1,0,0,1,0,0,0,1,0,0,1,1,1,0,1,0,0,0,0,0,0,0,0,0,0,1,0,0,0,0,0,0,0,0,0,0,0,0,0,0,0,0,0,0,0,0,0,0,0,0
806fbe48-b578-430a-b712-7f632127167e,1,0,0,0,0,1,0,0,0,0,1,1,1,1,0,0,0,0,0,1,51,1,712,1,0,1,0,0,0,1,0,0,0,0,16,3,1,0,0,1,1,0,0,0,3,0,0,0,0,0,0.0,1,1,1,1,0,1,1,1,1,0,0,0,0,0,0,4,2,0,0,0,0,0,0,0,0,1,0,0,0,0,0,0,0,0,0,1,4744,1,0,0,0,0,1,11,0,0,0,1,1,1,0,0,0,0,0,0,0,0,0,0,0,0,0,0,0,0,0,0,0,0,0,0,0,0,0,0,0,0,0,0,0,0,0,0,0,0,0
82199ec2-2881-444a-8775-b58d1380f4b5,1,0,0,0,0,1,0,0,0,0,1,1,1,1,0,0,0,0,0,1,112,1,182,1,0,1,0,0,0,1,0,0,0,0,2,2,1,0,0,1,1,0,0,0,2,0,0,0,0,0,0.0,1,1,1,1,0,1,1,1,1,0,0,0,0,0,0,1,1,0,0,0,0,0,0,0,0,1,0,0,0,0,0,0,0,0,0,1,122,1,0,0,0,0,0,0,0,0,0,1,1,1,0,1,0,0,0,0,0,0,0,0,0,0,0,0,1,0,0,1,0,0,0,0,0,0,0,0,0,0,0,0,0,0,0,0,0,0,1
822444a7-089e-4521-a25a-3a20807435d9,1,0,0,0,0,1,0,0,0,0,1,1,1,1,0,0,0,0,0,1,91,1,599,1,0,1,0,0,0,1,0,0,0,0,5,2,1,0,0,1,1,0,0,0,2,0,0,0,0,0,0.0,1,1,1,1,0,1,1,1,1,0,0,0,0,0,0,2,2,0,0,0,0,0,0,0,0,1,0,0,0,0,0,0,0,0,0,1,305,1,0,0,0,0,0,0,0,0,0,1,1,1,1,0,0,0,0,0,0,0,0,0,0,0,0,0,0,0,0,0,0,0,0,0,0,0,0,0,0,0,0,0,0,0,0,0,0,0,0
82554d27-1f45-4966-a093-3e8e1885339c,1,0,0,0,0,1,0,0,0,0,1,1,1,1,0,0,0,0,0,1,98,1,258,1,0,1,0,0,0,1,0,0,0,0,4,2,1,0,0,1,1,0,0,0,3,0,0,0,0,0,0.0,1,1,0,0,0,1,1,1,1,0,0,0,0,0,1,1,1,0,0,0,0,0,0,0,0,1,0,0,0,0,0,0,0,0,0,1,109,1,0,0,0,0,0,0,0,0,0,1,1,1,0,1,1,0,0,0,0,0,0,0,0,0,0,0,0,0,0,0,0,0,0,0,0,0,0,0,0,0,0,0,0,0,0,0,0,0,0
82671236-ad55-48be-b33a-de3683cacd6a,1,1,0,0,0,0,0,0,0,0,1,1,1,1,0,0,0,0,0,1,120,1,1498,1,0,1,0,0,0,1,0,0,0,0,10,3,1,0,0,1,1,0,0,0,2,0,0,0,0,0,0.0,1,1,0,0,0,1,1,1,1,0,0,0,0,0,0,5,2,0,0,0,0,0,0,0,0,1,0,0,0,0,0,0,0,0,0,1,2418,1,0,0,0,0,1,9,0,0,0,1,1,1,1,0,0,0,0,0,0,0,0,0,0,0,0,0,0,0,0,0,0,0,0,0,0,0,0,0,0,0,0,0,0,0,0,0,0,0,0
830cd389-04fb-4656-8339-a61a05cb5a14,1,0,0,0,0,1,0,0,0,0,1,1,1,1,0,1,0,0,0,1,38,1,792,1,0,1,0,0,0,1,0,0,0,0,7,3,1,0,0,1,1,0,0,0,3,1,2,1,0,0,0.0,1,0,1,1,0,1,1,1,1,0,0,0,0,0,0,2,2,1,1,0,1,0,0,0,0,1,0,0,0,0,0,0,0,0,0,1,1022,1,1,76,1,0,0,0,0,0,0,1,1,1,0,1,0,1,1,0,0,0,0,0,0,0,1,0,1,0,0,1,0,0,0,0,0,0,0,0,0,0,0,0,0,1,0,0,0,0,0
83b6b396-0854-49f6-950d-3613168976d9,1,1,0,0,0,0,0,0,0,0,0,1,1,1,0,0,1,43,0,1,148,1,1214,1,0,1,0,0,0,1,0,0,0,0,7,3,1,0,0,1,1,0,0,0,2,0,0,0,0,0,0.0,1,1,0,0,0,1,1,1,1,0,0,0,0,0,0,6,3,0,0,0,0,0,0,0,0,1,0,0,0,0,0,0,0,0,0,1,2168,1,0,0,0,0,1,46,0,0,0,1,1,1,0,1,1,0,0,0,0,0,0,0,0,0,0,0,1,0,0,1,0,0,0,0,0,0,0,0,0,0,0,0,0,1,0,0,0,0,0
83f0c45c-5de5-4541-b8f3-2f366934ef1c,1,1,0,0,0,0,0,0,0,0,1,1,1,1,0,1,0,0,0,1,20,1,359,1,0,1,0,0,0,1,0,0,0,0,6,3,1,0,0,1,1,0,0,0,3,1,1,1,0,0,0.0,1,1,1,1,0,1,1,1,1,0,0,0,0,0,0,1,1,0,1,0,1,0,0,0,0,1,0,0,0,0,0,0,0,0,0,1,263,1,0,0,1,0,1,2,0,0,0,1,1,1,1,1,0,1,1,0,0,0,0,0,0,0,1,0,1,0,0,1,0,0,0,0,0,0,0,0,0,0,0,0,0,1,0,0,0,0,0
84708c6d-d111-4d11-bc18-277ed6341a16,1,1,0,0,0,0,0,0,0,0,1,1,1,1,0,0,0,0,0,1,100,1,1708,1,0,1,0,0,0,1,0,0,0,0,6,3,1,0,0,1,1,0,0,0,2,0,0,0,0,0,0.0,1,1,1,1,0,1,1,1,1,0,0,0,0,0,1,5,2,0,0,0,0,0,0,0,0,1,0,0,0,0,0,0,0,0,0,1,13147,1,0,0,0,0,0,0,0,0,0,1,1,1,0,0,0,0,0,0,0,0,0,0,0,0,0,0,0,0,0,0,0,0,0,0,0,0,0,0,0,0,0,0,0,0,0,0,0,0,0
8587655f-51fd-4bf2-b654-2ba10e0d446b,1,1,0,0,0,0,0,0,0,0,1,1,1,1,1,1,0,0,0,1,18,1,502,1,0,1,0,0,0,1,0,0,0,0,2,2,0,0,0,1,0,0,0,0,1,1,47,1,0,0,11750.0,1,0,1,1,0,1,1,1,1,0,0,0,0,0,0,47,3,1,1,1,1,0,0,0,0,1,0,0,0,0,0,0,0,0,0,1,15590,1,0,0,1,0,0,0,0,0,0,1,1,1,0,0,0,1,1,1,1,1,0,1,0,0,1,0,1,0,0,1,0,0,0,0,0,0,0,0,0,0,0,0,0,1,0,0,0,0,0
85927fd9-729a-4843-9139-293a2417018d,1,1,0,0,0,0,0,0,0,0,1,1,1,1,0,0,0,0,0,1,150,1,1577,1,0,1,0,0,0,1,0,0,0,0,7,3,1,0,0,1,1,0,0,0,3,0,0,0,0,0,0.0,1,0,1,1,0,1,1,1,1,0,0,0,0,0,0,4,2,0,0,0,0,0,0,0,0,1,0,0,0,0,0,0,0,0,0,1,276,1,0,0,0,0,1,24,0,0,0,1,1,1,0,1,1,0,0,0,0,0,0,0,0,0,1,0,1,0,0,1,0,0,0,0,0,0,0,0,0,0,0,0,0,1,0,0,0,0,0
85b34713-a498-4fa9-9e20-bdd62cf05d03,1,0,0,0,0,1,0,0,0,0,1,1,1,1,0,0,0,0,0,1,79,1,200,1,0,1,0,0,0,1,0,0,0,0,4,2,1,0,0,1,1,0,0,0,2,0,0,0,0,0,0.0,1,0,0,0,0,1,1,1,1,0,0,0,0,0,0,1,1,0,0,0,0,0,0,0,0,1,0,0,0,0,0,0,0,0,0,1,164,1,0,0,0,0,1,3,0,0,0,1,1,1,0,1,1,0,0,0,0,0,0,0,0,0,0,0,1,0,0,1,0,0,0,0,0,0,0,0,0,0,0,0,0,1,0,0,0,0,0
85e145e3-fed2-4656-9f77-c16a80eac3a6,1,1,0,0,0,0,0,0,0,0,1,1,1,1,0,0,0,0,0,1,69,1,1463,1,0,1,0,0,0,1,0,0,0,0,7,3,1,0,0,1,1,0,0,1,3,0,0,0,0,0,0.0,1,1,0,0,0,1,1,1,1,0,0,0,0,0,0,1,1,0,0,0,0,0,0,0,0,1,0,0,0,0,0,0,0,0,0,1,185,1,0,0,0,0,0,0,0,0,0,1,1,1,0,1,1,0,0,0,0,0,0,0,0,0,1,0,1,0,0,1,0,0,0,0,0,0,0,0,0,0,0,0,0,1,0,0,0,0,0
8632daea-fe4c-4623-9dba-e83408c6ac7a,1,1,0,0,0,0,0,0,0,0,1,1,1,1,0,1,0,0,0,1,20,1,359,1,0,1,0,0,0,1,0,0,0,0,6,3,1,0,0,1,1,0,0,0,3,1,1,1,0,0,0.0,1,1,1,1,0,1,1,1,1,0,0,0,0,0,0,1,1,0,1,0,1,0,0,0,0,1,0,0,0,0,0,0,0,0,0,1,263,1,0,0,1,0,1,2,0,0,0,1,1,1,1,1,0,1,1,0,0,0,0,0,0,0,1,0,1,0,0,1,0,0,0,0,0,0,0,0,0,0,0,0,0,1,0,0,0,0,0
86412e2a-1e59-40b0-afa3-f001e63b195e,1,1,0,0,0,0,0,0,0,0,1,1,1,1,0,0,0,0,0,1,78,1,1293,1,0,1,0,0,0,1,0,0,0,0,13,3,1,0,0,1,1,0,0,0,3,0,0,0,0,0,0.0,1,0,1,1,0,1,1,1,1,0,0,0,0,0,0,4,2,0,0,0,0,0,0,0,0,1,0,0,0,0,0,0,0,0,0,1,3281,1,0,0,0,0,1,1,0,0,0,1,1,1,0,0,0,0,0,0,0,0,0,0,0,0,0,0,0,0,0,0,0,0,0,0,0,0,0,0,0,0,0,0,0,0,0,0,0,0,0
867a8002-f87b-471a-9de8-2793bb110d05,1,1,0,0,0,0,0,0,0,0,1,1,1,1,0,0,0,0,0,1,145,1,1798,1,0,1,0,0,0,1,0,0,0,0,2,2,1,0,0,1,1,0,0,0,2,0,0,0,0,0,0.0,1,1,0,0,0,1,1,1,1,0,0,0,0,0,1,1,1,0,0,0,0,0,0,0,0,1,0,0,0,0,0,0,0,0,0,1,1221,1,0,0,0,0,1,4,0,0,0,1,1,1,0,1,1,0,0,0,0,0,0,0,0,0,1,0,1,0,0,1,0,0,0,0,0,0,0,0,0,0,0,0,0,1,0,0,0,0,0
869f0c9f-aab2-4e89-8896-9d23a58169ee,1,1,0,0,0,0,0,0,0,0,1,1,1,1,0,0,0,0,0,1,78,1,1293,1,0,1,0,0,0,1,0,0,0,0,13,3,1,0,0,1,1,0,0,0,3,0,0,0,0,0,0.0,1,0,1,1,0,1,1,1,1,0,0,0,0,0,0,5,2,0,0,0,0,0,0,0,0,1,0,0,0,0,0,0,0,0,0,1,4231,1,0,0,0,0,1,1,0,0,0,1,1,1,0,0,0,0,0,0,0,0,0,0,0,0,0,0,0,0,0,0,0,0,0,0,0,0,0,0,0,0,0,0,0,0,0,0,0,0,0
8816257d-a636-44c3-b32d-6f5c9c1a2845,1,1,0,0,0,0,0,0,0,0,1,1,1,1,0,0,0,0,0,1,147,1,2345,1,0,1,0,0,0,1,0,0,0,0,3,2,1,0,0,1,1,0,0,0,2,0,0,0,0,0,0.0,1,0,1,1,0,1,1,1,1,0,0,0,0,0,1,3,2,0,0,0,0,0,0,0,0,1,0,0,0,0,0,0,0,0,0,1,940,1,0,0,0,0,1,7,0,0,0,1,1,1,0,1,1,0,0,0,0,0,0,0,0,0,1,0,1,0,0,1,0,0,0,0,0,0,0,0,0,0,0,0,0,1,0,0,0,0,0
88241b41-29c4-4e07-8a88-01be0f7f26a2,1,1,0,0,0,0,0,0,0,0,1,1,1,1,0,0,0,0,0,1,93,1,1003,1,0,1,0,0,0,1,0,0,0,0,3,2,1,0,0,1,1,0,0,0,2,0,0,0,0,0,0.0,1,1,0,0,0,1,1,1,1,0,0,0,0,0,0,2,2,0,0,0,0,0,0,0,0,1,0,0,0,0,0,0,0,0,0,1,1847,1,0,0,0,0,1,7,0,0,0,1,1,1,0,1,1,0,0,0,0,0,0,0,0,0,1,0,1,0,0,1,0,0,0,0,0,0,0,0,0,0,0,0,0,1,0,0,0,0,0
88473078-1ff6-49a2-85b1-f6ac014c509a,1,1,0,0,0,0,0,0,0,0,1,1,1,1,0,0,0,0,0,1,133,1,1467,1,0,1,0,0,0,1,0,0,0,0,5,2,1,0,0,1,1,0,0,0,2,0,0,0,0,0,0.0,1,1,0,0,0,1,1,1,1,0,0,0,0,0,1,1,1,0,0,0,0,0,0,0,0,1,0,0,0,0,0,0,0,0,0,1,1128,1,0,0,0,0,0,0,0,0,0,1,1,1,0,1,1,0,0,0,0,0,0,0,0,0,1,0,1,0,0,1,0,0,0,0,0,0,0,0,0,0,0,0,0,1,0,0,0,0,0
8848f72c-30ac-4e1b-ba85-fbb7cbe22961,1,1,0,0,0,0,0,0,0,0,1,1,1,1,0,0,0,0,0,1,19,1,772,1,0,1,0,0,0,1,0,0,0,0,7,3,1,0,0,1,1,0,0,0,2,0,0,0,0,0,0.0,1,1,0,0,0,1,1,1,1,0,0,0,0,0,0,1,1,0,0,0,0,0,0,0,0,1,0,0,0,0,0,0,0,0,0,1,542,1,0,0,0,0,1,3,0,0,0,1,1,1,0,1,1,0,0,0,0,0,0,0,0,0,0,0,1,0,0,1,0,0,0,0,0,0,0,0,0,0,0,0,0,1,0,0,0,0,0
886f3f0e-8c65-4f05-b1b0-26d2b3b53e20,1,0,0,0,0,1,0,0,0,0,1,1,1,1,0,0,0,0,0,1,21,1,471,1,0,1,0,0,0,1,0,0,0,0,2,2,1,0,0,1,1,0,0,0,2,0,0,0,0,0,0.0,0,0,0,0,0,0,0,0,0,0,0,0,0,0,0,1,1,0,0,0,0,0,0,0,0,1,0,0,0,0,0,0,0,0,0,0,0,1,0,0,0,0,0,0,0,0,0,1,1,1,0,1,0,0,0,0,0,0,0,0,0,0,1,0,0,0,0,0,0,0,0,0,0,0,0,0,0,0,0,0,0,0,0,0,0,0,0
89846e71-4383-4697-abb3-830f445dc28a,1,1,0,0,0,0,0,0,0,0,1,1,1,1,0,0,0,0,0,1,120,1,2100,1,0,1,0,0,0,1,0,0,0,0,2,2,1,0,0,1,1,0,0,0,2,0,0,0,0,0,0.0,1,0,1,1,0,1,1,1,1,0,0,0,0,0,0,1,1,0,0,0,0,0,0,0,0,1,0,0,0,0,0,0,0,0,0,1,54,1,0,0,0,0,0,0,0,0,0,1,1,1,0,1,1,0,0,0,0,0,0,0,0,0,0,0,1,0,0,1,0,0,0,0,0,0,0,0,0,0,0,0,0,1,0,0,0,0,0
89f7a293-dfc4-4c68-9217-9b8c48bc4aa6,1,1,0,0,0,0,0,0,0,0,1,1,1,1,0,0,0,0,0,1,32,1,2564,1,0,1,0,0,0,1,0,0,0,0,5,2,1,0,0,1,1,0,0,0,2,0,0,0,0,0,0.0,1,1,1,1,0,1,1,1,1,0,0,0,0,0,0,3,2,0,0,0,0,0,0,0,0,1,0,0,0,0,0,0,0,0,0,1,255,1,0,0,1,0,1,4,0,0,0,1,1,1,0,1,0,0,0,0,0,1,0,1,0,0,0,0,1,0,0,1,0,0,0,0,0,0,0,0,0,0,0,0,0,1,0,0,0,0,0
8a206e47-d21c-40ff-993c-71a59a61183d,1,1,0,0,0,0,0,0,0,0,1,1,1,1,0,0,0,0,0,1,128,1,1003,1,0,1,0,0,0,1,0,0,0,0,4,2,1,0,0,1,1,0,0,0,2,0,0,0,0,0,0.0,1,0,0,0,0,1,1,1,1,0,0,0,0,0,0,1,1,0,0,0,0,0,0,0,0,1,0,0,0,0,0,0,0,0,0,0,0,1,0,0,0,0,0,0,0,0,0,1,1,1,1,1,1,0,0,0,0,0,0,0,0,0,0,0,1,0,0,1,0,0,0,0,0,0,0,0,0,0,0,0,0,1,0,0,0,0,0
8a2d4fe7-e46c-4eec-9f31-fd4a49da845b,1,1,0,0,0,0,0,0,0,0,1,1,1,1,0,0,0,0,0,1,65,1,650,1,0,1,0,0,0,1,0,0,0,0,15,3,1,0,0,1,1,0,0,0,3,0,0,0,0,0,0.0,1,1,1,1,0,1,1,1,1,0,0,0,0,0,0,1,1,0,0,0,0,0,0,0,0,1,0,0,0,0,0,0,0,0,0,1,87,1,0,0,0,0,1,2,0,0,0,1,1,1,0,0,0,0,0,0,0,0,0,0,0,0,0,0,0,0,0,0,0,0,0,0,0,0,0,0,0,0,0,0,0,0,0,0,0,0,0
8aa12626-9f0c-49d2-a5c4-c51a1d091b69,1,0,0,0,0,1,0,0,0,0,1,1,1,1,0,1,0,0,0,1,7,1,62,1,0,1,0,0,0,1,0,0,0,0,2,2,1,0,0,1,1,0,0,0,2,1,4,1,0,1,0.0,1,0,1,1,0,1,1,1,1,0,0,0,0,0,0,4,2,0,1,0,1,0,0,0,0,1,0,0,0,0,0,0,0,0,0,1,2854,1,1,706,1,0,1,3,1,0,0,1,1,1,1,1,0,1,1,1,1,0,0,0,0,0,1,0,1,0,0,1,0,0,0,0,0,0,0,0,0,0,0,0,0,1,0,0,0,0,0
8c1ca095-ebfc-4d44-8484-548b5ac85465,1,1,0,0,0,0,0,0,0,0,1,1,1,1,0,1,0,0,0,1,18,1,389,1,0,1,0,0,0,1,0,0,0,0,6,3,1,0,0,1,1,0,0,0,2,1,3,1,0,0,0.0,1,1,1,1,0,1,1,1,1,0,0,0,0,0,0,3,2,0,1,0,1,0,0,0,0,1,0,0,0,0,0,0,0,0,0,1,217,1,1,149,1,0,1,5,0,0,0,1,1,1,1,1,0,1,1,1,0,0,0,0,0,0,0,0,1,0,0,1,0,0,0,0,0,0,0,0,0,0,0,0,0,1,0,0,0,0,0
8cfe4e1c-38d4-4436-91d5-cf6a9330c242,1,0,0,0,0,1,0,0,0,0,1,1,1,1,0,0,0,0,0,1,35,1,1440,1,0,1,0,0,0,1,0,0,0,0,2,2,1,0,0,1,1,0,0,0,2,0,0,0,0,0,0.0,0,0,0,0,0,0,0,0,0,0,0,0,0,0,0,1,1,0,0,0,0,0,0,0,0,1,0,0,0,0,0,0,0,0,0,1,133,1,0,0,0,0,1,1,0,0,0,1,1,1,0,1,0,0,0,0,0,0,0,0,0,0,1,0,0,0,0,0,0,0,0,0,0,0,0,0,0,0,0,0,0,0,0,0,0,0,0
8d4a6851-f96e-4a29-ad79-37e8bf30d17a,1,1,0,0,0,0,0,0,0,0,0,1,1,1,0,0,0,0,0,1,72,1,3149,1,0,1,0,0,0,1,0,0,0,0,19,3,1,0,0,1,1,0,0,0,2,0,0,0,0,0,0.0,1,0,1,1,0,1,1,1,1,0,0,0,0,0,0,2,2,0,0,0,0,0,0,0,0,1,0,0,0,0,0,0,0,0,0,1,3041,1,0,0,0,0,0,0,0,0,0,1,0,1,1,1,0,0,0,0,0,1,0,1,0,0,0,0,1,0,0,1,0,0,0,0,0,0,0,0,0,0,0,0,0,1,0,0,0,0,0
8d6b2296-3eac-4d64-bea7-52c4c07faa3e,1,1,0,0,0,0,0,0,0,0,1,1,1,1,0,0,0,0,0,1,28,0,0,1,0,1,0,0,0,1,0,0,0,0,1,1,0,0,0,1,0,0,0,0,1,0,0,0,0,0,0.0,1,1,0,0,0,1,1,1,1,0,0,0,0,0,0,1,1,0,0,0,0,0,0,0,0,1,0,0,0,0,0,0,0,0,0,0,0,1,0,0,0,0,0,0,0,0,0,1,1,1,0,0,0,0,0,0,0,0,0,0,0,0,0,0,0,0,0,0,0,0,0,0,0,0,0,0,0,0,0,0,0,0,0,0,0,0,0
8d79c5a3-95c0-4bf7-9a2a-af8b4a108f65,1,1,0,0,0,0,0,0,0,0,1,1,1,1,0,0,0,0,0,1,112,1,701,1,0,1,0,0,0,1,0,0,0,0,2,2,1,0,0,1,1,0,0,0,2,0,0,0,0,0,0.0,1,1,0,0,0,1,1,1,1,0,0,0,0,0,0,1,1,0,0,0,0,0,0,0,0,1,0,0,0,0,0,0,0,0,0,0,0,1,0,0,1,0,0,0,0,0,0,1,1,1,1,0,0,0,0,0,0,0,0,0,1,0,0,0,0,0,0,0,0,0,0,0,0,0,0,0,0,0,0,0,0,0,0,0,0,0,0
8dcc764e-1f34-4361-8d1a-cafcc17670c6,1,0,0,0,0,1,0,0,0,0,1,1,1,1,0,0,0,0,0,1,116,1,274,1,0,1,0,0,0,1,0,0,0,0,2,2,1,0,0,1,1,0,0,0,2,0,0,0,0,0,0.0,1,0,0,0,0,1,1,1,1,0,0,0,0,0,0,1,1,0,0,0,0,0,0,0,0,1,0,0,0,0,0,0,0,0,0,1,335,1,0,0,0,0,1,4,0,0,0,1,1,1,0,1,1,0,0,0,0,0,0,0,0,0,1,0,1,0,0,1,0,0,0,0,0,0,0,0,0,0,0,0,0,1,0,0,0,0,0
8dd76e21-b314-46b2-92df-a3fac00ddf0e,1,0,0,0,0,1,0,0,0,0,1,1,1,1,0,0,0,0,0,1,5,1,224,1,0,1,0,0,0,1,0,0,0,0,3,2,1,0,0,1,1,0,0,0,2,0,0,0,0,0,0.0,1,1,1,1,0,1,1,1,1,0,0,0,0,0,0,2,2,0,0,0,0,0,0,0,0,1,0,0,0,0,0,0,0,0,0,1,344,1,0,0,0,0,0,0,0,0,0,1,1,1,0,0,0,0,0,0,0,0,0,0,0,0,0,0,0,0,0,0,0,0,0,0,0,0,0,0,0,0,0,0,0,0,0,0,0,0,0
8dea301f-31ff-48df-98d1-a8fcefb25eed,1,0,0,0,0,1,0,0,0,0,1,1,1,1,0,0,0,0,0,1,79,1,334,1,0,1,0,0,0,1,0,0,0,0,2,2,1,0,0,1,1,0,0,0,2,0,0,0,0,0,0.0,1,1,0,0,0,1,1,1,1,0,0,0,0,0,0,1,1,0,0,0,0,0,0,0,0,1,0,0,0,0,0,0,0,0,0,0,0,1,0,0,0,0,0,0,0,0,0,1,1,1,0,0,0,0,0,0,0,0,0,0,0,0,0,0,0,0,0,0,0,0,0,0,0,0,0,0,0,0,0,0,0,0,0,0,0,0,0
8ebb9649-7c15-4181-873d-e2cac9de895a,1,1,0,0,0,0,0,0,0,0,1,1,1,1,0,0,0,0,0,1,25,1,570,1,0,1,0,0,0,1,0,0,0,0,2,2,1,0,0,1,1,0,0,0,2,1,3,1,0,1,150.0,0,0,0,0,0,0,0,0,0,0,0,0,0,0,0,3,2,0,0,0,0,0,0,0,0,1,0,0,0,0,0,0,0,0,0,1,1288,1,0,0,1,0,0,0,1,0,0,1,1,1,0,1,0,0,0,0,0,0,0,0,0,0,1,0,0,0,0,0,0,0,0,0,0,0,0,0,0,0,0,0,0,0,0,0,0,0,0
8ec1f92e-fc32-4428-8fff-64d896a2fb0d,1,0,0,0,0,1,0,0,0,0,1,1,1,1,0,0,0,0,0,1,9,1,1453,1,0,1,0,0,0,1,0,0,0,0,15,3,1,0,0,1,1,0,0,0,3,0,0,0,0,0,0.0,1,1,1,1,0,1,1,1,1,0,0,0,0,0,0,2,2,0,0,0,0,0,0,0,0,1,0,0,0,0,0,0,0,0,0,1,1541,1,0,0,0,0,1,6,0,0,0,1,1,1,0,0,0,0,0,0,0,0,0,0,0,0,0,0,0,0,0,0,0,0,0,0,0,0,0,0,0,0,0,0,0,0,0,0,0,0,0
8f01f2e9-d49c-42a5-9183-e3f675ad3e80,1,0,0,0,0,1,0,0,0,0,1,1,1,1,0,0,0,0,0,1,117,1,106,1,0,1,0,0,0,1,0,0,0,0,2,2,1,0,0,1,1,0,0,0,2,0,0,0,0,0,0.0,1,1,0,0,0,1,1,1,1,0,0,0,0,0,1,2,2,0,0,0,0,0,0,0,0,1,0,0,0,0,0,0,0,0,0,1,849,1,0,0,0,0,1,1,0,0,0,1,1,1,0,1,1,0,0,0,0,0,0,0,0,0,1,0,1,0,0,1,0,0,0,0,0,0,0,0,0,0,0,0,0,1,0,0,0,0,0
8f65736d-66b0-4e30-b470-1d2a5f62e088,1,0,0,0,0,1,0,0,0,0,0,1,1,1,0,0,0,0,0,1,111,1,563,1,0,1,0,0,0,1,0,0,0,0,4,2,1,0,0,1,1,0,0,0,3,0,0,0,0,0,0.0,1,1,0,0,0,1,1,1,1,0,0,0,0,0,1,1,1,0,0,0,0,0,0,0,0,1,0,0,0,0,0,0,0,0,0,1,408,1,0,0,0,0,0,0,0,0,0,1,0,1,0,1,0,0,0,0,0,0,0,0,0,0,0,0,1,0,0,1,0,0,0,0,0,0,0,0,0,0,0,0,0,1,0,0,0,0,0
8fb9ace4-524f-4e60-8313-288b1f651e97,1,0,0,0,0,1,0,0,0,0,1,1,1,1,0,0,0,0,0,1,131,1,565,1,0,1,0,0,0,1,0,0,0,0,8,3,1,0,0,1,1,0,0,0,2,0,0,0,0,0,0.0,1,1,0,0,0,1,1,1,1,0,0,0,0,0,1,1,1,0,0,0,0,0,0,0,0,1,0,0,0,0,0,0,0,0,0,1,383,1,0,0,0,0,0,0,0,0,0,1,1,1,0,0,0,0,0,0,0,0,0,0,0,0,0,0,0,0,0,0,0,0,0,0,0,0,0,0,0,0,0,0,0,0,0,0,0,0,0
90433f57-455c-4108-9da3-1c77a77c74e9,1,1,0,0,0,0,0,0,0,0,1,1,1,1,0,0,0,0,0,1,124,1,1771,1,0,1,0,0,0,1,0,0,0,0,2,2,1,0,0,1,1,0,0,0,2,0,0,0,0,0,0.0,1,1,0,0,0,1,1,1,1,0,0,0,0,0,0,1,1,0,0,0,0,0,0,0,0,1,0,0,0,0,0,0,0,0,0,1,1655,1,0,0,0,0,1,1,0,0,0,1,1,1,0,1,1,0,0,0,0,0,0,0,0,0,1,0,1,0,0,1,0,0,0,0,0,0,0,0,0,0,0,0,0,1,0,0,0,0,0
9063f5e4-c2eb-400b-8bd8-c8c823f7b620,1,1,0,0,0,0,0,0,0,0,1,1,1,1,0,0,0,0,0,1,144,1,266,1,0,1,0,0,0,1,0,0,0,0,3,2,1,0,0,1,1,0,0,0,3,0,0,0,0,0,0.0,1,1,0,0,0,1,1,1,1,0,0,0,0,0,0,3,2,0,0,0,0,0,0,0,0,1,0,0,0,0,0,0,0,0,0,1,1502,1,0,0,0,0,0,0,0,0,0,1,1,1,0,1,1,0,0,0,0,0,0,0,0,0,1,0,1,0,0,1,0,0,0,0,0,0,0,0,0,0,0,0,0,0,1,0,0,0,0
90b8e2e8-4ff9-4871-a961-a0a1b76fe67b,1,1,0,0,0,0,0,0,0,0,1,1,1,1,0,0,0,0,0,1,112,1,1735,1,0,1,0,0,0,1,0,0,0,0,3,2,1,0,0,1,1,0,0,1,3,0,0,0,0,0,0.0,1,1,0,0,0,1,1,1,1,0,0,0,0,0,0,2,2,0,0,0,0,0,0,0,0,1,0,0,0,0,0,0,0,0,0,1,1273,1,0,0,0,0,1,18,0,0,0,1,1,1,0,1,1,0,0,0,0,0,0,0,0,0,0,0,1,0,0,1,0,0,0,0,0,0,0,0,0,0,0,0,0,1,0,0,0,0,0
9103a399-3d2e-469f-9832-25e3433807be,1,0,0,0,0,1,0,0,0,0,1,1,1,1,0,0,0,0,0,1,11,1,165,1,0,1,0,0,0,1,0,0,0,0,5,2,1,0,0,1,1,0,0,0,2,0,0,0,0,0,0.0,1,1,0,0,0,1,1,1,1,0,0,0,0,0,1,1,1,0,0,0,0,0,0,0,0,1,0,0,0,0,0,0,0,0,0,1,157,1,0,0,0,0,0,0,0,0,0,1,1,1,0,1,0,0,0,0,0,1,0,1,0,0,0,0,1,0,0,1,0,0,0,0,0,0,0,0,0,0,0,0,0,1,0,0,0,0,0
91169323-2b5b-4ebb-842f-759c26068fd2,1,0,0,0,0,1,0,0,0,0,1,1,1,1,0,0,0,0,0,1,15,1,161,1,0,1,0,0,0,1,0,0,0,0,4,2,1,0,0,1,1,0,0,0,2,0,0,0,0,0,0.0,1,0,1,1,0,1,1,1,1,0,0,0,0,0,1,1,1,0,0,0,0,0,0,0,0,1,0,0,0,0,0,0,0,0,0,1,38,1,0,0,0,0,1,5,0,0,0,1,1,1,0,1,0,0,0,0,0,0,0,0,0,0,0,0,1,0,0,1,0,0,0,0,0,0,0,0,0,0,0,0,0,1,0,1,0,0,0
917d5fca-43c4-4a4b-a7c1-3a5d7fb5614b,1,1,0,0,0,0,0,0,0,0,1,1,1,1,0,0,0,0,0,1,45,1,467,1,0,1,0,0,0,1,0,0,0,0,5,2,1,0,0,1,1,0,0,0,2,0,0,0,0,0,0.0,1,1,0,0,0,1,1,1,1,0,0,0,0,0,0,1,1,0,0,0,0,0,0,0,0,1,0,0,0,0,0,0,0,0,0,0,0,1,0,0,0,0,0,0,0,0,0,1,1,1,0,1,1,0,0,0,0,0,0,0,0,0,0,0,1,0,0,1,0,0,0,0,0,0,0,0,0,0,0,0,0,1,0,0,0,0,0
918b914b-ff10-4e58-8448-20862f596c15,1,1,0,0,0,0,0,0,0,0,1,1,1,1,0,1,0,0,0,1,23,1,380,1,0,1,0,0,0,1,0,0,0,0,4,2,1,0,0,1,1,0,0,0,2,1,2,1,0,0,4000.0,1,1,1,1,0,1,1,1,1,0,0,0,0,0,0,2,2,0,1,0,1,0,0,0,0,1,0,0,0,0,0,0,0,0,0,1,380,1,0,0,1,0,0,0,0,0,0,1,1,1,1,1,0,1,1,1,0,0,0,0,0,0,0,0,1,0,0,1,0,0,0,0,0,0,0,0,0,0,0,0,0,1,0,0,0,0,0
91f97d3f-3019-4b49-9437-8da13e3c43ae,1,0,0,0,0,1,0,0,0,0,1,1,1,1,0,0,0,0,0,1,48,1,307,1,0,1,0,0,0,1,0,0,0,0,1,1,0,0,0,1,0,0,0,0,1,0,0,0,0,0,0.0,1,1,0,0,0,1,1,1,1,0,0,0,0,0,0,1,1,0,0,0,0,0,0,0,0,1,0,0,0,0,0,0,0,0,0,1,413,1,0,0,0,0,1,1,0,0,0,1,1,1,0,0,0,0,0,0,0,0,0,0,0,0,0,0,0,0,0,0,0,0,0,0,0,0,0,0,0,0,0,0,0,0,0,0,0,0,0
9254171b-9824-4c49-ac42-cfff71a82ba8,1,0,0,0,0,1,0,0,0,0,1,1,1,1,0,0,0,0,0,1,56,1,447,1,0,1,0,0,0,1,0,0,0,0,4,2,1,0,0,1,1,0,0,0,2,0,0,0,0,0,0.0,1,1,0,0,0,1,1,1,1,0,0,0,0,0,0,1,1,0,0,0,0,0,0,0,0,1,0,0,0,0,0,0,0,0,0,1,747,1,0,0,0,0,1,1,0,0,0,1,1,1,0,0,0,0,0,0,0,0,0,0,0,0,0,0,0,0,0,0,0,0,0,0,0,0,0,0,0,0,0,0,0,0,0,0,0,0,0
92624eec-6212-4f00-8c76-5790fc6497dc,1,1,0,0,0,0,0,0,0,0,1,1,1,1,0,0,1,247,0,1,89,1,342,1,0,1,0,0,0,1,0,0,0,0,10,3,1,0,0,1,1,0,0,0,3,0,0,0,0,0,0.0,1,1,0,0,0,1,1,1,1,0,0,0,0,0,0,1,1,0,0,0,0,0,0,0,0,1,0,0,0,0,0,0,0,0,0,1,151,1,0,0,1,0,1,7,0,0,0,1,1,1,0,1,0,0,0,0,0,1,0,1,0,0,0,0,1,0,0,1,0,0,0,0,0,0,0,0,0,0,0,0,0,1,0,0,0,0,0
93e7160b-562d-4f25-a3d9-edac4e636de8,1,1,0,0,0,0,0,0,0,0,1,1,1,1,1,1,0,0,1,1,155,1,2572,1,0,1,0,0,0,1,0,0,0,0,12,3,1,0,0,1,1,0,0,0,3,1,4,0,0,1,0.0,1,0,1,1,0,1,1,1,1,0,0,0,0,0,0,2,2,0,1,1,1,0,0,0,0,1,0,0,0,0,0,0,0,0,0,1,4428,1,1,240,1,0,1,14,1,0,0,1,1,1,1,0,0,1,0,0,1,0,0,0,0,0,1,0,1,0,0,1,0,0,0,0,0,0,0,0,0,0,0,0,0,0,0,1,0,0,0
940180b1-8eb1-415e-ba2b-3b4a4de20f51,1,1,0,0,0,0,0,0,0,0,1,1,1,1,0,0,0,0,0,1,73,1,913,1,0,1,0,0,0,1,0,0,0,0,4,2,1,0,0,1,1,0,0,0,2,0,0,0,0,0,0.0,1,1,0,0,0,1,1,1,1,0,0,0,0,0,1,2,2,0,0,0,0,0,0,0,0,1,0,0,0,0,0,0,0,0,0,1,109,1,0,0,0,0,0,0,0,0,0,1,1,1,0,1,1,0,0,0,0,0,0,0,0,0,0,0,1,0,0,1,0,0,0,0,0,0,0,0,0,0,0,0,0,1,0,0,0,0,0
9403a688-2a5f-47a6-aa29-d3474327517e,1,0,0,0,0,1,0,0,0,0,1,1,1,1,0,0,0,0,0,1,59,1,1352,1,0,1,0,0,0,1,0,0,0,0,13,3,1,0,0,1,1,0,0,0,4,0,0,0,0,0,0.0,1,1,0,0,0,1,1,1,1,0,0,0,0,0,1,2,2,0,0,0,0,0,0,0,0,1,0,0,0,0,0,0,0,0,0,1,1801,1,0,0,0,0,1,21,0,0,0,1,1,1,0,1,1,0,0,0,0,0,0,0,0,0,1,0,1,0,0,1,0,0,0,0,0,0,0,0,0,0,0,0,0,1,0,0,0,0,0
94043905-b06a-4545-a928-1dd6ad6dfd90,1,1,0,0,0,0,0,0,0,0,1,1,1,1,0,0,0,0,0,1,78,1,1006,1,0,1,0,0,0,1,0,0,0,0,4,2,1,0,0,1,1,0,0,0,2,0,0,0,0,0,0.0,1,1,0,0,0,1,1,1,1,0,0,0,0,0,1,1,1,0,0,0,0,0,0,0,0,1,0,0,0,0,0,0,0,0,0,1,705,1,0,0,0,0,0,0,0,0,0,1,1,1,0,1,0,0,0,0,0,0,0,0,0,0,0,0,1,0,0,1,0,0,0,0,0,0,0,0,0,0,0,0,0,1,0,0,0,0,0
943533c3-3810-4e23-adf4-c43845e50c65,1,1,0,0,0,0,0,0,0,0,1,1,1,1,0,1,0,0,0,1,28,1,1147,1,0,1,0,0,0,1,0,0,0,0,9,3,1,0,0,1,1,0,0,0,3,1,8,1,0,0,0.0,1,0,1,1,0,1,1,1,1,0,0,0,0,0,1,8,3,0,1,0,1,0,0,0,0,1,0,0,0,0,0,0,0,0,0,1,7279,1,1,194,1,0,0,0,0,0,0,1,1,1,1,1,0,1,1,1,0,0,0,0,0,0,1,0,1,0,0,1,0,0,0,0,0,0,0,0,0,0,0,0,0,1,0,0,0,0,0
94ce0b79-9dc8-4ef6-9724-8088e1ce05d6,1,1,0,0,0,0,0,0,0,0,1,1,1,1,0,0,0,0,0,1,34,1,216,1,0,1,0,0,0,1,0,0,0,0,2,2,1,0,0,1,1,0,0,0,2,1,1,0,0,1,0.0,0,0,0,0,0,0,0,0,0,0,0,0,0,0,0,1,1,0,0,0,0,0,0,0,0,1,0,0,0,0,0,0,0,0,0,1,181,1,0,0,1,0,0,0,1,0,0,1,1,1,0,1,0,0,0,0,0,0,0,0,0,0,1,0,0,0,0,0,0,0,0,0,0,0,0,0,0,0,0,0,0,0,0,0,0,0,0
952fdba5-5596-4fea-9838-f2be95cfc641,1,1,0,0,0,0,0,0,0,0,1,1,1,1,0,0,1,38,0,1,24,1,1511,1,0,1,0,0,0,1,0,0,0,0,6,3,1,0,0,1,1,0,0,1,3,0,0,0,0,0,0.0,1,1,0,0,0,1,1,1,1,0,0,0,0,0,0,2,2,0,0,0,0,0,0,0,0,1,0,0,0,0,0,0,0,0,0,1,203,1,0,0,0,0,1,14,0,0,0,1,1,1,0,1,1,0,0,0,0,0,0,0,0,0,1,0,1,0,0,1,0,0,0,0,0,0,0,0,0,0,0,0,0,1,0,0,0,0,0
95896200-ba19-4899-b8ae-355c8cac6faf,1,1,0,0,0,0,0,0,0,0,1,1,1,1,0,0,1,98,0,1,16,1,1501,1,0,1,0,0,0,1,0,0,0,0,9,3,1,0,0,1,1,0,0,0,2,0,0,0,0,0,0.0,1,0,1,1,0,1,1,1,1,0,0,0,0,0,0,2,2,0,0,0,0,0,0,0,0,1,0,0,0,0,0,0,0,0,0,1,398,1,0,0,0,0,0,0,0,0,0,1,1,1,0,1,1,0,0,0,0,0,0,0,0,0,0,0,1,0,0,1,0,0,0,0,0,0,0,0,0,0,0,0,0,1,0,0,0,0,0
964793eb-46bf-4160-8075-80415c701f7d,1,0,0,0,0,1,0,0,0,0,1,1,1,1,0,1,0,0,0,1,157,1,157,1,0,1,0,0,0,1,0,0,0,0,8,3,1,0,0,1,1,0,0,0,2,1,1,1,0,0,10000.0,1,0,1,1,0,1,1,1,1,0,0,0,0,0,1,1,1,0,1,0,1,0,0,0,0,1,0,0,0,0,0,0,0,0,0,0,0,1,0,0,1,0,0,0,0,0,0,1,1,1,0,1,0,1,1,0,0,0,0,0,0,0,1,0,1,0,0,1,0,0,0,0,0,0,0,0,0,0,0,0,0,1,0,0,0,0,0
967e8b0a-4149-438f-a157-35f7c1de3d20,1,1,0,0,0,0,0,0,0,0,0,1,1,1,0,0,0,0,0,1,81,1,1437,1,0,1,0,0,0,1,0,0,0,0,10,3,1,0,0,1,1,0,0,0,2,0,0,0,0,0,0.0,1,1,0,0,0,1,1,1,1,0,0,0,0,0,1,4,2,0,0,0,0,0,0,0,0,1,0,0,0,0,0,0,0,0,0,1,838,1,0,0,0,0,1,20,0,0,0,1,1,1,0,1,0,0,0,0,0,0,0,0,0,0,0,0,1,0,0,1,0,0,0,0,0,0,0,0,0,0,0,0,0,1,0,1,0,0,0
968fd4d4-af8f-4796-8d5c-4965fb4c075c,1,1,0,0,0,0,0,0,0,0,1,1,1,1,0,0,0,0,0,1,153,1,1357,1,0,1,0,0,0,1,0,0,0,0,5,2,1,0,0,1,1,0,0,0,3,0,0,0,0,0,0.0,1,0,1,1,0,1,1,1,1,0,0,0,0,0,0,1,1,0,0,0,0,0,0,0,0,1,0,0,0,0,0,0,0,0,0,1,1833,1,0,0,0,0,0,0,0,0,0,1,1,1,0,1,1,0,0,0,0,0,0,0,0,0,0,0,1,0,0,1,0,0,0,0,0,0,0,0,0,0,0,0,0,1,0,0,0,0,0
96bee458-3fef-4dac-88a3-87da9853650b,1,0,0,0,0,1,0,0,0,0,1,1,1,1,0,0,0,0,0,1,90,1,460,1,0,1,0,0,0,1,0,0,0,0,4,2,0,0,0,1,1,0,0,0,2,0,0,0,0,0,0.0,1,1,0,0,0,1,1,1,1,0,0,0,0,0,1,1,1,0,0,0,0,0,0,0,0,1,0,0,0,0,0,0,0,0,0,1,438,1,0,0,0,0,0,0,0,0,0,1,1,1,0,1,0,0,0,0,0,1,0,1,0,0,0,0,1,0,0,1,0,0,0,0,0,0,0,0,0,0,0,0,0,1,0,0,0,0,0
96e373ad-1848-4bee-85a7-1eafc59259c6,1,0,0,0,0,1,0,0,0,0,1,1,1,1,0,0,0,0,0,1,172,1,1954,1,0,1,0,0,0,1,0,0,0,0,3,2,1,0,0,1,1,0,0,0,2,0,0,0,0,0,0.0,1,1,0,0,0,1,1,1,1,0,0,0,0,0,0,1,1,0,0,0,0,0,0,0,0,1,0,0,0,0,0,0,0,0,0,1,214,1,0,0,0,0,1,6,0,0,0,1,1,1,0,1,1,0,0,0,0,0,0,0,0,0,1,0,1,0,0,1,0,0,0,0,0,0,0,0,0,0,0,0,0,1,0,0,0,0,0
972c9bac-9759-45e2-aa12-f550e9b84992,1,1,0,0,0,0,0,0,0,0,1,1,1,1,0,0,0,0,0,1,47,1,14412,1,0,1,0,0,0,1,0,0,0,0,13,3,1,0,0,1,1,0,0,0,2,0,0,0,0,0,0.0,1,0,1,1,0,1,1,1,1,0,0,0,0,0,0,1,1,0,0,0,0,0,0,0,0,1,0,0,0,0,0,0,0,0,0,1,1620,1,0,0,0,0,1,9,0,0,0,1,1,1,0,0,0,0,0,0,0,0,0,0,0,0,0,0,0,0,0,0,0,0,0,0,0,0,0,0,0,0,0,0,0,0,0,0,0,0,0
97a4d07b-3f98-48c9-834a-eaef2d2891bd,1,1,0,0,0,0,0,0,0,0,1,1,1,1,0,0,0,0,0,1,167,1,3508,1,0,1,0,0,0,1,0,0,0,0,12,3,1,0,0,1,1,0,0,0,2,0,0,0,0,0,0.0,1,1,0,0,0,1,1,1,1,0,0,0,0,0,0,1,1,0,0,0,0,0,0,0,0,1,0,0,0,0,0,0,0,0,0,1,72,1,0,0,0,0,1,5,0,0,0,1,1,1,0,0,0,0,0,0,0,0,0,0,0,0,0,0,0,0,0,0,0,0,0,0,0,0,0,0,0,0,0,0,0,0,0,0,0,0,0
97c206f8-9755-4dc3-a349-7bb415e5c1f2,1,1,0,0,0,0,0,0,0,0,1,1,1,1,0,0,0,0,0,1,105,1,686,1,0,1,0,0,0,1,0,0,0,0,7,3,1,0,0,1,1,0,0,0,3,0,0,0,0,0,0.0,1,1,1,1,0,1,1,1,1,0,0,0,0,0,0,1,1,0,0,0,0,0,0,0,0,1,0,0,0,0,0,0,0,0,0,1,399,1,0,0,0,0,0,0,0,0,0,1,1,1,0,1,0,0,0,0,0,0,0,0,0,0,0,0,1,0,0,1,0,0,0,0,0,0,0,0,0,0,0,0,0,1,0,0,0,0,0
98553ef3-3718-4fae-9400-a2ec5b2fc258,1,0,0,0,0,1,0,0,0,0,0,1,1,1,1,1,0,0,1,1,15,1,1825,1,0,1,0,0,0,1,0,0,0,0,9,3,1,0,0,1,1,0,0,0,2,1,1,1,0,1,0.0,1,1,0,0,0,1,1,1,1,0,0,0,0,0,0,1,1,1,1,1,1,0,0,0,0,1,0,0,0,0,0,0,0,0,0,1,1355,1,1,67,1,0,1,1,1,0,0,1,1,1,0,1,0,1,0,1,0,0,0,0,0,0,1,0,1,0,0,1,0,0,0,0,0,0,0,0,0,0,0,0,0,1,0,0,0,0,0
985f295d-e193-49a5-86f7-27763004680e,1,1,0,0,0,0,0,0,0,0,1,1,1,1,0,0,0,0,0,1,52,1,573,1,0,1,0,0,0,1,0,0,0,0,2,2,1,0,0,1,1,0,0,0,2,0,0,0,0,0,0.0,1,1,0,0,0,1,1,1,1,0,0,0,0,0,0,1,1,0,0,0,0,0,0,0,0,1,0,0,0,0,0,0,0,0,0,1,139,1,0,0,0,0,1,6,0,0,0,1,1,1,0,1,1,0,0,0,0,0,0,0,0,0,1,0,0,0,0,0,0,0,0,0,0,0,0,0,0,0,0,0,0,0,0,0,0,0,0
988981fc-573e-427a-84cd-74557964c616,1,1,0,0,0,0,0,0,0,0,1,1,1,1,0,0,0,0,0,1,86,1,947,1,0,1,0,0,0,1,0,0,0,0,4,2,1,0,0,1,1,0,0,1,3,0,0,0,0,0,0.0,1,1,0,0,0,1,1,1,1,0,0,0,0,0,1,1,1,0,0,0,0,0,0,0,0,1,0,0,0,0,0,0,0,0,0,1,1568,1,0,0,0,0,0,0,0,0,0,1,1,1,0,1,1,0,0,0,0,0,0,0,0,0,0,0,0,0,0,0,0,0,0,0,0,0,0,0,0,0,0,0,0,0,0,0,0,0,0
990517f7-129a-47c2-8cd8-5e569d1fd280,1,1,0,0,0,0,0,0,0,0,1,1,1,1,0,0,0,0,0,1,99,0,0,1,0,1,0,0,0,1,0,0,0,0,1,1,0,0,0,1,0,0,0,0,1,0,0,0,0,0,0.0,1,0,0,0,0,1,1,1,1,0,0,0,0,0,0,1,1,0,0,0,0,0,0,0,0,1,0,0,0,0,0,0,0,0,0,0,0,1,0,0,0,0,0,0,0,0,0,1,1,1,0,0,0,0,0,0,0,0,0,0,0,0,0,0,0,0,0,0,0,0,0,0,0,0,0,0,0,0,0,0,0,0,0,0,0,0,0
99272fa4-1b32-43e0-a1cf-6935a9741e40,1,0,0,0,0,1,0,0,0,0,1,1,1,1,0,0,1,1218,0,1,106,1,374,1,0,1,0,0,0,1,0,0,0,0,8,3,0,0,0,1,1,0,0,0,2,0,0,0,0,0,0.0,1,1,0,0,0,1,1,1,1,0,0,0,0,0,0,1,1,0,0,0,0,1,0,0,0,0,0,0,0,0,0,0,0,0,0,1,2371,1,0,0,0,0,0,0,0,0,0,1,1,1,0,1,1,0,0,0,0,0,0,0,0,0,1,0,1,0,0,1,0,0,0,0,0,0,0,0,0,0,0,0,0,1,0,0,0,0,0
99593b0a-e04f-40b6-9771-3742d757764b,1,1,0,0,0,0,0,0,0,0,1,1,1,1,0,0,0,0,0,1,215,1,1428,1,0,1,0,0,0,1,0,0,0,0,2,2,1,0,0,1,1,0,0,0,2,0,0,0,0,0,0.0,1,1,0,0,0,1,1,1,1,0,0,0,0,0,0,1,1,0,0,0,0,0,0,0,0,1,0,0,0,0,0,0,0,0,0,1,1500,1,0,0,0,0,0,0,0,0,0,1,1,1,0,1,0,0,0,0,0,0,0,0,0,0,0,0,1,0,0,1,0,0,0,0,0,0,0,0,0,0,0,0,0,1,0,0,0,0,0
99b7e81a-38cb-46e2-a42f-8eed4f10fd42,1,0,0,0,0,1,0,0,0,0,1,1,1,1,0,0,0,0,0,1,214,1,870,1,0,1,0,0,0,1,0,0,0,0,3,2,1,0,0,1,1,0,0,0,2,0,0,0,0,0,0.0,1,0,1,1,0,1,1,1,1,0,0,0,0,0,0,0,0,0,0,0,0,0,0,0,0,0,0,0,0,0,0,0,0,0,0,0,0,0,0,0,0,0,0,0,0,0,0,0,0,0,0,0,0,0,0,0,0,0,0,0,0,0,0,0,0,0,0,0,0,0,0,0,0,0,0,0,0,0,0,0,0,0,0,0,0,0,0
9a13e9d1-d705-469d-87bc-6917a5d621e1,1,0,0,0,0,1,0,0,0,0,1,1,1,1,0,1,0,0,0,1,46,1,523,1,0,1,0,0,0,1,0,0,0,0,5,2,1,0,0,1,1,0,0,0,2,1,1,1,0,0,1000.0,1,0,1,1,0,1,1,1,1,0,0,0,0,0,0,1,1,0,1,0,1,0,0,0,0,1,0,0,0,0,0,0,0,0,0,1,788,1,1,273,1,0,0,0,1,0,0,1,1,1,1,1,0,1,1,0,0,0,0,0,0,0,1,0,1,0,0,1,0,0,0,0,0,0,0,0,0,0,0,0,0,1,0,0,0,0,0
9b3e4f64-680e-4626-bf50-ca2c0bd7d824,1,1,0,0,0,0,0,0,0,0,1,1,1,1,0,1,0,0,0,1,20,1,392,1,0,1,0,0,0,1,0,0,0,0,6,3,1,0,0,1,1,0,0,0,3,1,3,1,0,0,0.0,1,0,1,1,0,1,1,1,1,0,0,0,0,0,0,3,2,0,1,0,1,0,0,0,0,1,0,0,0,0,0,0,0,0,0,1,3079,1,0,0,1,0,1,11,0,0,0,1,1,1,1,1,0,1,1,0,0,0,0,0,0,0,1,0,1,0,0,1,0,0,0,0,0,0,0,0,0,0,0,0,0,1,0,0,0,0,0
9b41aee9-b72c-411c-a6cc-aa03d0cadf12,1,0,0,0,0,1,0,0,0,0,1,1,1,1,0,0,0,0,0,1,91,1,599,1,0,1,0,0,0,1,0,0,0,0,8,3,1,0,0,1,1,0,0,0,2,0,0,0,0,0,0.0,1,0,0,0,0,1,1,1,1,0,0,0,0,0,0,2,2,0,0,0,0,0,0,0,0,1,0,0,0,0,0,0,0,0,0,1,296,1,0,0,0,0,0,0,0,0,0,1,1,1,1,0,0,0,0,0,0,0,0,0,0,0,0,0,0,0,0,0,0,0,0,0,0,0,0,0,0,0,0,0,0,0,0,0,0,0,0
9be857e1-1bb3-4813-bfce-3b938f0e0196,1,0,0,0,0,1,0,0,0,0,1,1,1,1,0,0,0,0,0,1,97,1,434,1,0,1,0,0,0,1,0,0,0,0,5,2,1,0,0,1,1,0,0,0,2,0,0,0,0,0,0.0,1,1,0,0,0,1,1,1,1,0,0,0,0,0,0,1,1,0,0,0,0,0,0,0,0,1,0,0,0,0,0,0,0,0,0,1,299,1,0,0,0,0,0,0,0,0,0,1,1,1,1,1,0,0,0,0,0,0,0,0,0,0,0,0,1,0,0,1,0,0,0,0,0,0,0,0,0,0,0,0,0,1,0,0,0,0,0
9cb4753e-f8c5-4986-9d73-67e7a981a4a3,1,0,0,0,0,1,0,0,0,0,1,1,1,1,0,0,0,0,0,1,72,1,142,1,0,1,0,0,0,1,0,0,0,0,2,2,1,0,0,1,1,0,0,0,2,0,0,0,0,0,0.0,1,1,0,0,0,1,1,1,1,0,0,0,0,0,0,1,1,0,0,0,0,0,0,0,0,1,0,0,0,0,0,0,0,0,0,1,359,1,0,0,0,0,0,0,0,0,0,1,1,1,0,1,1,0,0,0,0,0,0,0,0,0,1,0,0,0,0,0,0,0,0,0,0,0,0,0,0,0,0,0,0,0,0,0,0,0,0
9d4e50bb-276f-40f3-ba70-b0d9904f30af,1,1,0,0,0,0,0,0,0,0,1,1,1,1,0,0,0,0,0,1,137,1,990,1,0,1,0,0,0,1,0,0,0,0,8,3,1,0,0,1,1,0,0,0,2,0,0,0,0,0,0.0,1,1,0,0,0,1,1,1,1,0,0,0,0,0,1,1,1,0,0,0,0,0,0,0,0,1,0,0,0,0,0,0,0,0,0,1,620,1,0,0,0,0,0,0,0,0,0,1,1,1,0,1,1,0,0,0,0,0,0,0,0,0,0,0,1,0,0,1,0,0,0,0,0,0,0,0,0,0,0,0,0,1,0,0,0,0,0
9e19d8c0-2d1f-44aa-a315-f4ead9cefc32,1,1,0,0,0,0,0,0,0,0,1,1,1,1,0,0,0,0,0,1,43,1,4,1,0,1,0,0,0,1,0,0,0,0,2,2,1,0,0,1,1,0,0,0,2,0,0,0,0,0,0.0,0,0,0,0,0,0,0,0,0,0,0,0,0,0,0,1,1,0,0,0,0,0,0,0,0,1,0,0,0,0,0,0,0,0,0,0,0,1,0,0,0,0,0,0,0,0,0,1,1,1,0,0,0,0,0,0,0,0,0,0,0,0,0,0,0,0,0,0,0,0,0,0,0,0,0,0,0,0,0,0,0,0,0,0,0,0,0
9ea5042b-bbb3-47dd-9b7e-9306e3be5b92,1,1,0,0,0,0,0,0,0,0,1,1,1,1,1,1,0,0,1,1,108,1,2055,1,0,1,0,0,0,1,0,0,0,0,10,3,1,0,0,1,1,0,0,0,2,1,2,0,0,1,0.0,1,1,1,1,0,1,1,1,1,0,0,0,0,0,0,1,1,1,1,1,1,0,0,0,0,1,0,0,0,0,0,0,0,0,0,1,1064,1,1,210,1,0,1,8,1,0,0,1,1,1,1,0,0,1,0,0,1,0,0,0,0,0,1,0,1,0,0,1,0,0,0,0,0,0,0,0,0,0,0,0,0,0,0,1,0,0,0
9f28f428-4102-43d2-a0d3-dacb19bcf6c0,1,1,0,0,0,0,0,0,0,0,1,1,1,1,0,0,0,0,0,1,65,1,517,1,0,1,0,0,0,1,0,0,0,0,2,2,1,0,0,1,1,0,0,0,2,0,0,0,0,0,0.0,1,1,0,0,0,1,1,1,1,0,0,0,0,0,0,1,1,0,0,0,0,0,0,0,0,1,0,0,0,0,0,0,0,0,0,0,0,1,0,0,0,0,0,0,0,0,0,1,1,1,0,1,1,0,0,0,0,0,0,0,0,0,1,0,0,0,0,0,0,0,0,0,0,0,0,0,0,0,0,0,0,0,0,0,0,0,0
9fd2e4a4-9461-46d5-bf47-ffc62e5ab261,1,1,0,0,0,0,0,0,0,0,1,1,1,1,0,0,0,0,0,1,137,1,1292,1,0,1,0,0,0,1,0,0,0,0,2,2,1,0,0,1,1,0,0,0,2,0,0,0,0,0,0.0,1,1,0,0,0,1,1,1,1,0,0,0,0,0,0,1,1,0,0,0,0,0,0,0,0,1,0,0,0,0,0,0,0,0,0,1,589,1,0,0,0,0,0,0,0,0,0,1,1,1,0,1,1,0,0,0,0,0,0,0,0,0,0,0,1,0,0,1,0,0,0,0,0,0,0,0,0,0,0,0,0,1,0,0,0,0,0
a00b9f63-6eeb-4934-84bd-e64b71e6c124,1,0,0,0,0,1,0,0,0,0,1,1,1,1,0,0,0,0,0,1,174,1,435,1,0,1,0,0,0,1,0,0,0,0,3,2,1,0,0,1,1,0,0,0,2,0,0,0,0,0,0.0,1,1,0,0,0,1,1,1,1,0,0,0,0,0,0,1,1,0,0,0,0,0,0,0,0,1,0,0,0,0,0,0,0,0,0,1,462,1,0,0,0,0,1,1,0,0,0,1,1,1,0,0,0,0,0,0,0,0,0,0,0,0,0,0,0,0,0,0,0,0,0,0,0,0,0,0,0,0,0,0,0,0,0,0,0,0,0
a05106d6-1f0d-45be-b1aa-ffc3b793b372,1,1,0,0,0,0,0,0,0,0,1,1,1,1,0,0,1,26,0,1,111,1,1438,1,0,1,0,0,0,1,0,0,0,0,6,3,1,0,0,1,1,0,0,0,2,0,0,0,0,0,0.0,1,1,0,0,0,1,1,1,1,0,0,0,0,0,1,1,1,0,0,0,0,0,0,0,0,1,0,0,0,0,0,0,0,0,0,1,46,1,0,0,0,0,0,0,0,0,0,1,1,1,0,1,1,0,0,0,0,0,0,0,0,0,0,0,0,0,0,0,0,0,0,0,0,0,0,0,0,0,0,0,0,0,0,0,0,0,0
a0b85fe6-9ebd-4cf8-910f-51c8fe0c69f2,1,0,0,0,0,1,0,0,0,0,1,1,1,1,0,0,0,0,0,1,136,1,1245,1,0,1,0,0,0,1,0,0,0,0,4,2,1,0,0,1,1,0,0,0,2,0,0,0,0,0,0.0,1,1,0,0,0,1,1,1,1,0,0,0,0,0,1,2,2,0,0,0,0,0,0,0,0,1,0,0,0,0,0,0,0,0,0,1,578,1,0,0,0,0,0,0,0,0,0,1,1,1,0,1,1,0,0,0,0,0,0,0,0,0,0,0,1,0,0,1,0,0,0,0,0,0,0,0,0,0,0,0,0,1,0,0,0,0,0
a0bf9955-27df-41ca-912f-9bac8d29ac84,1,0,0,0,0,1,0,0,0,0,0,1,1,1,0,0,0,0,0,1,79,1,493,1,0,1,0,0,0,1,0,0,0,0,3,2,1,0,0,1,1,0,0,0,2,0,0,0,0,0,0.0,1,1,0,0,0,1,1,1,1,0,0,0,0,0,1,1,1,0,0,0,0,0,0,0,0,1,0,0,0,0,0,0,0,0,0,1,78,1,0,0,0,0,0,0,0,0,0,1,0,1,0,1,0,0,0,0,0,0,0,0,0,0,0,0,1,0,0,1,0,0,0,0,0,0,0,0,0,0,0,0,0,1,0,0,0,0,0
a15d3289-ed97-42e5-8845-cf17853cc0a8,1,0,0,0,0,1,0,0,0,0,1,1,1,1,0,0,0,0,0,1,48,1,3030,1,0,1,0,0,0,1,0,0,0,0,8,3,1,0,0,1,1,0,0,0,2,1,1,0,0,1,0.0,1,1,0,0,0,1,1,1,1,0,0,0,0,0,0,1,1,0,0,0,0,0,0,0,0,1,0,0,0,0,0,0,0,0,0,1,265,1,1,1006,0,0,0,0,1,0,0,1,1,1,1,1,0,1,1,0,0,0,0,0,0,0,1,0,1,0,0,1,0,0,0,0,0,0,0,0,0,0,0,0,0,1,0,0,0,0,0
a188b253-cf88-4895-839f-19fdbfb67115,1,1,0,0,0,0,0,0,0,0,1,1,1,1,0,0,0,0,0,1,30,1,4,1,0,1,0,0,0,1,0,0,0,0,2,2,1,0,0,1,1,0,0,0,2,0,0,0,0,0,0.0,0,0,0,0,0,0,0,0,0,0,0,0,0,0,0,2,2,0,0,0,0,0,0,0,0,1,0,0,0,0,0,0,0,0,0,0,0,1,0,0,0,0,0,0,0,0,0,1,1,1,0,0,0,0,0,0,0,0,0,0,0,0,0,0,0,0,0,0,0,0,0,0,0,0,0,0,0,0,0,0,0,0,0,0,0,0,0
a19fcb15-df49-4314-ae74-0f988fd48e05,1,1,0,0,0,0,0,0,0,0,1,1,1,1,0,0,0,0,0,1,145,1,986,1,0,1,0,0,0,1,0,0,0,0,3,2,1,0,0,1,1,0,0,0,2,0,0,0,0,0,0.0,1,1,0,0,0,1,1,1,1,0,0,0,0,0,0,1,1,0,0,0,0,0,0,0,0,1,0,0,0,0,0,0,0,0,0,1,1159,1,0,0,0,0,1,4,0,0,0,1,1,1,0,1,1,0,0,0,0,0,0,0,0,0,1,0,1,0,0,1,0,0,0,0,0,0,0,0,0,0,0,0,0,1,0,0,0,0,0
a1ef6e41-b8fc-4654-aee2-bd6884fa0271,1,0,0,0,0,1,0,0,0,0,1,1,1,1,0,0,0,0,0,1,73,1,1933,1,0,1,0,0,0,1,0,0,0,0,3,2,1,0,0,1,1,0,0,0,2,0,0,0,0,0,0.0,1,1,0,0,0,1,1,1,1,0,0,0,0,0,1,1,1,0,0,0,0,0,0,0,0,1,0,0,0,0,0,0,0,0,0,1,594,1,0,0,0,0,0,0,0,0,0,1,1,1,1,0,0,0,0,0,0,0,0,0,0,0,0,0,0,0,0,0,0,0,0,0,0,0,0,0,0,0,0,0,0,0,0,0,0,0,0
a2a8e1f5-5738-42a6-a388-e95988957325,1,1,0,0,0,0,0,0,0,0,1,1,1,1,0,0,0,0,0,1,100,1,2374,1,0,1,0,0,0,1,0,0,0,0,4,2,1,0,0,1,1,0,0,0,2,0,0,0,0,0,0.0,1,1,0,0,0,1,1,1,1,0,0,0,0,0,1,1,1,0,0,0,0,0,0,0,0,1,0,0,0,0,0,0,0,0,0,1,2374,1,0,0,0,0,1,1,0,0,0,1,1,1,0,1,0,0,0,0,0,1,0,1,0,0,0,0,1,0,0,1,0,0,0,0,0,0,0,0,0,0,0,0,0,0,0,1,0,0,0
a2af5e24-0302-4a67-9c4e-8c04787b028d,1,1,0,0,0,0,0,0,0,0,1,1,1,1,0,0,0,0,0,1,43,1,114,1,0,1,0,0,0,1,0,0,0,0,5,2,1,0,0,1,1,0,0,0,2,0,0,0,0,0,0.0,1,1,1,1,0,1,1,1,1,0,0,0,0,0,0,1,1,0,0,0,0,0,0,0,0,1,0,0,0,0,0,0,0,0,0,1,262,1,0,0,0,0,1,1,0,0,0,1,1,1,0,1,0,0,0,0,0,0,0,0,0,0,0,0,1,0,0,1,0,0,0,0,0,0,0,0,0,0,0,0,0,1,0,0,0,0,0
a2cf491b-8ca2-4ead-a86c-46550ecd8bc4,1,1,0,0,0,0,0,0,0,0,1,1,1,1,0,0,0,0,0,1,125,1,1027,1,0,1,0,0,0,1,0,0,0,0,5,2,1,0,0,1,1,0,0,0,2,0,0,0,0,0,0.0,1,1,0,0,0,1,1,1,1,0,0,0,0,0,0,1,1,0,0,0,0,0,0,0,0,1,0,0,0,0,0,0,0,0,0,1,356,1,0,0,0,0,0,0,0,0,0,1,1,1,0,1,1,0,0,0,0,0,0,0,0,0,0,0,1,0,0,1,0,0,0,0,0,0,0,0,0,0,0,0,0,1,0,0,0,0,0
a312177c-c5d9-4b6d-9f55-1b3ed4c4328b,1,0,0,0,0,1,0,0,0,0,1,1,1,1,0,1,0,0,0,1,40,1,65,1,0,1,0,0,0,1,0,0,0,0,6,3,1,0,0,1,1,0,0,0,2,1,2,1,0,1,0.0,1,1,1,1,0,1,1,1,1,0,0,0,0,0,0,2,2,0,1,0,1,0,0,0,0,1,0,0,0,0,0,0,0,0,0,1,240,1,1,190,1,0,1,6,0,0,0,1,1,1,1,1,0,1,1,0,0,0,0,0,0,0,1,0,1,0,0,1,0,0,0,0,0,0,0,0,0,0,0,0,0,1,0,0,0,0,0
a3413e0d-c1d3-4d44-a5ec-b3b3f4df41dc,1,1,0,0,0,0,0,0,0,0,1,1,1,1,0,0,1,302,0,1,133,1,990,1,0,1,0,0,0,1,0,0,0,0,2,2,1,0,0,1,1,0,0,0,2,0,0,0,0,0,0.0,1,1,0,0,0,1,1,1,1,0,0,0,0,0,1,2,2,0,0,0,0,0,0,0,0,1,0,0,0,0,0,0,0,0,0,1,718,1,0,0,0,0,0,0,0,0,0,1,1,1,0,1,1,0,0,0,0,0,0,0,0,0,0,0,1,0,0,1,0,0,0,0,0,0,0,0,0,0,0,0,0,1,0,0,0,0,0
a342389d-15cd-4b61-a259-0a8d2fa23d1c,1,0,0,0,0,1,0,0,0,0,1,1,1,1,0,0,0,0,0,1,84,1,1569,1,0,1,0,0,0,1,0,0,0,0,6,3,1,0,0,1,1,0,0,0,2,0,0,0,0,0,0.0,1,0,0,0,0,1,1,1,1,0,0,0,0,0,0,1,1,0,0,0,0,0,0,0,0,1,0,0,0,0,0,0,0,0,0,1,128,1,0,0,0,0,0,0,0,0,0,1,1,1,0,0,0,0,0,0,0,0,0,0,0,0,0,0,0,0,0,0,0,0,0,0,0,0,0,0,0,0,0,0,0,0,0,0,0,0,0
a3470da0-0ed6-45b4-8dfc-b6f66336d013,1,0,0,0,0,1,0,0,0,0,1,1,1,1,0,0,0,0,0,1,88,1,1092,1,0,1,0,0,0,1,0,0,0,0,2,2,1,0,0,1,1,0,0,0,2,0,0,0,0,0,0.0,1,1,0,0,0,1,1,1,1,0,0,0,0,0,1,1,1,0,0,0,0,0,0,0,0,1,0,0,0,0,0,0,0,0,0,0,0,1,0,0,0,0,0,0,0,0,0,1,1,1,0,1,0,0,0,0,0,0,0,0,0,0,0,0,0,0,0,0,0,0,0,0,0,0,0,0,0,0,0,0,0,0,0,0,0,0,0
a411859c-0756-476c-848a-8314b7c86fbf,1,0,0,0,0,1,0,0,0,0,1,1,1,1,0,0,0,0,0,1,88,1,1092,1,0,1,0,0,0,1,0,0,0,0,2,2,1,0,0,1,1,0,0,0,2,0,0,0,0,0,0.0,1,1,0,0,0,1,1,1,1,0,0,0,0,0,1,1,1,0,0,0,0,0,0,0,0,1,0,0,0,0,0,0,0,0,0,0,0,1,0,0,0,0,0,0,0,0,0,1,1,1,0,1,0,0,0,0,0,0,0,0,0,0,0,0,0,0,0,0,0,0,0,0,0,0,0,0,0,0,0,0,0,0,0,0,0,0,0
a44aef9a-5cb0-4aa6-af2b-43ea6c037768,1,1,0,0,0,0,0,0,0,0,1,1,1,1,1,1,0,0,1,1,155,1,2572,1,0,1,0,0,0,1,0,0,0,0,15,3,1,0,0,1,1,0,0,0,3,1,3,0,0,1,0.0,1,0,1,1,0,1,1,1,1,0,0,0,0,0,0,2,2,1,1,1,1,0,0,0,0,1,0,0,0,0,0,0,0,0,0,1,4606,1,1,239,1,0,1,16,1,0,0,1,1,1,1,0,0,1,0,0,1,0,0,0,0,0,1,0,1,0,0,1,0,0,0,0,0,0,0,0,0,0,0,0,0,0,0,1,0,0,0
a44d8f9b-723a-4c43-81df-cf1484128d40,1,1,0,0,0,0,0,0,0,0,1,1,1,1,0,0,0,0,0,1,116,1,256,1,0,1,0,0,0,1,0,0,0,0,2,2,1,0,0,1,1,0,0,0,2,0,0,0,0,0,0.0,1,0,1,1,0,1,1,1,1,0,0,0,0,0,1,1,1,0,0,0,0,0,0,0,0,1,0,0,0,0,0,0,0,0,0,1,2369,1,0,0,0,0,0,0,0,0,0,1,1,1,0,1,0,0,0,0,0,0,0,0,0,0,0,0,1,0,0,1,0,0,0,0,0,0,0,0,0,0,0,0,0,1,0,0,0,0,0
a4d243c1-1c97-4020-8c2f-cba7b3366e3a,1,1,0,0,0,0,0,0,0,0,1,1,1,1,0,0,0,0,0,1,156,1,182,1,0,1,0,0,0,1,0,0,0,0,5,2,1,0,0,1,1,0,0,0,2,0,0,0,0,0,0.0,1,1,0,0,0,1,1,1,1,0,0,0,0,0,0,1,1,0,0,0,0,0,0,0,0,1,0,0,0,0,0,0,0,0,0,1,182,1,0,0,0,0,0,0,0,0,0,1,1,1,0,1,1,0,0,0,0,0,0,0,0,0,0,0,0,0,0,0,0,0,0,0,0,0,0,0,0,0,0,0,0,0,0,0,0,0,0
a4d2ad8c-168b-4fa4-b13a-979112f4f968,1,1,0,0,0,0,0,0,0,0,1,1,1,1,0,0,0,0,0,1,36,1,80,1,0,1,0,0,0,1,0,0,0,0,3,2,1,0,0,1,1,0,0,0,2,0,0,0,0,0,0.0,1,0,1,1,0,1,1,1,1,0,0,0,0,0,1,1,1,0,0,0,0,0,0,0,0,1,0,0,0,0,0,0,0,0,0,1,578,1,0,0,0,0,0,0,0,0,0,1,1,1,0,0,0,0,0,0,0,0,0,0,0,0,0,0,0,0,0,0,0,0,0,0,0,0,0,0,0,0,0,0,0,0,0,0,0,0,0
a5a960f0-8d8e-4ee9-ad82-b1dd84aab9ac,1,1,0,0,0,0,0,0,0,0,0,1,1,1,0,0,0,0,0,1,129,1,299,1,0,1,0,0,0,1,0,0,0,0,5,2,1,0,0,1,1,0,0,1,4,0,0,0,0,0,0.0,1,1,0,0,0,1,1,1,1,0,0,0,0,0,1,1,1,0,0,0,0,0,0,0,0,1,0,0,0,0,0,0,0,0,0,0,0,1,0,0,0,0,0,0,0,0,0,1,0,1,0,1,0,0,0,0,0,0,0,0,0,0,0,0,1,0,0,1,0,0,0,0,0,0,0,0,0,0,0,0,0,1,0,0,0,0,0
a6f64eab-5bd3-45f8-8866-d0d37af9de49,1,0,0,0,0,1,0,0,0,0,1,1,1,1,0,0,0,0,0,1,150,1,432,1,0,1,0,0,0,1,0,0,0,0,2,2,1,0,0,1,1,0,0,0,2,0,0,0,0,0,0.0,1,1,0,0,0,1,1,1,1,0,0,0,0,0,0,0,0,0,0,0,0,0,0,0,0,0,0,0,0,0,0,0,0,0,0,0,0,0,0,0,0,0,0,0,0,0,0,0,0,0,0,0,0,0,0,0,0,0,0,0,0,0,0,0,0,0,0,0,0,0,0,0,0,0,0,0,0,0,0,0,0,0,0,0,0,0,0
a6fbb919-0055-4231-8820-c00d9ed976d2,1,0,0,0,0,1,0,0,0,0,0,1,1,1,0,0,0,0,0,1,54,1,564,1,0,1,0,0,0,1,0,0,0,0,4,2,1,0,0,1,1,0,0,1,3,0,0,0,0,0,0.0,1,1,0,0,0,1,1,1,1,0,0,0,0,0,1,1,1,0,0,0,0,0,0,0,0,1,0,0,0,0,0,0,0,0,0,1,409,1,0,0,0,0,0,0,0,0,0,1,0,1,0,1,0,0,0,0,0,0,0,0,0,0,0,0,1,0,0,1,0,0,0,0,0,0,0,0,0,0,0,0,0,1,0,0,0,0,0
a76967f5-21f0-4f78-aca9-287013023eb5,1,1,0,0,0,0,0,0,0,0,1,1,1,1,0,0,0,0,0,1,59,1,1275,1,0,1,0,0,0,1,0,0,0,0,5,2,1,0,0,1,1,0,0,0,2,0,0,0,0,0,0.0,1,1,0,0,0,1,1,1,1,0,0,0,0,0,0,1,1,0,0,0,0,0,0,0,0,1,0,0,0,0,0,0,0,0,0,1,102,1,0,0,0,0,1,5,0,0,0,1,1,1,0,1,1,0,0,0,0,0,0,0,0,0,0,0,0,0,0,0,0,0,0,0,0,0,0,0,0,0,0,0,0,0,0,0,0,0,0
a7a49726-98e8-49de-b505-bbb71764880f,1,1,0,0,0,0,0,0,0,0,1,1,1,1,0,0,0,0,0,1,102,1,1278,1,0,1,0,0,0,1,0,0,0,0,5,2,1,0,0,1,1,0,0,0,2,0,0,0,0,0,0.0,1,1,0,0,0,1,1,1,1,0,0,0,0,0,0,1,1,0,0,0,0,0,0,0,0,1,0,0,0,0,0,0,0,0,0,1,107,1,0,0,0,0,1,2,0,0,0,1,1,1,0,1,1,0,0,0,0,0,0,0,0,0,0,0,0,0,0,0,0,0,0,0,0,0,0,0,0,0,0,0,0,0,0,0,0,0,0
a7f67985-51e3-4a21-a250-888ae77ac354,1,1,0,0,0,0,0,0,0,0,1,1,1,1,0,0,1,865,0,1,116,1,2659,1,0,1,0,0,0,1,0,0,0,0,6,3,1,0,0,1,1,0,0,0,2,0,0,0,0,0,0.0,1,1,0,0,0,1,1,1,1,0,0,0,0,0,0,3,2,0,0,0,0,0,0,0,0,1,0,0,0,0,0,0,0,0,0,1,1507,1,0,0,0,0,1,15,0,0,0,1,1,1,0,1,1,0,0,0,0,0,0,0,0,0,0,0,1,0,0,1,0,0,0,0,0,0,0,0,0,0,0,0,0,1,0,0,0,0,0
a851d10d-b1b3-4a33-b0a4-29da97f1bd91,1,0,0,0,0,1,0,0,0,0,1,1,1,1,0,0,0,0,0,1,206,1,1769,1,0,1,0,0,0,1,0,0,0,0,2,2,1,0,0,1,1,0,0,0,2,0,0,0,0,0,0.0,1,1,0,0,0,1,1,1,1,0,0,0,0,0,0,2,2,0,0,0,0,0,0,0,0,1,0,0,0,0,0,0,0,0,0,1,765,1,0,0,0,0,0,0,0,0,0,1,1,1,0,1,1,0,0,0,0,0,0,0,0,0,1,0,1,0,0,1,0,0,0,0,0,0,0,0,0,0,0,0,0,1,0,0,0,0,0
a8a8a390-3369-4607-949f-6dae53d1ecf5,1,1,0,0,0,0,0,0,0,0,1,1,1,1,0,0,1,149,0,1,120,1,2624,1,0,1,0,0,0,1,0,0,0,0,5,2,1,0,0,1,1,0,0,0,2,0,0,0,0,0,0.0,1,1,0,0,0,1,1,1,1,0,0,0,0,0,0,2,2,0,0,0,0,0,0,0,0,1,0,0,0,0,0,0,0,0,0,1,2362,1,0,0,0,0,1,29,0,0,0,1,1,1,0,1,1,0,0,0,0,0,0,0,0,0,1,0,1,0,0,1,0,0,0,0,0,0,0,0,0,0,0,0,0,1,0,0,0,0,0
a8e2fbeb-1c5e-45e7-be96-3ad76e71d23a,1,0,0,0,0,1,0,0,0,0,1,1,1,1,0,0,0,0,0,1,129,1,765,1,0,1,0,0,0,1,0,0,0,0,2,2,1,0,0,1,1,0,0,0,2,0,0,0,0,0,0.0,1,1,1,1,0,1,1,1,1,0,0,0,0,0,0,1,1,0,0,0,0,0,0,0,0,1,0,0,0,0,0,0,0,0,0,1,63,1,0,0,0,0,0,0,0,0,0,1,1,1,0,1,1,0,0,0,0,0,0,0,0,0,0,0,0,0,0,0,0,0,0,0,0,0,0,0,0,0,0,0,0,0,0,0,0,0,0
a98a52bc-998c-4e65-a2c3-03457c4ee06c,1,1,0,0,0,0,0,0,0,0,1,1,1,1,0,0,0,0,0,1,119,1,1414,1,0,1,0,0,0,1,0,0,0,0,2,2,1,0,0,1,1,0,0,0,2,0,0,0,0,0,0.0,1,1,0,0,0,1,1,1,1,0,0,0,0,0,1,2,2,0,0,0,0,0,0,0,0,1,0,0,0,0,0,0,0,0,0,1,285,1,0,0,0,0,1,1,0,0,0,1,1,1,0,1,1,0,0,0,0,0,0,0,0,0,1,0,1,0,0,1,0,0,0,0,0,0,0,0,0,0,0,0,0,1,0,0,0,0,0
aa3f9ea5-c062-4462-b3d3-6c99fc23ec50,1,0,0,0,0,1,0,0,0,0,1,1,1,1,0,0,1,1000,0,1,136,1,1997,1,0,1,0,0,0,1,0,0,0,0,7,3,1,0,0,1,1,0,0,0,3,0,0,0,0,0,0.0,1,1,0,0,0,1,1,1,1,0,0,0,0,0,0,2,2,0,0,0,0,0,0,0,0,1,0,0,0,0,0,0,0,0,0,1,1436,1,0,0,1,0,0,0,0,0,0,1,1,1,0,1,0,0,0,0,0,1,0,1,0,0,0,0,1,0,0,1,0,0,0,0,0,0,0,0,0,0,0,0,0,1,0,0,0,0,0
aa453aa5-78f6-4a3e-89e1-1200d722d8a1,1,1,0,0,0,0,0,0,0,0,1,1,1,1,0,0,0,0,0,1,98,1,1075,1,0,1,0,0,0,1,0,0,0,0,2,2,1,0,0,1,1,0,0,0,2,0,0,0,0,0,0.0,1,1,0,0,0,1,1,1,1,0,0,0,0,0,0,1,1,0,0,0,0,0,0,0,0,1,0,0,0,0,0,0,0,0,0,1,531,1,0,0,0,0,1,4,0,0,0,1,1,1,0,1,0,0,0,0,0,0,0,0,0,0,0,0,1,0,0,1,0,0,0,0,0,0,0,0,0,0,0,0,0,1,0,0,0,0,0
aa577833-a491-4354-be5d-e7ee4f7614ff,1,0,0,0,0,1,0,0,0,0,1,1,1,1,0,0,0,0,0,1,132,1,1556,1,0,1,0,0,0,1,0,0,0,0,8,3,1,0,0,1,1,0,0,0,2,0,0,0,0,0,0.0,1,1,0,0,0,1,1,1,1,0,0,0,0,0,1,1,1,0,0,0,0,0,0,0,0,1,0,0,0,0,0,0,0,0,0,1,515,1,0,0,0,0,1,2,0,0,0,1,1,1,0,1,1,0,0,0,0,0,0,0,0,0,1,0,1,0,0,1,0,0,0,0,0,0,0,0,0,0,0,0,0,1,0,0,0,0,0
aa9f3ea4-01f8-4e59-8c0b-25f45e003ba6,1,1,0,0,0,0,0,0,0,0,1,1,1,1,0,0,0,0,0,1,52,1,2110,1,0,1,0,0,0,1,0,0,0,0,9,3,1,0,0,1,1,0,0,0,2,0,0,0,0,0,0.0,1,1,0,0,0,1,1,1,1,0,0,0,0,0,1,1,1,0,0,0,0,0,0,0,0,1,0,0,0,0,0,0,0,0,0,1,739,1,0,0,0,0,0,0,0,0,0,1,1,1,0,1,1,0,0,0,0,0,0,0,0,0,1,0,0,0,0,0,0,0,0,0,0,0,0,0,0,0,0,0,0,0,0,0,0,0,0
aadb3b7c-1334-4d9c-95d5-2bbd364e417b,1,0,0,0,0,1,0,0,0,0,1,1,1,1,0,0,0,0,0,1,60,1,161,1,0,1,0,0,0,1,0,0,0,0,2,2,1,0,0,1,1,0,0,0,2,0,0,0,0,0,0.0,1,1,0,0,0,1,1,1,1,0,0,0,0,0,1,1,1,0,0,0,0,0,0,0,0,1,0,0,0,0,0,0,0,0,0,0,0,1,0,0,0,0,0,0,0,0,0,1,1,1,0,0,0,0,0,0,0,0,0,0,0,0,0,0,1,0,0,1,0,0,0,0,0,0,0,0,0,0,0,0,0,1,0,0,0,0,0
ab5badbe-7511-4b5a-be0c-e058d5d032cf,1,1,0,0,0,0,0,0,0,0,1,1,1,1,0,0,0,0,0,1,66,1,750,1,0,1,0,0,0,1,0,0,0,0,2,2,1,0,0,1,1,0,0,0,2,0,0,0,0,0,0.0,1,0,1,1,0,1,1,1,1,0,0,0,0,0,0,1,1,0,0,0,0,0,0,0,0,1,0,0,0,0,0,0,0,0,0,1,82,1,0,0,0,0,0,0,0,0,0,1,1,1,0,1,1,0,0,0,0,0,0,0,0,0,1,0,0,0,0,0,0,0,0,0,0,0,0,0,0,0,0,0,0,0,0,0,0,0,0
abd10a1a-e448-4207-8f27-53386d1cea45,1,1,0,0,0,0,0,0,0,0,1,1,1,1,0,0,0,0,0,1,18,1,598,1,0,1,0,0,0,1,0,0,0,0,6,3,1,0,0,1,1,0,0,0,2,0,0,0,0,0,0.0,1,1,0,0,0,1,1,1,1,0,0,0,0,0,0,3,2,0,0,0,0,0,0,0,0,1,0,0,0,0,0,0,0,0,0,1,476,1,0,0,0,0,0,0,0,0,0,1,1,1,1,0,0,0,0,0,0,0,0,0,0,0,0,0,0,0,0,0,0,0,0,0,0,0,0,0,0,0,0,0,0,0,0,0,0,0,0
ac06bb7e-41fb-4b84-9228-6e3871157532,1,0,0,0,0,1,0,0,0,0,1,1,1,1,0,0,0,0,0,1,13,0,0,1,0,1,0,0,0,1,0,0,0,0,1,1,0,0,0,1,0,0,0,0,1,0,0,0,0,0,0.0,1,0,0,0,0,1,1,1,1,0,0,0,0,0,0,1,1,0,0,0,0,0,0,0,0,1,0,0,0,0,0,0,0,0,0,0,0,1,0,0,0,0,0,0,0,0,0,1,1,1,0,0,0,0,0,0,0,0,0,0,0,0,0,0,0,0,0,0,0,0,0,0,0,0,0,0,0,0,0,0,0,0,0,0,0,0,0
ad28ae60-ba40-4bfe-85df-04ef9893c444,1,1,0,0,0,0,0,0,0,0,1,1,1,1,0,0,0,0,0,1,123,1,330,1,0,1,0,0,0,1,0,0,0,0,2,2,1,0,0,1,1,0,0,0,2,0,0,0,0,0,0.0,1,1,0,0,0,1,1,1,1,0,0,0,0,0,0,1,1,0,0,0,0,0,0,0,0,1,0,0,0,0,0,0,0,0,0,1,105,1,0,0,0,0,1,3,0,0,0,1,1,1,0,1,1,0,0,0,0,0,0,0,0,0,0,0,0,0,0,0,0,0,0,0,0,0,0,0,0,0,0,0,0,0,0,0,0,0,0
ad60c5bf-fe54-4e79-9d55-3719999e6aff,1,1,0,0,0,0,0,0,0,0,1,1,1,1,0,0,0,0,0,1,72,1,1544,1,0,1,0,0,0,1,0,0,0,0,2,2,1,0,0,1,1,0,0,0,2,0,0,0,0,0,0.0,1,1,0,0,0,1,1,1,1,0,0,0,0,0,1,1,1,0,0,0,0,0,0,0,0,1,0,0,0,0,0,0,0,0,0,1,175,1,0,0,0,0,1,3,0,0,0,1,1,1,0,1,1,0,0,0,0,0,0,0,0,0,1,0,1,0,0,1,0,0,0,0,0,0,0,0,0,0,0,0,0,1,0,0,0,0,0
ada757d3-0670-4f1a-a393-e9795dc2719f,1,0,0,0,0,1,0,0,0,0,1,1,1,1,0,0,0,0,0,1,42,1,1030,1,0,1,0,0,0,1,0,0,0,0,14,3,1,0,0,1,1,0,0,0,2,0,0,0,0,0,0.0,1,0,1,1,0,1,1,1,1,0,0,0,0,0,0,2,2,0,0,0,0,0,0,0,0,1,0,0,0,0,0,0,0,0,0,1,1033,1,0,0,0,0,0,0,0,0,0,1,1,1,0,0,0,0,0,0,0,0,0,0,0,0,0,0,0,0,0,0,0,0,0,0,0,0,0,0,0,0,0,0,0,0,0,0,0,0,0
ae3b2857-03a4-4f1d-8335-65a94af05090,1,0,0,0,0,1,0,0,0,0,1,1,1,1,0,0,0,0,0,1,25,1,731,1,0,1,0,0,0,1,0,0,0,0,2,2,1,0,0,1,1,0,0,0,2,0,0,0,0,0,0.0,1,1,1,1,0,1,1,1,1,0,0,0,0,0,0,2,2,0,0,0,0,0,0,0,0,1,0,0,0,0,0,0,0,0,0,1,595,1,0,0,0,0,1,3,0,0,0,1,1,1,0,0,0,0,0,0,0,0,0,0,0,0,0,0,0,0,0,0,0,0,0,0,0,0,0,0,0,0,0,0,0,0,0,0,0,0,0
af1576a7-f929-4763-ac96-2a28577b8962,1,0,0,0,0,1,0,0,0,0,1,1,1,1,0,1,0,0,0,1,67,1,1914,1,0,1,0,0,0,1,0,0,0,0,2,2,1,0,0,1,1,0,0,0,2,0,0,0,0,0,0.0,1,0,1,1,0,1,1,1,1,0,0,0,0,0,1,1,1,0,1,1,1,0,0,0,0,1,0,0,0,0,0,0,0,0,0,1,2327,1,0,0,1,0,1,1,0,0,0,1,1,1,0,0,0,1,1,0,0,0,0,0,0,0,1,0,1,0,0,1,0,0,0,0,0,0,0,0,0,0,0,0,0,1,0,0,0,0,0
af4b0fb7-363f-4d5c-a428-3e0950c28bf6,1,1,0,0,0,0,0,0,0,0,1,1,1,1,1,1,0,0,1,1,133,1,839,1,0,1,0,0,0,1,0,0,0,0,7,3,1,0,0,1,1,0,0,0,3,1,1,1,0,1,15.68,1,1,1,1,0,1,1,1,1,0,0,0,0,0,0,1,1,0,1,0,1,0,0,0,0,1,0,0,0,0,0,0,0,0,0,1,962,1,1,217,1,0,0,0,1,0,0,1,1,1,1,1,0,1,1,0,0,0,0,0,0,0,1,0,1,0,0,1,0,0,0,0,0,0,0,0,0,0,0,0,0,1,0,0,0,0,0
afb7e8b9-b277-434f-8ea9-817e6b283053,1,1,0,0,0,0,0,0,0,0,1,1,1,1,0,0,0,0,0,1,95,1,157,1,0,1,0,0,0,1,0,0,0,0,6,3,1,0,0,1,1,0,0,0,2,0,0,0,0,0,0.0,1,1,0,0,0,1,1,1,1,0,0,0,0,0,0,1,1,0,0,0,0,0,0,0,0,1,0,0,0,0,0,0,0,0,0,1,302,1,0,0,0,0,0,0,0,0,0,1,1,1,0,1,1,0,0,0,0,0,0,0,0,0,0,0,1,0,0,1,0,0,0,0,0,0,0,0,0,0,0,0,0,1,0,0,0,0,0
afb8a528-b66a-4e47-a28e-1d77faceb0cc,1,1,0,0,0,0,0,0,0,0,1,1,1,1,0,0,0,0,0,1,133,1,2126,1,0,1,0,0,0,1,0,0,0,0,9,3,1,0,0,1,1,0,0,0,3,0,0,0,0,0,0.0,1,1,0,0,0,1,1,1,1,0,0,0,0,0,0,1,1,0,0,0,0,0,0,0,0,1,0,0,0,0,0,0,0,0,0,1,1282,1,0,0,0,0,1,2,0,0,0,1,1,1,0,1,1,0,0,0,0,0,0,0,0,0,0,0,0,0,0,0,0,0,0,0,0,0,0,0,0,0,0,0,0,0,0,0,0,0,0
affba8d5-91c2-421c-92cf-a3fdaee2eaf7,1,1,0,0,0,0,0,0,0,0,1,1,1,1,0,0,0,0,0,1,88,1,13923,1,0,1,0,0,0,1,0,0,0,0,5,2,1,0,0,1,1,0,0,0,2,0,0,0,0,0,0.0,1,1,0,0,0,1,1,1,1,0,0,0,0,0,0,14,3,0,0,0,0,1,0,0,0,1,0,0,0,0,0,0,0,0,0,1,14645,1,0,0,0,0,1,148,0,0,0,1,1,1,0,1,1,0,0,0,0,0,0,0,0,0,0,0,1,0,0,1,0,0,0,0,0,0,0,0,0,0,0,0,0,1,0,0,0,0,0
b08b246e-5901-44f9-a98a-4d6a7ecbd684,1,1,0,0,0,0,0,0,0,0,1,1,1,1,0,0,1,351,0,1,83,1,712,1,0,1,0,0,0,1,0,0,0,0,3,2,1,0,0,1,1,0,0,0,2,0,0,0,0,0,0.0,1,1,1,1,0,1,1,1,1,0,0,0,0,0,0,1,1,0,0,0,0,0,0,0,0,1,0,0,0,0,0,0,0,0,0,1,186,1,0,0,0,0,1,1,0,0,0,1,1,1,0,1,1,0,0,0,0,0,0,0,0,0,1,0,1,0,0,1,0,0,0,0,0,0,0,0,0,0,0,0,0,1,0,0,0,0,0
b0cfa238-442e-403e-a49c-5ef72538c3ed,1,0,0,0,0,1,0,0,0,0,1,1,1,1,0,1,0,0,0,1,42,1,929,1,0,1,0,0,0,1,0,0,0,0,16,3,1,0,0,1,1,0,0,0,3,1,5,1,0,0,0.0,1,0,1,1,0,1,1,1,1,0,0,0,0,0,0,5,2,0,1,0,1,0,0,0,0,1,0,0,0,0,0,0,0,0,0,1,6031,1,0,0,1,0,1,19,1,0,0,1,1,1,1,1,0,1,1,0,0,0,0,0,0,0,0,0,1,0,0,1,0,0,0,0,0,0,0,0,0,0,0,0,0,1,0,0,0,0,0
b10bd554-5507-41f0-8eea-73f75a964fdd,1,0,0,0,0,1,0,0,0,0,1,1,1,1,0,0,0,0,0,1,23,1,14,1,0,1,0,0,0,1,0,0,0,0,1,1,0,0,0,1,0,0,0,0,1,0,0,0,0,0,0.0,1,1,0,0,0,1,1,1,1,0,0,0,0,0,0,1,1,0,0,0,0,0,0,0,0,1,0,0,0,0,0,0,0,0,0,0,0,1,0,0,0,0,0,0,0,0,0,1,1,1,0,0,0,0,0,0,0,0,0,0,1,0,0,0,0,0,0,0,0,0,0,0,0,0,0,0,0,0,0,0,0,0,0,0,0,0,0
b115f64a-5b72-42fa-8e37-eabe5153381e,1,0,0,0,0,1,0,0,0,0,0,1,1,1,0,0,0,0,0,1,84,1,726,1,0,1,0,0,0,1,0,0,0,0,2,2,1,0,0,1,1,0,0,0,2,0,0,0,0,0,0.0,1,1,0,0,0,1,1,1,1,0,0,0,0,0,0,1,1,0,0,0,0,0,0,0,0,1,0,0,0,0,0,0,0,0,0,1,83,1,0,0,0,0,0,0,0,0,0,1,1,1,0,1,0,0,0,0,0,0,0,0,0,0,1,0,0,0,0,0,0,0,0,0,0,0,0,0,0,0,0,0,0,0,0,0,0,0,0
b11cd4c0-e837-4ef4-97cc-d15abbcd305a,1,1,0,0,0,0,0,0,0,0,1,1,1,1,0,0,0,0,0,1,133,1,549,1,0,1,0,0,0,1,0,0,0,0,5,2,1,0,0,1,1,0,0,1,3,0,0,0,0,0,0.0,1,1,0,0,0,1,1,1,1,0,0,0,0,0,0,2,2,0,0,0,0,0,0,0,0,1,0,0,0,0,0,0,0,0,0,1,361,1,0,0,0,0,0,0,0,0,0,1,1,1,0,1,1,0,0,0,0,0,0,0,0,0,0,0,1,0,0,1,0,0,0,0,0,0,0,0,0,0,0,0,0,1,0,0,0,0,0
b1e7dcfd-7918-4ca4-adbc-acca4d8bc829,1,1,0,0,0,0,0,0,0,0,1,1,1,1,0,0,0,0,0,1,86,1,1032,1,0,1,0,0,0,1,0,0,0,0,9,3,1,0,0,1,1,0,0,0,2,0,0,0,0,0,0.0,1,1,0,0,0,1,1,1,1,0,0,0,0,0,0,1,1,0,0,0,0,0,0,0,0,1,0,0,0,0,0,0,0,0,0,1,1037,1,0,0,0,0,0,0,0,0,0,1,1,1,0,1,1,0,0,0,0,0,0,0,0,0,0,0,1,0,0,1,0,0,0,0,0,0,0,0,0,0,0,0,0,1,0,0,0,0,0
b218a637-f470-43a0-be51-cb5740c56da8,1,0,0,0,0,1,0,0,0,0,1,1,1,1,0,1,0,0,0,1,18,1,398,1,0,1,0,0,0,1,0,0,0,0,6,3,1,0,0,1,1,0,0,0,3,1,1,1,0,1,0.0,1,1,1,1,0,1,1,1,1,0,0,0,0,0,0,1,1,0,1,0,1,0,0,0,0,1,0,0,0,0,0,0,0,0,0,1,775,1,1,33,1,0,1,2,0,0,0,1,1,1,1,1,0,1,1,0,0,0,0,0,0,0,1,0,1,0,0,1,0,0,0,0,0,0,0,0,0,0,0,0,0,1,0,0,0,0,0
b219849a-3220-402a-b1f4-1c6af3fd1f9b,1,0,0,0,0,1,0,0,0,0,1,1,1,1,0,1,0,0,0,1,12,1,838,1,0,1,0,0,0,1,0,0,0,0,14,3,1,0,0,1,1,0,0,0,2,1,25,1,0,0,3000.0,1,1,0,0,0,1,1,1,1,0,0,0,0,0,1,25,3,1,1,1,1,0,0,0,0,1,0,0,0,0,0,0,0,0,0,1,13388,1,1,243,1,0,1,3,0,0,0,1,1,1,1,1,0,1,1,1,1,0,0,0,0,0,1,0,1,0,0,1,0,0,0,0,0,0,0,0,0,0,0,0,0,1,1,0,0,0,0
b2730112-c2d7-4788-be82-9b9c0442edc2,1,0,0,0,0,1,0,0,0,0,1,1,1,1,0,0,0,0,0,1,141,1,456,1,0,1,0,0,0,1,0,0,0,0,4,2,1,0,0,1,1,0,0,0,2,0,0,0,0,0,0.0,1,1,0,0,0,1,1,1,1,0,0,0,0,0,0,1,1,0,0,0,0,0,0,0,0,1,0,0,0,0,0,0,0,0,0,1,465,1,0,0,0,0,1,1,0,0,0,1,1,1,0,0,0,0,0,0,0,0,0,0,0,0,0,0,0,0,0,0,0,0,0,0,0,0,0,0,0,0,0,0,0,0,0,0,0,0,0
b27302bc-f61b-459a-adb1-41b007878810,1,1,0,0,0,0,0,0,0,0,1,1,1,1,0,0,0,0,0,1,54,1,1826,1,0,1,0,0,0,1,0,0,0,0,4,2,1,0,0,1,1,0,0,0,2,0,0,0,0,0,0.0,1,1,0,0,0,1,1,1,1,0,0,0,0,0,1,1,1,0,0,0,0,0,0,0,0,1,0,0,0,0,0,0,0,0,0,1,151,1,0,0,0,0,0,0,0,0,0,1,1,1,0,1,0,0,0,0,0,0,0,0,0,0,0,0,1,0,0,1,0,0,0,0,0,0,0,0,0,0,0,0,0,1,0,0,0,0,0
b3663243-cb62-46e9-8e97-1b7e05c4e662,1,0,0,0,0,1,0,0,0,0,1,1,1,1,0,0,0,0,0,1,15,1,303,1,0,1,0,0,0,1,0,0,0,0,6,3,1,0,0,1,1,0,0,0,2,0,0,0,0,0,0.0,0,0,0,0,0,0,0,0,0,0,0,0,0,0,0,1,1,0,0,0,0,0,0,0,0,1,0,0,0,0,0,0,0,0,0,1,571,1,0,0,0,0,0,0,0,0,0,1,1,1,0,0,0,0,0,0,0,0,0,0,0,0,0,0,0,0,0,0,0,0,0,0,0,0,0,0,0,0,0,0,0,0,0,0,0,0,0
b39f63c3-56af-4db4-aafe-fc82498406d3,1,1,0,0,0,0,0,0,0,0,1,1,1,1,0,0,0,0,0,1,115,1,1983,1,0,1,0,0,0,1,0,0,0,0,3,2,1,0,0,1,1,0,0,0,2,0,0,0,0,0,0.0,1,1,0,0,0,1,1,1,1,0,0,0,0,0,0,2,2,0,0,0,0,0,0,0,0,1,0,0,0,0,0,0,0,0,0,1,1347,1,0,0,0,0,1,6,0,0,0,1,1,1,0,1,1,0,0,0,0,0,0,0,0,0,1,0,1,0,0,1,0,0,0,0,0,0,0,0,0,0,0,0,0,1,0,0,0,0,0
b4647460-f937-4e59-8a0a-a4fe83ed9918,1,1,0,0,0,0,0,0,0,0,0,1,1,1,0,0,0,0,0,1,126,1,1999,1,0,1,0,0,0,1,0,0,0,0,3,2,1,0,0,1,1,0,0,0,2,0,0,0,0,0,0.0,1,1,0,0,0,1,1,1,1,0,0,0,0,0,1,1,1,0,0,0,0,0,0,0,0,1,0,0,0,0,0,0,0,0,0,1,1710,1,0,0,0,0,1,2,0,0,0,1,1,1,0,1,0,0,0,0,0,0,0,0,0,0,0,0,1,0,0,1,0,0,0,0,0,0,0,0,0,0,0,0,0,1,0,0,0,0,0
b493a849-0900-4f3e-a04a-620cd052b90d,1,0,0,0,0,1,0,0,0,0,1,1,1,1,0,0,0,0,0,1,48,1,619,1,0,1,0,0,0,1,0,0,0,0,2,2,1,0,0,1,1,0,0,0,2,0,0,0,0,0,0.0,1,1,1,1,0,1,1,1,1,0,0,0,0,0,0,1,1,0,0,0,0,0,0,0,0,1,0,0,0,0,0,0,0,0,0,1,619,1,0,0,0,0,0,0,0,0,0,1,1,1,0,1,1,0,0,0,0,0,0,0,0,0,1,0,0,0,0,0,0,0,0,0,0,0,0,0,0,0,0,0,0,0,0,0,0,0,0
b4a22bd4-cc12-4f0a-8dda-2951e58b8d12,1,0,0,0,0,1,0,0,0,0,1,1,1,1,0,0,0,0,0,1,19,1,50,1,0,1,0,0,0,1,0,0,0,0,3,2,1,0,0,1,1,0,0,0,2,0,0,0,0,0,0.0,1,1,0,0,0,1,1,1,1,0,0,0,0,0,1,1,1,0,0,0,0,0,0,0,0,1,0,0,0,0,0,0,0,0,0,1,11,1,0,0,0,0,1,1,0,0,0,1,1,1,0,1,0,0,0,0,0,0,0,0,0,0,0,0,1,0,0,1,0,0,0,0,0,0,0,0,0,0,0,0,0,1,0,0,0,0,0
b4e73541-938f-4647-ab90-c53b4a0cb008,1,1,0,0,0,0,0,0,0,0,1,1,1,1,0,0,0,0,0,1,60,1,1690,1,0,1,0,0,0,1,0,0,0,0,10,3,1,0,0,1,1,0,0,1,3,0,0,0,0,0,0.0,1,1,0,0,0,1,1,1,1,0,0,0,0,0,0,1,1,0,0,0,0,0,0,0,0,1,0,0,0,0,0,0,0,0,0,1,690,1,0,0,0,0,1,1,0,0,0,1,1,1,0,1,1,0,0,0,0,0,0,0,0,0,0,0,1,0,0,1,0,0,0,0,0,0,0,0,0,0,0,0,0,0,1,0,0,0,0
b523eebe-0913-406a-b8c2-d05278e6a94e,1,0,0,0,0,1,0,0,0,0,1,1,1,1,0,0,0,0,0,1,45,1,1283,1,0,1,0,0,0,1,0,0,0,0,3,2,1,0,0,1,1,0,0,0,2,0,0,0,0,0,0.0,1,1,0,0,0,1,1,1,1,0,0,0,0,0,0,2,2,0,0,0,0,0,0,0,0,1,0,0,0,0,0,0,0,0,0,1,1043,1,0,0,0,0,0,0,0,0,0,1,1,1,0,0,0,0,0,0,0,0,0,0,0,0,0,0,0,0,0,0,0,0,0,0,0,0,0,0,0,0,0,0,0,0,0,0,0,0,0
b620ffa8-d99a-4a41-a042-cdf4af42a6ef,1,1,0,0,0,0,0,0,0,0,1,1,1,1,0,1,0,0,0,1,28,1,1147,1,0,1,0,0,0,1,0,0,0,0,9,3,1,0,0,1,1,0,0,0,3,1,8,1,0,0,0.0,1,0,1,1,0,1,1,1,1,0,0,0,0,0,1,8,3,0,1,0,1,0,0,0,0,1,0,0,0,0,0,0,0,0,0,1,7279,1,1,194,1,0,0,0,0,0,0,1,1,1,1,1,0,1,1,1,0,0,0,0,0,0,1,0,1,0,0,1,0,0,0,0,0,0,0,0,0,0,0,0,0,1,0,0,0,0,0
b75ce2f2-2886-4013-bb02-980d6436b531,1,0,0,0,0,1,0,0,0,0,0,1,1,1,0,0,0,0,0,1,29,1,339,1,0,1,0,0,0,1,0,0,0,0,6,3,1,0,0,1,1,0,0,0,2,0,0,0,0,0,0.0,1,0,1,1,0,1,1,1,1,0,0,0,0,0,1,1,1,0,0,0,0,0,0,0,0,1,0,0,0,0,0,0,0,0,0,1,5,1,0,0,0,0,0,0,0,0,0,1,0,1,0,1,0,0,0,0,0,0,0,0,0,0,0,0,1,0,0,1,0,0,0,0,0,0,0,0,0,0,0,0,0,1,0,0,0,0,0
b77a3e8b-9aca-4e8e-a77a-e40b92bb057f,1,0,0,0,0,1,0,0,0,0,1,1,1,1,0,0,1,18,0,1,38,1,21,1,0,1,0,0,0,1,0,0,0,0,3,2,1,1,0,1,1,0,0,0,3,1,1,0,0,1,0.0,1,1,0,0,0,1,1,1,1,0,0,0,0,0,1,1,1,0,0,0,0,0,0,0,0,1,0,0,0,0,0,0,0,0,0,1,254,1,1,53,1,0,1,1,0,0,0,1,1,1,0,1,0,0,0,0,0,0,0,0,0,0,0,0,1,0,0,0,0,0,0,0,0,0,0,0,0,0,0,0,0,0,0,0,0,0,0
b83cd567-d237-4baf-a775-4cdfce8bacb7,1,0,0,0,0,1,0,0,0,0,1,1,1,1,0,0,0,0,0,1,125,1,511,1,0,1,0,0,0,1,0,0,0,0,3,2,1,0,0,1,1,0,0,0,2,0,0,0,0,0,0.0,1,1,0,0,0,1,1,1,1,0,0,0,0,0,0,3,2,0,0,0,0,0,0,0,0,1,0,0,0,0,0,0,0,0,0,1,907,1,0,0,0,0,1,3,0,0,0,1,1,1,1,1,1,0,0,0,0,0,0,0,0,0,1,0,1,0,0,1,0,0,0,0,0,0,0,0,0,0,0,0,0,1,0,0,0,0,0
ba22b045-0ffe-48f8-972a-d28523ef808c,1,0,0,0,0,1,0,0,0,0,1,1,1,1,0,0,0,0,0,1,124,1,1581,1,0,1,0,0,0,1,0,0,0,0,3,2,1,0,0,1,1,0,0,0,2,0,0,0,0,0,0.0,1,1,1,1,0,1,1,1,1,0,0,0,0,0,1,1,1,0,0,0,0,0,0,0,0,1,0,0,0,0,0,0,0,0,0,0,0,1,0,0,0,0,0,0,0,0,0,1,1,1,0,0,0,0,0,0,0,0,0,0,0,0,0,0,0,0,0,0,0,0,0,0,0,0,0,0,0,0,0,0,0,0,0,0,0,0,0
ba32942a-ca10-452c-988a-3429cefde93a,1,1,0,0,0,0,0,0,0,0,1,1,1,1,0,0,0,0,0,1,23,1,258,1,0,1,0,0,0,1,0,0,0,0,8,3,1,0,0,1,1,0,0,0,2,0,0,0,0,0,0.0,0,0,0,0,0,0,0,0,0,0,0,0,0,0,0,1,1,0,0,0,0,0,0,0,0,1,0,0,0,0,0,0,0,0,0,1,960,1,0,0,0,0,0,0,0,0,0,1,1,1,0,1,0,0,0,0,0,0,0,0,0,0,1,0,0,0,0,0,0,0,0,0,0,0,0,0,0,0,0,0,0,0,0,0,0,0,0
ba44d55c-78d6-4e4d-b89c-4be616d149df,1,0,0,0,0,1,0,0,0,0,1,1,1,1,0,0,0,0,0,1,9,1,265,1,0,1,0,0,0,1,0,0,0,0,15,3,1,0,0,1,1,0,0,0,3,0,0,0,0,0,0.0,1,0,1,1,0,1,1,1,1,0,0,0,0,0,0,4,2,0,0,0,0,0,0,0,0,1,0,0,0,0,0,0,0,0,0,1,2530,1,0,0,0,0,0,0,0,0,0,1,1,1,1,0,0,0,0,0,0,0,0,0,0,0,0,0,0,0,0,0,0,0,0,0,0,0,0,0,0,0,0,0,0,0,0,0,0,0,0
bb3ffefd-953b-4dac-b98d-34d98eef5505,1,0,0,0,0,1,0,0,0,0,1,1,1,1,0,0,0,0,0,1,75,1,353,1,0,1,0,0,0,1,0,0,0,0,2,2,1,0,0,1,1,0,0,0,2,0,0,0,0,0,0.0,1,1,0,0,0,1,1,1,1,0,0,0,0,0,1,1,1,0,0,0,0,0,0,0,0,1,0,0,0,0,0,0,0,0,0,1,257,1,0,0,0,0,1,2,0,0,0,1,1,1,0,1,1,0,0,0,0,0,0,0,0,0,0,0,0,0,0,0,0,0,0,0,0,0,0,0,0,0,0,0,0,0,0,0,0,0,0
bb4ba903-65d3-4426-bae1-ed415ee967d5,1,1,0,0,0,0,0,0,0,0,1,1,1,1,0,0,0,0,0,1,164,1,733,1,0,1,0,0,0,1,0,0,0,0,2,2,1,0,0,1,1,0,0,0,2,0,0,0,0,0,0.0,1,0,0,0,0,1,1,1,1,0,0,0,0,0,0,1,1,0,0,0,0,0,0,0,0,1,0,0,0,0,0,0,0,0,0,0,0,1,0,0,0,0,0,0,0,0,0,1,1,1,0,1,1,0,0,0,0,0,0,0,0,0,0,0,1,0,0,1,0,0,0,0,0,0,0,0,0,0,0,0,0,1,0,0,0,0,0
bb65f68d-18cf-4094-879a-a869bd02cf9e,1,1,0,0,0,0,0,0,0,0,1,1,1,1,0,0,0,0,0,1,180,1,865,1,0,1,0,0,0,1,0,0,0,0,7,3,1,0,0,1,1,0,0,0,2,0,0,0,0,0,0.0,1,1,0,0,0,1,1,1,1,0,0,0,0,0,0,1,1,0,0,0,0,0,0,0,0,1,0,0,0,0,0,0,0,0,0,1,420,1,0,0,0,0,0,0,0,0,0,1,1,1,0,1,0,0,0,0,0,0,0,0,0,0,0,0,0,0,0,0,0,0,0,0,0,0,0,0,0,0,0,0,0,0,0,0,0,0,0
bb6a615c-15ea-4c70-99c5-37ea7f550dd0,1,0,0,0,0,1,0,0,0,0,1,1,1,1,1,1,0,0,0,1,87,1,246,1,0,1,0,0,0,1,0,0,0,0,25,3,1,0,0,1,1,0,0,0,2,1,1,1,0,1,0.0,1,1,1,1,0,1,1,1,1,0,0,0,0,0,0,1,1,0,1,1,1,0,0,0,0,1,0,0,0,0,0,0,0,0,0,1,1019,1,1,265,1,0,1,14,1,0,0,1,1,1,1,1,0,1,0,0,1,0,0,0,0,0,1,0,1,0,0,1,0,0,0,0,0,0,0,0,0,0,0,0,0,1,0,0,0,0,0
bb881833-f9b5-4b74-a554-7d7ce5d2d5c0,1,0,0,0,0,1,0,0,0,0,1,1,1,1,0,0,0,0,0,1,101,1,331,1,0,1,0,0,0,1,0,0,0,0,2,2,1,0,0,1,1,0,0,0,2,0,0,0,0,0,0.0,1,1,0,0,0,1,1,1,1,0,0,0,0,0,0,1,1,0,0,0,0,0,0,0,0,1,0,0,0,0,0,0,0,0,0,1,512,1,0,0,0,0,0,0,0,0,0,1,1,1,0,1,1,0,0,0,0,0,0,0,0,0,0,0,1,0,0,1,0,0,0,0,0,0,0,0,0,0,0,0,0,1,0,0,0,0,0
bc19d933-de30-4a18-ae1e-7c7508430f9f,1,0,0,0,0,1,0,0,0,0,1,1,1,1,0,1,0,0,0,1,23,1,398,1,0,1,0,0,0,1,0,0,0,0,8,3,1,0,0,1,1,0,0,0,4,1,3,1,0,1,0.0,1,1,1,1,0,1,1,1,1,0,0,0,0,0,0,3,2,0,1,0,1,0,0,0,0,1,0,0,0,0,0,0,0,0,0,1,3294,1,1,33,1,0,1,2,0,0,0,1,1,1,1,1,1,1,1,0,0,0,0,0,0,0,1,0,1,0,0,1,0,0,0,0,0,0,0,0,0,0,0,0,0,1,0,0,0,0,0
bc509487-b471-4a73-b0d6-2c4b6b9db297,1,1,0,0,0,0,0,0,0,0,1,1,1,1,0,1,0,0,0,1,19,1,579,1,0,1,0,0,0,1,0,0,0,0,5,2,1,0,0,1,1,0,0,0,2,1,1,1,0,1,0.0,1,1,1,1,0,1,1,1,1,0,0,0,0,0,0,1,1,0,1,0,1,0,0,0,0,1,0,0,0,0,0,0,0,0,0,1,519,1,0,0,1,0,1,5,0,0,0,1,1,1,1,1,0,1,1,0,0,0,0,0,0,0,1,0,1,0,0,1,0,0,0,0,0,0,0,0,0,0,0,0,0,1,0,0,0,0,0
bcdeada7-d384-4a5e-8075-f554e826bf5a,1,1,0,0,0,0,0,0,0,0,0,1,1,1,0,0,1,72,0,1,116,1,873,1,0,1,0,0,0,1,0,0,0,0,5,2,1,0,0,1,1,0,0,1,3,0,0,0,0,0,0.0,1,1,0,0,0,1,1,1,1,0,0,0,0,0,0,1,1,0,0,0,0,0,0,0,0,1,0,0,0,0,0,0,0,0,0,1,280,1,0,0,0,0,1,1,0,0,0,1,1,1,0,1,1,0,0,0,0,0,0,0,0,0,1,0,1,0,0,1,0,0,0,0,0,0,0,0,0,0,0,0,0,1,0,0,0,0,0
bdcdeb4e-6c0c-43ef-a2b1-1f7ea377aa5b,1,1,0,0,0,0,0,0,0,0,1,1,1,1,0,0,0,0,0,1,43,1,619,1,0,1,0,0,0,1,0,0,0,0,3,2,1,0,0,1,1,0,0,0,2,0,0,0,0,0,0.0,1,1,0,0,0,1,1,1,1,0,0,0,0,0,0,1,1,0,0,0,0,0,0,0,0,1,0,0,0,0,0,0,0,0,0,1,163,1,0,0,0,0,0,0,0,0,0,1,1,1,0,1,1,0,0,0,0,0,0,0,0,0,0,0,1,0,0,1,0,0,0,0,0,0,0,0,0,0,0,0,0,1,0,0,0,0,0
bdce33c7-af94-4d1e-86e8-9b4758e46609,1,0,0,0,0,1,0,0,0,0,1,1,1,1,0,0,0,0,0,1,18,1,1462,1,0,1,0,0,0,1,0,0,0,0,6,3,1,0,0,1,1,0,0,0,2,0,0,0,0,0,0.0,1,1,0,0,0,1,1,1,1,0,0,0,0,0,0,4,2,0,0,0,0,0,0,0,0,1,0,0,0,0,0,0,0,0,0,1,1996,1,0,0,0,0,0,0,0,0,0,1,1,1,0,0,0,0,0,0,0,0,0,0,0,0,0,0,0,0,0,0,0,0,0,0,0,0,0,0,0,0,0,0,0,0,0,0,0,0,0
be5fe339-44d1-42af-b9bc-496ae102b163,1,1,0,0,0,0,0,0,0,0,1,1,1,1,0,0,0,0,0,1,78,1,1674,1,0,1,0,0,0,1,0,0,0,0,13,3,1,0,0,1,1,0,0,0,3,0,0,0,0,0,0.0,1,0,1,1,0,1,1,1,1,0,0,0,0,0,0,5,2,0,0,0,0,0,0,0,0,1,0,0,0,0,0,0,0,0,0,1,8615,1,0,0,0,0,1,1,0,0,0,1,1,1,0,0,0,0,0,0,0,0,0,0,0,0,0,0,0,0,0,0,0,0,0,0,0,0,0,0,0,0,0,0,0,0,0,0,0,0,0
be972a6a-847d-4cd6-849c-35707bf7a6bd,1,1,0,0,0,0,0,0,0,0,1,1,1,1,0,0,0,0,0,1,90,1,526,1,0,1,0,0,0,1,0,0,0,0,3,2,1,0,0,1,1,0,0,0,2,0,0,0,0,0,0.0,1,1,0,0,0,1,1,1,1,0,0,0,0,0,0,3,2,0,0,0,0,0,0,0,0,1,0,0,0,0,0,0,0,0,0,1,561,1,0,0,0,0,0,0,0,0,0,1,1,1,0,1,1,0,0,0,0,0,0,0,0,0,0,0,0,0,0,0,0,0,0,0,0,0,0,0,0,0,0,0,0,0,0,0,0,0,0
bebfc7bc-d7e3-4964-b6f1-8724a5477a5e,1,1,0,0,0,0,0,0,0,0,1,1,1,1,0,0,0,0,0,1,57,1,3139,1,0,1,0,0,0,1,0,0,0,0,2,2,0,0,0,1,0,0,0,0,1,1,1,1,0,0,0.0,1,1,0,0,0,1,1,1,1,0,0,0,0,0,1,1,1,0,0,0,1,0,0,0,0,1,0,0,0,0,0,0,0,0,0,1,595,1,0,0,0,0,1,6,0,0,0,1,1,1,0,1,0,1,1,0,0,0,0,0,0,0,0,0,1,0,0,1,0,0,0,0,0,0,0,0,0,0,0,0,0,1,0,0,0,0,0
bed8548d-cf76-4059-9dc0-1d203a92b9a6,1,1,0,0,0,0,0,0,0,0,1,1,1,1,0,0,0,0,0,1,92,1,1612,1,0,1,0,0,0,1,0,0,0,0,7,3,1,0,0,1,1,0,0,0,3,0,0,0,0,0,0.0,1,1,0,0,0,1,1,1,1,0,0,0,0,0,0,1,1,0,0,0,0,0,0,0,0,1,0,0,0,0,0,0,0,0,0,1,504,1,0,0,0,0,1,5,0,0,0,1,1,1,0,1,1,0,0,0,0,0,0,0,0,0,0,0,1,0,0,1,0,0,0,0,0,0,0,0,0,0,0,0,0,1,0,0,0,0,0
c027ee7b-2bcf-42de-9d9d-3d403c02756d,1,0,0,0,0,1,0,0,0,0,1,1,1,1,0,0,0,0,0,1,48,1,67,1,0,1,0,0,0,1,0,0,0,0,4,2,1,0,0,1,1,0,0,0,2,0,0,0,0,0,0.0,1,1,0,0,0,1,1,1,1,0,0,0,0,0,1,1,1,0,0,0,0,0,0,0,0,1,0,0,0,0,0,0,0,0,0,1,260,1,0,0,0,0,1,2,0,0,0,1,1,1,0,1,0,0,0,0,0,0,0,0,0,0,0,0,1,0,0,1,0,0,0,0,0,0,0,0,0,0,0,0,0,0,1,0,0,0,0
c03592c5-a736-45a8-9196-cd7d3d557305,1,1,0,0,0,0,0,0,0,0,1,1,1,1,0,0,0,0,0,1,69,1,3954,1,0,1,0,0,0,1,0,0,0,0,7,3,1,0,0,1,1,0,0,0,2,0,0,0,0,0,0.0,1,1,0,0,0,1,1,1,1,0,0,0,0,0,0,1,1,0,0,0,0,0,0,0,0,1,0,0,0,0,0,0,0,0,0,1,1487,1,0,0,0,0,0,0,0,0,0,1,1,1,1,1,1,0,0,0,0,0,0,0,0,0,0,0,1,0,0,1,0,0,0,0,0,0,0,0,0,0,0,0,0,1,0,0,0,0,0
c171638d-5142-4612-9316-21986b5a9b3c,1,0,0,0,0,1,0,0,0,0,1,1,1,1,0,0,0,0,0,1,20,1,108,1,0,1,0,0,0,1,0,0,0,0,5,2,1,0,0,1,1,0,0,0,2,1,2,0,0,1,0.0,1,1,0,0,0,1,1,1,1,0,0,0,0,0,1,2,2,0,0,0,0,0,0,0,0,1,0,0,0,0,0,0,0,0,0,1,557,1,1,136,1,0,0,0,1,1,0,1,1,1,1,1,0,0,0,0,0,0,0,0,0,0,1,0,1,0,0,0,0,0,1,0,0,0,0,0,0,0,0,0,0,0,0,0,0,0,0
c1c68d39-6425-4b4f-8519-e40b6d82b93d,1,0,0,0,0,1,0,0,0,0,1,1,1,1,0,0,0,0,0,1,156,1,397,1,0,1,0,0,0,1,0,0,0,0,2,2,1,0,0,1,1,0,0,0,2,0,0,0,0,0,0.0,1,1,0,0,0,1,1,1,1,0,0,0,0,0,0,2,2,0,0,0,0,0,0,0,0,1,0,0,0,0,0,0,0,0,0,1,309,1,0,0,0,0,0,0,0,0,0,1,1,1,1,1,1,0,0,0,0,0,0,0,0,0,0,0,1,0,0,1,0,0,0,0,0,0,0,0,0,0,0,0,0,1,0,0,0,0,0
c1c96771-30c1-4181-a595-f1f227042bb4,1,0,0,0,0,1,0,0,0,0,1,1,1,1,0,1,0,0,0,1,46,1,523,1,0,1,0,0,0,1,0,0,0,0,5,2,1,0,0,1,1,0,0,0,2,1,2,1,0,0,2000.0,1,0,1,1,0,1,1,1,1,0,0,0,0,0,0,2,2,0,1,0,1,0,0,0,0,1,0,0,0,0,0,0,0,0,0,1,1689,1,1,546,1,0,0,0,1,0,0,1,1,1,1,1,0,1,1,0,0,0,0,0,0,0,1,0,1,0,0,1,0,0,0,0,0,0,0,0,0,0,0,0,0,1,0,0,0,0,0
c1ca82ad-dad7-4996-a4e9-caeea76b2f0b,1,1,0,0,0,0,0,0,0,0,1,1,1,1,0,0,0,0,0,1,38,1,375,1,0,1,0,0,0,1,0,0,0,0,6,3,1,0,0,1,1,0,0,0,2,1,1,0,0,1,0.0,0,0,0,0,0,0,0,0,0,0,0,0,0,0,0,1,1,0,0,0,0,0,0,0,0,1,0,0,0,0,0,0,0,0,0,1,3378,1,0,0,0,0,0,0,1,0,0,1,1,1,0,1,0,0,0,0,0,0,0,0,0,0,1,0,0,0,0,0,0,0,0,0,0,0,0,0,0,0,0,0,0,0,0,0,0,0,0
c1f0f620-e401-4696-b4f6-55a0d201a14e,1,0,0,0,0,1,0,0,0,0,0,1,1,1,0,0,0,0,0,1,145,1,1155,1,0,1,0,0,0,1,0,0,0,0,8,3,1,0,0,1,1,0,0,0,3,0,0,0,0,0,0.0,1,1,0,0,0,1,1,1,1,0,0,0,0,0,0,1,1,0,0,0,0,0,0,0,0,1,0,0,0,0,0,0,0,0,0,1,628,1,0,0,0,0,0,0,0,0,0,1,1,1,0,1,1,0,0,0,0,0,0,0,0,0,0,0,0,0,0,0,0,0,0,0,0,0,0,0,0,0,0,0,0,0,0,0,0,0,0
c4276767-657c-4b56-ab64-20c68b84072a,1,1,0,0,0,0,0,0,0,0,1,1,1,1,0,1,0,0,0,1,20,1,408,1,0,1,0,0,0,1,0,0,0,0,8,3,1,0,0,1,1,0,0,0,3,1,5,1,0,0,0.0,1,0,1,1,0,1,1,1,1,0,0,0,0,0,0,5,2,0,1,0,1,0,0,0,0,1,0,0,0,0,0,0,0,0,0,1,3427,1,0,0,1,0,1,16,0,0,0,1,1,1,1,1,0,1,1,0,0,0,0,0,0,0,1,0,1,0,0,1,0,0,0,0,0,0,0,0,0,0,0,0,0,1,0,0,0,0,0
c48b4920-7fcd-4ee0-ace7-4ad50bcd2f72,1,0,0,0,0,1,0,0,0,0,1,1,1,1,0,0,0,0,0,1,97,1,525,1,0,1,0,0,0,1,0,0,0,0,4,2,1,0,0,1,1,0,0,0,3,0,0,0,0,0,0.0,1,1,0,0,0,1,1,1,1,0,0,0,0,0,0,1,1,0,0,0,0,0,0,0,0,1,0,0,0,0,0,0,0,0,0,1,125,1,0,0,0,0,1,1,0,0,0,1,1,1,0,1,1,0,0,0,0,0,0,0,0,0,0,0,0,0,0,0,0,0,0,0,0,0,0,0,0,0,0,0,0,0,0,0,0,0,0
c49291ee-ee2c-4b92-823e-be146dcf2410,1,0,0,0,0,1,0,0,0,0,1,1,1,1,0,0,0,0,0,1,49,1,2800,1,0,1,0,0,0,1,0,0,0,0,2,2,1,0,0,1,1,0,0,0,2,0,0,0,0,0,0.0,1,1,1,1,0,1,1,1,1,0,0,0,0,0,1,4,2,0,0,0,0,0,0,0,0,1,0,0,0,0,0,0,0,0,0,1,7844,1,0,0,0,0,1,2,0,0,0,1,1,1,0,0,0,0,0,0,0,0,0,0,0,0,0,0,0,0,0,0,0,0,0,0,0,0,0,0,0,0,0,0,0,0,0,0,0,0,0
c556435c-d68d-4db8-901d-1f257d396f0e,1,0,0,0,0,1,0,0,0,0,1,1,1,1,0,0,0,0,0,1,57,1,2380,1,0,1,0,0,0,1,0,0,0,0,5,2,1,0,0,1,1,0,0,0,2,1,1,1,0,0,0.0,1,0,1,1,0,1,1,1,1,0,0,0,0,0,0,1,1,0,0,0,1,0,0,0,0,1,0,0,0,0,0,0,0,0,0,1,683,1,0,0,0,0,0,0,0,0,0,1,1,1,0,0,0,1,0,0,1,0,0,0,0,0,0,0,1,0,0,1,0,0,0,0,0,0,0,0,0,0,0,0,0,0,0,1,0,0,0
c57a7589-4eb7-47a6-892e-e42ee1ea5d98,1,1,0,0,0,0,0,0,0,0,1,1,1,1,0,0,0,0,0,1,148,1,1293,1,0,1,0,0,0,1,0,0,0,0,2,2,1,0,0,1,1,0,0,0,2,0,0,0,0,0,0.0,1,1,0,0,0,1,1,1,1,0,0,0,0,0,0,2,2,0,0,0,0,0,0,0,0,1,0,0,0,0,0,0,0,0,0,1,637,1,0,0,0,0,1,4,0,0,0,1,1,1,0,1,1,0,0,0,0,0,0,0,0,0,1,0,1,0,0,1,0,0,0,0,0,0,0,0,0,0,0,0,0,1,0,0,0,0,0
c5872cb4-c654-42d6-a5d5-6de7539e7881,1,1,0,0,0,0,0,0,0,0,0,1,1,1,0,0,1,43,0,1,16,1,1123,1,0,1,0,0,0,1,0,0,0,0,5,2,1,0,0,1,1,0,0,0,2,0,0,0,0,0,0.0,1,1,0,0,0,1,1,1,1,0,0,0,0,0,0,4,2,0,0,0,0,0,0,0,0,1,0,0,0,0,0,0,0,0,0,1,989,1,0,0,0,0,1,17,0,0,0,1,1,1,0,1,1,0,0,0,0,0,0,0,0,0,0,0,1,0,0,1,0,0,0,0,0,0,0,0,0,0,0,0,0,1,0,0,0,0,0
c5f81dca-6443-47ff-8698-1f9eaffd91d3,1,1,0,0,0,0,0,0,0,0,1,1,1,1,0,0,0,0,0,1,137,1,1052,1,0,1,0,0,0,1,0,0,0,0,4,2,1,0,0,1,1,0,0,0,2,0,0,0,0,0,0.0,1,1,0,0,0,1,1,1,1,0,0,0,0,0,1,1,1,0,0,0,0,0,0,0,0,1,0,0,0,0,0,0,0,0,0,1,1175,1,0,0,0,0,1,1,0,0,0,1,1,1,0,1,1,0,0,0,0,0,0,0,0,0,0,0,0,0,0,0,0,0,0,0,0,0,0,0,0,0,0,0,0,0,0,0,0,0,0
c6afac3f-f0a3-44c1-86e9-ee6c6e0611b2,1,0,0,0,0,1,0,0,0,0,0,1,1,1,0,0,0,0,0,1,54,1,561,1,0,1,0,0,0,1,0,0,0,0,5,2,1,0,0,1,1,0,0,1,3,0,0,0,0,0,0.0,1,1,0,0,0,1,1,1,1,0,0,0,0,0,1,1,1,0,0,0,0,0,0,0,0,1,0,0,0,0,0,0,0,0,0,1,409,1,0,0,0,0,0,0,0,0,0,1,0,1,0,1,0,0,0,0,0,0,0,0,0,0,0,0,1,0,0,1,0,0,0,0,0,0,0,0,0,0,0,0,0,1,0,0,0,0,0
c6d15444-2177-46c1-ae2a-8077c6cec2d9,1,0,0,0,0,1,0,0,0,0,1,1,1,1,0,0,0,0,0,1,147,1,2369,1,0,1,0,0,0,1,0,0,0,0,3,2,1,0,0,1,1,0,0,0,2,0,0,0,0,0,0.0,1,1,0,0,0,1,1,1,1,0,0,0,0,0,1,3,2,0,0,0,0,0,0,0,0,1,0,0,0,0,0,0,0,0,0,1,949,1,0,0,0,0,1,3,0,0,0,1,1,1,0,1,1,0,0,0,0,0,0,0,0,0,1,0,1,0,0,1,0,0,0,0,0,0,0,0,0,0,0,0,0,1,0,0,0,0,0
c7486aee-b5b3-4636-beed-a27ed760977d,1,0,0,0,0,1,0,0,0,0,1,1,1,1,0,0,0,0,0,1,105,1,502,1,0,1,0,0,0,1,0,0,0,0,6,3,1,0,0,1,1,0,0,0,2,0,0,0,0,0,0.0,1,1,1,1,0,1,1,1,1,0,0,0,0,0,1,1,1,0,0,0,0,0,0,0,0,1,0,0,0,0,0,0,0,0,0,1,63,1,0,0,0,0,1,5,0,0,0,1,1,1,0,1,0,0,0,0,0,0,0,0,0,0,0,0,1,0,0,1,0,0,0,0,0,0,0,0,0,0,0,0,0,1,0,0,0,0,0
c7571fbe-5bd0-42c9-8ceb-46fab56dee5e,1,0,0,0,0,1,0,0,0,0,0,1,1,1,0,0,0,0,0,1,106,1,267,1,0,1,0,0,0,1,0,0,0,0,2,2,1,0,0,1,1,0,0,0,2,0,0,0,0,0,0.0,1,1,0,0,0,1,1,1,1,0,0,0,0,0,1,1,1,0,0,0,0,0,0,0,0,1,0,0,0,0,0,0,0,0,0,1,109,1,0,0,0,0,1,1,0,0,0,1,1,1,0,0,0,0,0,0,0,0,0,0,0,0,0,0,0,0,0,0,0,0,0,0,0,0,0,0,0,0,0,0,0,0,0,0,0,0,0
c771ebb7-4ae8-4c1d-bbfc-fed320656f0e,1,1,0,0,0,0,0,0,0,0,1,1,1,1,0,0,0,0,0,1,105,1,978,1,0,1,0,0,0,1,0,0,0,0,2,2,1,0,0,1,1,0,0,0,2,0,0,0,0,0,0.0,1,1,0,0,0,1,1,1,1,0,0,0,0,0,1,1,1,0,0,0,0,0,0,0,0,1,0,0,0,0,0,0,0,0,0,1,986,1,0,0,0,0,1,4,0,0,0,1,1,1,0,1,1,0,0,0,0,0,0,0,0,0,0,0,1,0,0,1,0,0,0,0,0,0,0,0,0,0,0,0,0,1,0,0,0,0,0
c79d50b1-16a9-47e6-8115-8a3ed4e8e23f,1,0,0,0,0,1,0,0,0,0,1,1,1,1,0,0,1,943,0,1,106,1,1131,1,0,1,0,0,0,1,0,0,0,0,13,3,0,0,0,1,1,0,0,0,2,0,0,0,0,0,0.0,1,1,0,0,0,1,1,1,1,0,0,0,0,0,0,1,1,0,0,0,0,1,0,0,0,0,0,0,0,0,0,0,0,0,0,1,1390,1,0,0,0,0,1,14,0,0,0,1,1,1,0,1,1,0,0,0,0,0,0,0,0,0,1,0,1,0,0,1,0,0,0,0,0,0,0,0,0,0,0,0,0,1,0,0,0,0,0
c825f3d6-fc93-4dd9-8f63-a0565f90502f,1,0,0,0,0,1,0,0,0,0,1,1,1,1,0,1,0,0,0,1,52,1,77,1,0,1,0,0,0,1,0,0,0,0,6,3,1,0,0,1,1,0,0,0,2,1,6,1,0,1,0.0,1,1,1,1,0,1,1,1,1,0,0,0,0,0,0,6,3,0,1,0,1,0,0,0,0,1,0,0,0,0,0,0,0,0,0,1,1819,1,1,230,1,0,0,0,1,0,0,1,1,1,1,1,0,1,1,0,0,0,0,0,0,0,1,0,1,0,0,1,0,0,0,0,0,0,0,0,0,0,0,0,0,1,0,0,0,0,0
c83710ed-76e3-4721-8184-fb91ae885bd4,1,1,0,0,0,0,0,0,0,0,1,1,1,1,0,0,0,0,0,1,155,1,1289,1,0,1,0,0,0,1,0,0,0,0,2,2,1,0,0,1,1,0,0,0,2,0,0,0,0,0,0.0,1,1,0,0,0,1,1,1,1,0,0,0,0,0,0,2,2,0,0,0,0,0,0,0,0,1,0,0,0,0,0,0,0,0,0,1,754,1,0,0,0,0,0,0,0,0,0,1,1,1,0,1,1,0,0,0,0,0,0,0,0,0,0,0,1,0,0,1,0,0,0,0,0,0,0,0,0,0,0,0,0,1,0,0,0,0,0
c8557f9d-4fac-4580-bbbe-95ed324aa55e,1,1,0,0,0,0,0,0,0,0,1,1,1,1,0,0,0,0,0,1,94,1,152,1,0,1,0,0,0,1,0,0,0,0,3,2,1,0,0,1,1,0,0,0,2,0,0,0,0,0,0.0,1,1,0,0,0,1,1,1,1,0,0,0,0,0,0,1,1,0,0,0,0,0,0,0,0,1,0,0,0,0,0,0,0,0,0,1,243,1,0,0,0,0,1,3,0,0,0,1,1,1,0,1,1,0,0,0,0,0,0,0,0,0,1,0,1,0,0,1,0,0,0,0,0,0,0,0,0,0,0,0,0,1,0,0,0,0,0
c88e1b46-7626-4714-9e58-c62f5ce0cfdb,1,0,0,0,0,1,0,0,0,0,1,1,1,1,0,0,0,0,0,1,56,1,527,1,0,1,0,0,0,1,0,0,0,0,2,2,1,0,0,1,1,0,0,0,2,0,0,0,0,0,0.0,1,1,0,0,0,1,1,1,1,0,0,0,0,0,1,1,1,0,0,0,0,0,0,0,0,1,0,0,0,0,0,0,0,0,0,1,376,1,0,0,0,0,1,2,0,0,0,1,1,1,0,1,0,0,0,0,0,0,0,0,0,0,0,0,1,0,0,1,0,0,0,0,0,0,0,0,0,0,0,0,0,0,0,1,0,0,0
c8c08ab7-381f-45dc-9e69-e00086526717,1,0,0,0,0,1,0,0,0,0,1,1,1,1,0,1,0,0,0,1,108,1,292,1,0,1,0,0,0,1,0,0,0,0,2,2,0,0,0,1,1,0,0,0,2,1,1,1,0,0,0.0,1,1,0,0,0,1,1,1,1,0,0,0,0,0,0,1,1,0,1,0,1,0,0,0,0,1,0,0,0,0,0,0,0,0,0,1,266,1,0,0,1,0,0,0,1,0,0,1,1,1,0,1,0,1,1,0,0,0,0,0,0,0,1,0,1,1,0,1,0,0,0,0,0,0,1,0,0,0,0,0,0,1,0,0,0,0,0
c95e1e28-b720-4f94-8887-03ee626692b1,1,0,0,0,0,1,0,0,0,0,1,1,1,1,0,1,0,0,0,1,32,1,4238,1,0,1,0,0,0,1,0,0,0,0,2,2,1,0,0,1,1,0,0,0,2,1,1,0,0,1,0.0,1,1,1,1,0,1,1,1,1,0,0,0,0,0,0,1,1,0,1,0,1,0,0,0,0,1,0,0,0,0,0,0,0,0,0,1,2903,1,1,94,1,0,1,1,1,0,0,1,1,1,0,1,0,1,1,0,0,0,0,0,0,0,1,0,1,0,0,1,0,0,0,0,0,0,0,0,0,0,0,0,0,1,0,0,0,0,0
c96a09f2-e7ea-4367-924f-0222b5cfe138,1,1,0,0,0,0,0,0,0,0,1,1,1,1,1,1,0,0,0,1,27,1,295,1,0,1,0,0,0,1,0,0,0,0,19,3,1,0,0,1,1,0,0,0,4,1,11,1,0,0,0.0,1,0,1,1,0,1,1,1,1,0,0,0,0,0,0,11,3,1,1,1,1,0,0,0,0,1,0,0,0,0,0,0,0,0,0,1,9012,1,1,183,1,0,0,0,1,0,0,1,1,1,1,1,0,1,1,0,1,0,0,0,0,0,1,0,1,0,0,1,0,0,0,0,0,0,0,0,0,0,0,0,0,1,0,0,0,0,0
c9b444aa-042e-42b0-ae60-a46d505451d3,1,1,0,0,0,0,0,0,0,0,0,1,1,1,0,0,0,0,0,1,117,1,801,1,0,1,0,0,0,1,0,0,0,0,5,2,1,0,0,1,1,0,0,1,3,0,0,0,0,0,0.0,1,1,0,0,0,1,1,1,1,0,0,0,0,0,0,1,1,0,0,0,0,0,0,0,0,1,0,0,0,0,0,0,0,0,0,1,460,1,0,0,0,0,1,1,0,0,0,1,1,1,0,1,1,0,0,0,0,0,0,0,0,0,1,0,1,0,0,1,0,0,0,0,0,0,0,0,0,0,0,0,0,1,0,0,0,0,0
c9f4e1e1-72f9-4794-8b83-3cd360749f10,1,0,0,0,0,1,0,0,0,0,1,1,1,1,0,0,0,0,0,1,12,1,23,1,0,1,0,0,0,1,0,0,0,0,2,2,1,0,0,1,1,0,0,0,2,0,0,0,0,0,0.0,1,1,0,0,0,1,1,1,1,0,0,0,0,0,0,1,1,0,0,0,0,0,0,0,0,1,0,0,0,0,0,0,0,0,0,0,0,1,0,0,0,0,0,0,0,0,0,1,1,1,0,1,0,0,0,0,0,1,0,1,0,0,0,0,0,0,0,0,0,0,0,0,0,0,0,0,0,0,0,0,0,0,0,0,0,0,0
c9fe7f5b-a2a1-46d8-83d1-0c9fa65ef597,1,1,0,0,0,0,0,0,0,0,1,1,1,1,0,0,0,0,0,1,124,1,2054,1,0,1,0,0,0,1,0,0,0,0,5,2,1,0,0,1,1,0,0,0,3,0,0,0,0,0,0.0,1,1,0,0,0,1,1,1,1,0,0,0,0,0,0,3,2,0,0,0,0,0,0,0,0,1,0,0,0,0,0,0,0,0,0,1,614,1,0,0,0,0,0,0,0,0,0,1,1,1,0,1,1,0,0,0,0,0,0,0,0,0,0,0,1,0,0,1,0,0,0,0,0,0,0,0,0,0,0,0,0,1,0,0,0,0,0
ca1d677f-778a-4918-96b6-b2ba51c22a4e,1,0,0,0,0,1,0,0,0,0,1,1,1,1,0,0,0,0,0,1,49,1,191,1,0,1,0,0,0,1,0,0,0,0,7,3,0,0,0,1,1,0,0,0,2,0,0,0,0,0,0.0,1,1,0,0,0,1,1,1,1,0,0,0,0,0,0,1,1,0,0,0,0,0,0,0,0,1,0,0,0,0,0,0,0,0,0,1,1184,1,0,0,0,0,1,6,0,0,0,1,1,1,0,0,0,0,0,0,0,0,0,0,0,0,0,0,0,0,0,0,0,0,0,0,0,0,0,0,0,0,0,0,0,0,0,0,0,0,0
ca43756d-ad32-4315-bf0e-32d8e7cb0323,1,1,0,0,0,0,0,0,0,0,1,1,1,1,0,0,0,0,0,1,133,1,1467,1,0,1,0,0,0,1,0,0,0,0,5,2,1,0,0,1,1,0,0,0,2,0,0,0,0,0,0.0,1,1,0,0,0,1,1,1,1,0,0,0,0,0,1,1,1,0,0,0,0,0,0,0,0,1,0,0,0,0,0,0,0,0,0,1,1128,1,0,0,0,0,0,0,0,0,0,1,1,1,0,1,1,0,0,0,0,0,0,0,0,0,1,0,1,0,0,1,0,0,0,0,0,0,0,0,0,0,0,0,0,1,0,0,0,0,0
ca47e6e3-2e92-4bbb-9fa9-74a4abeaa81f,1,1,0,0,0,0,0,0,0,0,1,1,1,1,0,1,0,0,0,1,19,1,615,1,0,1,0,0,0,1,0,0,0,0,21,3,1,0,0,1,1,0,0,0,3,1,5,1,0,0,0.0,1,1,1,1,0,1,1,1,1,0,0,0,0,0,0,5,2,0,1,0,1,0,0,0,0,1,0,0,0,0,0,0,0,0,0,1,2228,1,1,642,1,0,1,13,0,0,0,1,1,1,1,1,1,1,1,0,0,0,0,0,0,0,1,0,1,0,0,1,0,0,0,0,0,0,0,0,0,0,0,0,0,1,0,0,0,0,0
cac099e8-36a7-4bb2-ba67-a6b119328d7a,1,1,0,0,0,0,0,0,0,0,1,1,1,1,0,1,0,0,0,1,76,1,719,1,0,1,0,0,0,1,0,0,0,0,3,2,1,0,0,1,1,0,0,0,2,1,1,1,0,1,1000.0,1,0,1,1,0,1,1,1,1,0,0,0,0,0,0,1,1,0,1,0,1,0,0,0,0,1,0,0,0,0,0,0,0,0,0,1,1114,1,1,637,1,0,0,0,1,0,0,1,1,1,1,1,0,1,1,0,0,0,0,0,0,0,1,0,1,0,0,1,0,0,0,0,0,0,0,0,0,0,0,0,0,1,0,0,0,0,0
cadde9a5-508f-4191-a1b8-bb89bcff2b0d,1,0,0,0,0,1,0,0,0,0,1,1,1,1,0,0,0,0,0,1,81,1,691,1,0,1,0,0,0,1,0,0,0,0,8,3,1,0,0,1,1,0,0,0,2,0,0,0,0,0,0.0,1,1,1,1,0,1,1,1,1,0,0,0,0,0,0,2,2,0,0,0,0,0,0,0,0,1,0,0,0,0,0,0,0,0,0,1,838,1,0,0,0,0,0,0,0,0,0,1,1,1,0,0,0,0,0,0,0,0,0,0,0,0,0,0,0,0,0,0,0,0,0,0,0,0,0,0,0,0,0,0,0,0,0,0,0,0,0
cbb6fc7b-d6dc-43f0-8497-499c11be3338,1,0,0,0,0,1,0,0,0,0,1,1,1,1,0,0,1,122,0,1,99,1,912,1,0,1,0,0,0,1,0,0,0,0,12,3,1,0,0,1,1,0,0,0,3,0,0,0,0,0,0.0,1,1,0,0,0,1,1,1,1,0,0,0,0,0,1,3,2,0,0,0,0,0,0,0,0,1,0,0,0,0,0,0,0,0,0,1,1042,1,0,0,0,0,1,3,0,0,0,1,1,1,0,1,1,0,0,0,0,0,0,0,0,0,0,0,1,0,0,1,0,0,0,0,0,0,0,0,0,0,0,0,0,1,0,0,0,0,0
cbef929e-e09f-4af6-9b79-490d06972391,1,0,0,0,0,1,0,0,0,0,1,1,1,1,0,0,0,0,0,1,138,1,696,1,0,1,0,0,0,1,0,0,0,0,2,2,1,0,0,1,1,0,0,0,2,0,0,0,0,0,0.0,1,1,0,0,0,1,1,1,1,0,0,0,0,0,1,3,2,0,0,0,0,0,0,0,0,1,0,0,0,0,0,0,0,0,0,1,1816,1,0,0,0,0,1,11,0,0,0,1,1,1,0,1,1,0,0,0,0,0,0,0,0,0,0,0,1,0,0,1,0,0,0,0,0,0,0,0,0,0,0,0,0,1,0,0,0,0,0
cc3b6649-ef80-4b3d-b223-52e461d0c60a,1,1,0,0,0,0,0,0,0,0,1,1,1,1,0,1,0,0,0,1,19,1,376,1,0,1,0,0,0,1,0,0,0,0,12,3,1,0,0,1,1,0,0,0,3,1,4,1,0,0,0.0,1,1,1,1,0,1,1,1,1,0,0,0,0,0,0,4,2,0,1,0,1,0,0,0,0,1,0,0,0,0,0,0,0,0,0,1,1471,1,0,0,1,0,1,4,0,0,0,1,1,1,1,1,0,1,1,0,0,0,0,0,0,0,1,0,1,0,0,1,0,0,0,0,0,0,0,0,0,0,0,0,0,1,0,0,0,0,0
ccbe2aa9-52ab-4387-85b7-22e9a763432b,1,1,0,0,0,0,0,0,0,0,1,1,1,1,0,0,0,0,0,1,64,1,840,1,0,1,0,0,0,1,0,0,0,0,4,2,1,0,0,1,1,0,0,0,2,0,0,0,0,0,0.0,0,0,0,0,0,0,0,0,0,0,0,0,0,0,0,2,2,0,0,0,0,0,0,0,0,1,0,0,0,0,0,0,0,0,0,1,793,1,0,0,0,0,1,12,0,0,0,1,1,1,0,1,0,0,0,0,0,0,0,0,0,0,1,0,0,0,0,0,0,0,0,0,0,0,0,0,0,0,0,0,0,0,0,0,0,0,0
cd22c9cb-a0f1-47e3-9afb-f8852d538921,1,0,0,0,0,1,0,0,0,0,1,1,1,1,0,1,0,0,0,1,36,1,398,1,0,1,0,0,0,1,0,0,0,0,3,2,1,0,0,1,1,0,0,0,3,1,4,1,0,1,12000.0,1,0,1,1,0,1,1,1,1,0,0,0,0,0,1,4,2,1,1,0,1,0,0,0,0,1,0,0,0,0,0,0,0,0,0,1,2527,1,1,219,1,0,1,1,0,0,0,1,1,1,0,1,0,1,1,0,1,0,0,0,0,0,1,0,1,0,0,1,0,0,0,0,0,0,0,0,0,0,0,0,0,1,0,0,0,0,0
cd5b2e79-1a15-4b90-9e14-fe2627053e80,1,0,0,0,0,1,0,0,0,0,1,1,1,1,0,1,0,0,0,1,52,1,76,1,0,1,0,0,0,1,0,0,0,0,6,3,1,0,0,1,1,0,0,0,2,1,6,1,0,1,0.0,1,1,1,1,0,1,1,1,1,0,0,0,0,0,0,6,3,0,1,0,1,0,0,0,0,1,0,0,0,0,0,0,0,0,0,1,1904,1,1,433,1,0,0,0,1,0,0,1,1,1,1,1,0,1,1,0,0,0,0,0,0,0,1,0,1,0,0,1,0,0,0,0,0,0,0,0,0,0,0,0,0,1,0,0,0,0,0
cd5d3b07-dd81-48db-99f7-8a25ee728427,1,1,0,0,0,0,0,0,0,0,0,1,1,1,0,0,1,43,0,1,146,1,1258,1,0,1,0,0,0,1,0,0,0,0,10,3,1,0,0,1,1,0,0,0,2,0,0,0,0,0,0.0,1,1,0,0,0,1,1,1,1,0,0,0,0,0,0,3,2,0,0,0,0,0,0,0,0,1,0,0,0,0,0,0,0,0,0,1,1702,1,0,0,0,0,1,24,0,0,0,1,1,1,0,1,1,0,0,0,0,0,0,0,0,0,0,0,1,0,0,1,0,0,0,0,0,0,0,0,0,0,0,0,0,1,0,0,0,0,0
d00362b5-ac23-434e-ad1a-a54d4357ad8b,1,1,0,0,0,0,0,0,0,0,1,1,1,1,0,0,0,0,0,1,139,1,1571,1,0,1,0,0,0,1,0,0,0,0,7,3,1,0,0,1,1,0,0,0,2,0,0,0,0,0,0.0,1,1,0,0,0,1,1,1,1,0,0,0,0,0,0,3,2,0,0,0,0,0,0,0,0,1,0,0,0,0,0,0,0,0,0,1,690,1,0,0,0,0,0,0,0,0,0,1,1,1,0,1,1,0,0,0,0,0,0,0,0,0,1,0,1,0,0,1,0,0,0,0,0,0,0,0,0,0,0,0,0,1,0,0,0,0,0
d1357ada-a8a9-4ee8-9096-322e80779477,1,0,0,0,0,1,0,0,0,0,1,1,1,1,0,0,0,0,0,1,145,1,1828,1,0,1,0,0,0,1,0,0,0,0,5,2,1,0,0,1,1,0,0,0,2,0,0,0,0,0,0.0,1,1,1,1,0,1,1,1,1,0,0,0,0,0,0,2,2,0,0,0,0,0,0,0,0,1,0,0,0,0,0,0,0,0,0,1,438,1,0,0,0,0,0,0,0,0,0,1,1,1,1,0,0,0,0,0,0,0,0,0,0,0,0,0,0,0,0,0,0,0,0,0,0,0,0,0,0,0,0,0,0,0,0,0,0,0,0
d14fc4f8-e05c-4084-b3d4-68e0609313df,1,0,0,0,0,1,0,0,0,0,1,1,1,1,0,0,0,0,0,1,82,1,378,1,0,1,0,0,0,1,0,0,0,0,2,2,1,0,0,1,1,0,0,0,2,0,0,0,0,0,0.0,1,1,0,0,0,1,1,1,1,0,0,0,0,0,0,1,1,0,0,0,0,0,0,0,0,1,0,0,0,0,0,0,0,0,0,0,0,1,0,0,0,0,1,4,0,0,0,1,1,1,0,0,0,0,0,0,0,0,0,0,0,0,0,0,0,0,0,0,0,0,0,0,0,0,0,0,0,0,0,0,0,0,0,0,0,0,0
d255510f-f3e4-4682-bef0-8705477dd6a4,1,1,0,0,0,0,0,0,0,0,1,1,1,1,0,0,0,0,0,1,104,1,1393,1,0,1,0,0,0,1,0,0,0,0,2,2,1,0,0,1,1,0,0,0,2,0,0,0,0,0,0.0,1,1,0,0,0,1,1,1,1,0,0,0,0,0,0,1,1,0,0,0,0,0,0,0,0,1,0,0,0,0,0,0,0,0,0,1,454,1,0,0,0,0,1,3,0,0,0,1,1,1,0,1,0,0,0,0,0,0,0,0,0,0,0,0,1,0,0,1,0,0,0,0,0,0,0,0,0,0,0,0,0,1,0,0,0,0,0
d266013e-fc70-4a58-8387-ab8e7add6df9,1,1,0,0,0,0,0,0,0,0,1,1,1,1,0,0,0,0,0,1,32,1,92,1,0,1,0,0,0,1,0,0,0,0,5,2,1,0,0,1,1,0,0,0,2,0,0,0,0,0,0.0,1,1,0,0,0,1,1,1,1,0,0,0,0,0,0,1,1,0,0,0,0,0,0,0,0,1,0,0,0,0,0,0,0,0,0,0,0,1,0,0,0,0,1,1,0,0,0,1,1,1,0,1,1,0,0,0,0,0,0,0,0,0,0,0,1,0,0,1,0,0,0,0,0,0,0,0,0,0,0,0,0,1,0,0,0,0,0
d308d49e-d58e-403c-9423-7f85dc9024ad,1,1,0,0,0,0,0,0,0,0,1,1,1,1,0,0,0,0,0,1,31,1,2062,1,0,1,0,0,0,1,0,0,0,0,3,2,1,0,0,1,1,0,0,0,2,0,0,0,0,0,0.0,1,1,1,1,0,1,1,1,1,0,0,0,0,0,0,1,1,0,0,0,0,0,0,0,0,1,0,0,0,0,0,0,0,0,0,1,212,1,0,0,0,0,1,7,0,0,0,1,1,1,0,0,0,0,0,0,0,0,0,0,0,0,0,0,0,0,0,0,0,0,0,0,0,0,0,0,0,0,0,0,0,0,0,0,0,0,0
d3419e38-57ab-4ce8-96c3-3f32f8eaca32,1,1,0,0,0,0,0,0,0,0,1,1,1,1,0,0,1,598,0,1,217,1,1115,1,0,1,0,0,0,1,0,0,0,0,2,2,0,0,0,1,1,0,0,0,2,0,0,0,0,0,0.0,1,1,0,0,0,1,1,1,1,0,0,0,0,0,0,6,3,0,0,0,0,0,0,0,0,1,0,0,0,0,0,0,0,0,0,1,2010,1,0,0,0,0,0,0,0,0,0,1,1,1,0,1,1,0,0,0,0,0,0,0,0,0,0,0,1,0,0,1,0,0,0,0,0,0,0,0,0,0,0,0,0,1,0,0,0,0,0
d368b640-133a-4968-a4c9-0d6e02ff0804,1,0,0,0,0,1,0,0,0,0,1,1,1,1,0,0,0,0,0,1,39,1,50,1,0,1,0,0,0,1,0,0,0,0,2,2,1,0,0,1,1,0,0,0,2,0,0,0,0,0,0.0,0,0,0,0,0,0,0,0,0,0,0,0,0,0,0,2,2,0,0,0,0,0,0,0,0,1,0,0,0,0,0,0,0,0,0,1,19,1,0,0,0,0,0,0,0,0,0,1,1,1,0,0,0,0,0,0,0,0,0,0,0,0,0,0,0,0,0,0,0,0,0,0,0,0,0,0,0,0,0,0,0,0,0,0,0,0,0
d3edf557-8525-40e4-a32a-bcdf920083ac,1,1,0,0,0,0,0,0,0,0,1,1,1,1,0,0,0,0,0,1,185,1,1469,1,0,1,0,0,0,1,0,0,0,0,3,2,1,0,0,1,1,0,0,0,3,0,0,0,0,0,0.0,1,1,0,0,0,1,1,1,1,0,0,0,0,0,1,1,1,0,0,0,0,0,0,0,0,1,0,0,0,0,0,0,0,0,0,1,305,1,0,0,0,0,1,1,0,0,0,1,1,1,0,1,1,0,0,0,0,0,0,0,0,0,0,0,1,0,0,1,0,0,0,0,0,0,0,0,0,0,0,0,0,1,0,0,0,0,0
d40ca81d-1983-4d65-aae1-b4bda1e441dd,1,0,0,0,0,1,0,0,0,0,0,1,1,1,0,0,0,0,0,1,7,1,4,1,0,1,0,0,0,1,0,0,0,0,1,1,0,0,0,1,0,0,0,0,1,0,0,0,0,0,0.0,1,0,1,1,0,1,1,1,1,0,0,0,0,0,0,1,1,0,1,0,1,0,0,0,1,0,0,0,0,0,0,0,0,0,0,0,0,1,0,0,0,0,0,0,1,1,0,1,1,1,1,0,0,1,0,0,1,1,0,1,0,0,0,0,1,0,0,0,0,0,0,0,0,0,0,0,0,0,0,0,0,0,0,0,0,0,0
d40e0312-c407-443e-8493-56940077aa0d,1,1,0,0,0,0,0,0,0,0,1,1,1,1,0,0,0,0,0,1,117,1,199,1,0,1,0,0,0,1,0,0,0,0,2,2,1,0,0,1,1,0,0,0,2,0,0,0,0,0,0.0,1,1,0,0,0,1,1,1,1,0,0,0,0,0,0,1,1,0,0,0,0,0,0,0,0,1,0,0,0,0,0,0,0,0,0,1,190,1,0,0,0,0,1,1,0,0,0,1,1,1,0,1,1,0,0,0,0,0,0,0,0,0,0,0,0,0,0,0,0,0,0,0,0,0,0,0,0,0,0,0,0,0,0,0,0,0,0
d46bdca3-c676-4856-90ee-d4d64e783e0b,1,1,0,0,0,0,0,0,0,0,1,1,1,1,0,0,0,0,0,1,102,1,259,1,0,1,0,0,0,1,0,0,0,0,2,2,1,0,0,1,1,0,0,0,2,0,0,0,0,0,0.0,1,1,0,0,0,1,1,1,1,0,0,0,0,0,1,7,3,0,0,0,0,0,0,0,0,1,0,0,0,0,0,0,0,0,0,1,896,1,0,0,0,0,0,0,0,0,0,1,1,1,0,1,1,0,0,0,0,0,0,0,0,0,0,0,1,0,0,1,0,0,0,0,0,0,0,0,0,0,0,0,0,1,0,0,0,0,0
d4718b6d-e9ce-4445-b303-63cec866b8bc,1,0,0,0,0,1,0,0,0,0,1,1,1,1,0,0,0,0,0,1,24,1,362,1,0,1,0,0,0,1,0,0,0,0,4,2,1,0,0,1,1,0,0,0,2,0,0,0,0,0,0.0,0,0,0,0,0,0,0,0,0,0,0,0,0,0,0,2,2,0,0,0,0,0,0,0,0,1,0,0,0,0,0,0,0,0,0,0,0,1,0,0,0,0,0,0,0,0,0,1,1,1,0,1,0,0,0,0,0,0,0,0,0,0,1,0,0,0,0,0,0,0,0,0,0,0,0,0,0,0,0,0,0,0,0,0,0,0,0
d4d226e7-cb3b-403f-acfe-60a4a813b7ca,1,1,0,0,0,0,0,0,0,0,1,1,1,1,0,0,0,0,0,1,122,1,1474,1,0,1,0,0,0,1,0,0,0,0,6,3,1,0,0,1,1,0,0,0,3,0,0,0,0,0,0.0,1,1,0,0,0,1,1,1,1,0,0,0,0,0,1,2,2,0,0,0,0,0,0,0,0,1,0,0,0,0,0,0,0,0,0,1,875,1,0,0,0,0,1,8,0,0,0,1,1,1,0,1,1,0,0,0,0,0,0,0,0,0,1,0,1,0,0,1,0,0,0,0,0,0,0,0,0,0,0,0,0,1,0,0,0,0,0
d4f34ee7-c04d-4713-9d41-b6782b3fa853,1,1,0,0,0,0,0,0,0,0,0,1,1,1,0,0,1,43,0,1,16,1,1123,1,0,1,0,0,0,1,0,0,0,0,5,2,1,0,0,1,1,0,0,0,2,0,0,0,0,0,0.0,1,1,0,0,0,1,1,1,1,0,0,0,0,0,0,4,2,0,0,0,0,0,0,0,0,1,0,0,0,0,0,0,0,0,0,1,989,1,0,0,0,0,1,17,0,0,0,1,1,1,0,1,1,0,0,0,0,0,0,0,0,0,0,0,1,0,0,1,0,0,0,0,0,0,0,0,0,0,0,0,0,1,0,0,0,0,0
d59e2616-4cc8-42f2-a80d-03c1d6d2df46,1,1,0,0,0,0,0,0,0,0,1,1,1,1,0,0,0,0,0,1,28,1,4,1,0,1,0,0,0,1,0,0,0,0,2,2,1,0,0,1,1,0,0,0,2,0,0,0,0,0,0.0,0,0,0,0,0,0,0,0,0,0,0,0,0,0,0,2,2,0,0,0,0,0,0,0,0,1,0,0,0,0,0,0,0,0,0,0,0,1,0,0,0,0,0,0,0,0,0,1,1,1,0,0,0,0,0,0,0,0,0,0,0,0,0,0,0,0,0,0,0,0,0,0,0,0,0,0,0,0,0,0,0,0,0,0,0,0,0
d68bb2a7-5247-4f40-bdc8-8a3511b7d009,1,1,0,0,0,0,0,0,0,0,1,1,1,1,0,0,0,0,0,1,85,1,1003,1,0,1,0,0,0,1,0,0,0,0,3,2,1,0,0,1,1,0,0,0,2,0,0,0,0,0,0.0,1,1,0,0,0,1,1,1,1,0,0,0,0,0,0,1,1,0,0,0,0,0,0,0,0,1,0,0,0,0,0,0,0,0,0,1,1003,1,0,0,0,0,0,0,0,0,0,1,1,1,0,0,0,0,0,0,0,0,0,0,0,0,0,0,0,0,0,0,0,0,0,0,0,0,0,0,0,0,0,0,0,0,0,0,0,0,0
d715a89c-822d-4873-ba48-49ec958e3ea0,1,0,0,0,0,1,0,0,0,0,1,1,1,1,0,0,0,0,0,1,157,1,1264,1,0,1,0,0,0,1,0,0,0,0,2,2,1,0,0,1,1,0,0,0,2,0,0,0,0,0,0.0,1,1,0,0,0,1,1,1,1,0,0,0,0,0,0,1,1,0,0,0,0,0,0,0,0,1,0,0,0,0,0,0,0,0,0,1,732,1,0,0,0,0,1,1,0,0,0,1,1,1,0,0,0,0,0,0,0,0,0,0,0,0,0,0,0,0,0,0,0,0,0,0,0,0,0,0,0,0,0,0,0,0,0,0,0,0,0
d76ebf80-ceb3-4c52-bb2e-d9a92c66d20b,1,1,0,0,0,0,0,0,0,0,1,1,1,1,0,0,0,0,0,1,71,1,924,1,0,1,0,0,0,1,0,0,0,0,8,3,1,0,0,1,1,0,0,0,2,0,0,0,0,0,0.0,1,1,0,0,0,1,1,1,1,0,0,0,0,0,0,1,1,0,0,0,0,0,0,0,0,1,0,0,0,0,0,0,0,0,0,1,285,1,0,0,0,0,1,4,0,0,0,1,1,1,0,1,1,0,0,0,0,0,0,0,0,0,0,0,1,0,0,0,0,0,0,0,0,0,0,0,0,0,0,0,0,0,0,0,0,0,0
d7e04f28-f0cf-46c9-8c97-b45b272fd31b,1,1,0,0,0,0,0,0,0,0,1,1,1,1,0,0,0,0,0,1,30,1,245,1,0,1,0,0,0,1,0,0,0,0,3,2,1,0,0,1,1,0,0,0,2,0,0,0,0,0,0.0,0,0,0,0,0,0,0,0,0,0,0,0,0,0,0,2,2,0,0,0,0,0,0,0,0,1,0,0,0,0,0,0,0,0,0,1,965,1,0,0,0,0,0,0,0,0,0,1,1,1,0,0,0,0,0,0,0,0,0,0,0,0,0,0,0,0,0,0,0,0,0,0,0,0,0,0,0,0,0,0,0,0,0,0,0,0,0
d85c4885-20ed-4755-9bc5-ed356372a93c,1,0,0,0,0,1,0,0,0,0,0,1,1,1,0,0,0,0,0,1,42,1,564,1,0,1,0,0,0,1,0,0,0,0,5,2,1,0,0,1,1,0,0,0,3,0,0,0,0,0,0.0,1,1,0,0,0,1,1,1,1,0,0,0,0,0,1,1,1,0,0,0,0,0,0,0,0,1,0,0,0,0,0,0,0,0,0,1,409,1,0,0,0,0,0,0,0,0,0,1,0,1,0,1,0,0,0,0,0,0,0,0,0,0,0,0,1,0,0,1,0,0,0,0,0,0,0,0,0,0,0,0,0,1,0,0,0,0,0
d88d801e-fca8-4f4a-b71e-3933ac3aee6f,1,1,0,0,0,0,0,0,0,0,1,1,1,1,0,0,0,0,0,1,42,1,437,1,0,1,0,0,0,1,0,0,0,0,8,3,1,0,0,1,1,0,0,0,3,0,0,0,0,0,0.0,1,0,1,1,0,1,1,1,1,0,0,0,0,0,0,1,1,0,0,0,0,0,0,0,0,1,0,0,0,0,0,0,0,0,0,1,277,1,0,0,0,0,0,0,0,0,0,1,1,1,0,1,1,0,0,0,0,0,0,0,0,0,1,0,1,0,0,1,0,0,0,0,0,0,0,0,0,0,0,0,0,1,0,0,0,0,0
d8b61684-7809-49c8-9659-02dc43b8ca92,1,0,0,0,0,1,0,0,0,0,1,1,1,1,0,0,0,0,0,1,125,1,1593,1,0,1,0,0,0,1,0,0,0,0,8,3,1,0,0,1,1,0,0,0,2,0,0,0,0,0,0.0,1,1,0,0,0,1,1,1,1,0,0,0,0,0,0,1,1,0,0,0,0,1,0,0,0,0,0,0,0,0,0,0,0,0,0,1,2573,1,0,0,0,0,0,0,0,0,0,1,1,1,0,1,0,0,0,0,0,0,0,0,0,0,1,0,1,0,0,1,0,0,0,0,0,0,0,0,0,0,0,0,0,1,0,0,0,0,0
d9011a08-33e7-4502-ba21-f04bc0918bf2,1,1,0,0,0,0,0,0,0,0,1,1,1,1,0,0,1,138,0,1,79,1,689,1,0,1,0,0,0,1,0,0,0,0,3,2,1,0,0,1,1,0,0,0,2,0,0,0,0,0,0.0,1,1,0,0,0,1,1,1,1,0,0,0,0,0,0,1,1,0,0,0,0,0,0,0,0,1,0,0,0,0,0,0,0,0,0,0,0,1,0,0,1,0,0,0,0,0,0,1,1,1,0,1,0,0,0,0,0,1,0,1,0,0,0,0,0,0,0,0,0,0,0,0,0,0,0,0,0,0,0,0,0,0,0,0,0,0,0
d9196c4e-7c5e-46a5-810a-c06427adf43a,1,1,0,0,0,0,0,0,0,0,1,1,1,1,0,0,0,0,0,1,72,1,1229,1,0,1,0,0,0,1,0,0,0,0,4,2,1,0,0,1,1,0,0,1,3,0,0,0,0,0,0.0,1,1,0,0,0,1,1,1,1,0,0,0,0,0,1,2,2,0,0,0,0,0,0,0,0,1,0,0,0,0,0,0,0,0,0,1,509,1,0,0,0,0,0,0,0,0,0,1,1,1,0,1,1,0,0,0,0,0,0,0,0,0,0,0,1,0,0,1,0,0,0,0,0,0,0,0,0,0,0,0,0,1,0,0,0,0,0
da2bb818-f9bb-4eaf-88cd-4b67f11a0551,1,0,0,0,0,1,0,0,0,0,1,1,1,1,0,0,0,0,0,1,62,1,574,1,0,1,0,0,0,1,0,0,0,0,4,2,1,0,0,1,1,0,0,0,2,0,0,0,0,0,0.0,1,1,0,0,0,1,1,1,1,0,0,0,0,0,1,1,1,0,0,0,0,0,0,0,0,1,0,0,0,0,0,0,0,0,0,1,446,1,0,0,0,0,0,0,0,0,0,1,1,1,0,1,0,0,0,0,0,0,0,0,0,0,0,0,1,0,0,1,0,0,0,0,0,0,0,0,0,0,0,0,0,1,0,0,0,0,0
da804238-17b5-462b-a225-88cefcc92eb8,1,1,0,0,0,0,0,0,0,0,1,1,1,1,0,0,1,825,0,1,134,1,1554,1,0,1,0,0,0,1,0,0,0,0,7,3,1,0,0,1,1,0,0,0,3,1,1,1,0,0,0.0,1,1,0,0,0,1,1,1,1,0,0,0,0,0,0,1,1,0,0,0,0,0,0,0,0,1,0,0,0,0,0,0,0,0,0,1,849,1,0,0,1,0,1,1,1,0,0,1,1,1,0,1,0,0,0,0,0,1,0,1,0,0,0,0,1,0,0,1,0,0,0,0,0,0,0,0,0,0,0,0,0,1,0,0,0,0,0
da8a7ddd-7df9-4de5-b08e-b5a4def4eb4f,1,0,0,0,0,1,0,0,0,0,1,1,1,1,1,1,0,0,0,1,37,1,705,1,0,1,0,0,0,1,0,0,0,0,6,3,1,0,0,1,1,0,0,0,2,0,0,0,0,0,0.0,1,0,0,0,0,1,1,1,1,0,0,0,0,0,1,1,1,1,1,1,1,0,0,0,0,1,0,0,0,0,0,0,0,0,0,1,755,1,0,0,1,0,1,1,0,0,0,1,1,1,0,0,0,1,1,0,0,0,0,0,0,0,1,0,1,0,0,1,0,0,0,0,0,0,0,0,0,0,0,0,0,1,0,0,0,0,0
db1128ed-32ae-485a-90af-d9adf8830cdb,1,1,0,0,0,0,0,0,0,0,1,1,1,1,0,0,0,0,0,1,77,1,123,1,0,1,0,0,0,1,0,0,0,0,4,2,1,0,0,1,1,0,0,0,2,0,0,0,0,0,0.0,1,1,0,0,0,1,1,1,1,0,0,0,0,0,1,1,1,0,0,0,0,0,0,0,0,1,0,0,0,0,0,0,0,0,0,1,147,1,0,0,0,0,0,0,0,0,0,1,1,1,0,1,0,0,0,0,0,0,0,0,0,0,0,0,1,0,0,1,0,0,0,0,0,0,0,0,0,0,0,0,0,1,0,0,0,0,0
db55c2a1-bd2b-47d4-9d21-d9de299bf72b,1,0,0,0,0,1,0,0,0,0,1,1,1,1,0,0,0,0,0,1,81,1,479,1,0,1,0,0,0,1,0,0,0,0,6,3,1,0,0,1,1,0,0,0,2,0,0,0,0,0,0.0,1,1,0,0,0,1,1,1,1,0,0,0,0,0,1,1,1,0,0,0,0,0,0,0,0,1,0,0,0,0,0,0,0,0,0,0,0,1,0,0,0,0,0,0,0,0,0,1,1,1,0,1,1,0,0,0,0,0,0,0,0,0,1,0,1,0,0,1,0,0,0,0,0,0,0,0,0,0,0,0,0,1,0,0,0,0,0
db8d5a2b-c11b-4cfc-a954-77e56c600136,1,1,0,0,0,0,0,0,0,0,1,1,1,1,0,0,0,0,0,1,101,1,1503,1,0,1,0,0,0,1,0,0,0,0,3,2,1,0,0,1,1,0,0,0,2,0,0,0,0,0,0.0,1,1,0,0,0,1,1,1,1,0,0,0,0,0,0,1,1,0,0,0,0,0,0,0,0,1,0,0,0,0,0,0,0,0,0,1,179,1,0,0,0,0,1,5,0,0,0,1,1,1,0,1,1,0,0,0,0,0,0,0,0,0,1,0,1,0,0,1,0,0,0,0,0,0,0,0,0,0,0,0,0,1,0,0,0,0,0
db911fc3-a240-4988-8138-191a74556c6f,1,0,0,0,0,1,0,0,0,0,0,1,1,1,0,0,0,0,0,1,122,1,2391,1,0,1,0,0,0,1,0,0,0,0,7,3,1,0,0,1,1,0,0,0,3,0,0,0,0,0,0.0,1,0,1,1,0,1,1,1,1,0,0,0,0,0,0,0,0,0,0,0,0,0,0,0,0,0,0,0,0,0,0,0,0,0,0,0,0,0,0,0,0,0,0,0,0,0,0,0,0,0,0,0,0,0,0,0,0,0,0,0,0,0,0,0,0,0,0,0,0,0,0,0,0,0,0,0,0,0,0,0,0,0,0,0,0,0,0
dbb3def3-6e33-48fb-a0fc-90196e7d2f46,1,1,0,0,0,0,0,0,0,0,1,1,1,1,0,0,0,0,0,1,130,1,368,1,0,1,0,0,0,1,0,0,0,0,2,2,1,0,0,1,1,0,0,0,2,0,0,0,0,0,0.0,1,1,0,0,0,1,1,1,1,0,0,0,0,0,0,3,2,0,0,0,0,0,0,0,0,1,0,0,0,0,0,0,0,0,0,1,785,1,0,0,0,0,1,4,0,0,0,1,1,1,1,1,1,0,0,0,0,0,0,0,0,0,0,0,1,0,0,1,0,0,0,0,0,0,0,0,0,0,0,0,0,1,0,0,0,0,0
dc6204b8-18d3-413a-9a2e-44f9f2d631d6,1,1,0,0,0,0,0,0,0,0,1,1,1,1,0,0,0,0,0,1,48,1,72,1,0,1,0,0,0,1,0,0,0,0,2,2,1,0,0,1,1,0,0,0,2,0,0,0,0,0,0.0,1,1,0,0,0,1,1,1,1,0,0,0,0,0,0,1,1,0,0,0,0,0,0,0,0,1,0,0,0,0,0,0,0,0,0,1,269,1,0,0,0,0,0,0,0,0,0,1,1,1,0,1,1,0,0,0,0,0,0,0,0,0,0,0,0,0,0,0,0,0,0,0,0,0,0,0,0,0,0,0,0,0,0,0,0,0,0
dcafc292-661e-4151-aec3-661d31308018,1,1,0,0,0,0,0,0,0,0,1,1,1,1,0,0,0,0,0,1,126,1,1804,1,0,1,0,0,0,1,0,0,0,0,12,3,1,0,0,1,1,0,0,0,2,0,0,0,0,0,0.0,1,1,0,0,0,1,1,1,1,0,0,0,0,0,0,1,1,0,0,0,0,0,0,0,0,1,0,0,0,0,0,0,0,0,0,1,370,1,0,0,0,0,1,1,0,0,0,1,1,1,0,1,1,0,0,0,0,0,0,0,0,0,1,0,1,0,0,1,0,0,0,0,0,0,0,0,0,0,0,0,0,1,0,0,0,0,0
dcc64ae7-ebb5-440b-a99c-994079cbd13e,1,0,0,0,0,1,0,0,0,0,0,1,1,1,0,0,0,0,0,1,171,1,1848,1,0,1,0,0,0,1,0,0,0,0,3,2,1,0,0,1,1,0,0,0,2,0,0,0,0,0,0.0,1,1,0,0,0,1,1,1,1,0,0,0,0,0,1,1,1,0,0,0,0,0,0,0,0,1,0,0,0,0,0,0,0,0,0,1,1395,1,0,0,0,0,1,6,0,0,0,1,0,1,0,1,0,0,0,0,0,1,0,1,0,0,0,0,1,0,0,1,0,0,0,0,0,0,0,0,0,0,0,0,0,1,0,0,0,0,0
dd4c79ed-1b43-41ad-81fa-f79da5af72eb,1,0,0,0,0,1,0,0,0,0,1,1,1,1,0,1,0,0,0,1,75,1,2262,1,0,1,0,0,0,1,0,0,0,0,63,3,1,0,0,1,1,0,0,0,3,1,11,1,0,1,602000.0,1,1,1,1,0,1,1,1,1,0,0,0,0,0,1,18,3,1,1,0,1,0,0,0,0,1,0,0,0,0,0,0,0,0,0,1,10741,1,1,505,1,0,1,5,1,0,0,1,1,1,1,0,1,1,1,1,0,0,0,0,0,0,1,0,1,0,0,1,0,0,0,0,0,0,0,0,0,0,0,0,0,1,1,0,0,0,0
de2a89ba-9d7a-48ab-ab64-ecab2bd19674,1,1,0,0,0,0,0,0,0,0,1,1,1,1,0,1,0,0,0,1,49,1,2085,1,0,1,0,0,0,1,0,0,0,0,4,2,0,0,0,1,0,0,0,0,2,1,1,1,0,0,0.0,1,0,1,1,0,1,1,1,1,0,0,0,0,0,0,1,1,0,1,0,1,0,0,0,0,1,0,0,0,0,0,0,0,0,0,1,159,1,0,0,1,0,0,0,0,0,0,1,1,1,0,0,0,1,1,0,0,0,0,0,0,0,1,0,1,0,0,1,0,0,0,0,0,0,0,0,0,0,0,0,0,1,0,0,0,0,0
de3d98d6-3654-4158-8e22-32858f0cf616,1,0,0,0,0,1,0,0,0,0,1,1,1,1,0,0,0,0,0,1,77,1,851,1,0,1,0,0,0,1,0,0,0,0,3,2,1,0,0,1,1,0,0,0,3,0,0,0,0,0,0.0,1,1,1,1,0,1,1,1,1,0,0,0,0,0,1,1,1,0,0,0,0,0,0,0,0,1,0,0,0,0,0,0,0,0,0,1,169,1,0,0,0,0,0,0,0,0,0,1,1,1,0,1,0,0,0,0,0,0,0,0,0,0,0,0,0,0,0,0,0,0,0,0,0,0,0,0,0,0,0,0,0,0,0,0,0,0,0
de77a08b-07f9-4090-87c3-90c863fe4686,1,0,0,0,0,1,0,0,0,0,1,1,1,1,0,0,0,0,0,1,141,1,599,1,0,1,0,0,0,1,0,0,0,0,5,2,1,0,0,1,1,0,0,0,2,0,0,0,0,0,0.0,1,1,1,1,0,1,1,1,1,0,0,0,0,0,0,2,2,0,0,0,0,0,0,0,0,1,0,0,0,0,0,0,0,0,0,1,438,1,0,0,0,0,0,0,0,0,0,1,1,1,1,0,0,0,0,0,0,0,0,0,0,0,0,0,0,0,0,0,0,0,0,0,0,0,0,0,0,0,0,0,0,0,0,0,0,0,0
e039633f-f7b3-4490-a301-2e0ee8c3b648,1,1,0,0,0,0,0,0,0,0,1,1,1,1,0,0,0,0,0,1,73,1,1978,1,0,1,0,0,0,1,0,0,0,0,4,2,1,0,0,1,1,0,0,0,2,0,0,0,0,0,0.0,1,1,0,0,0,1,1,1,1,0,0,0,0,0,1,3,2,0,0,0,0,0,0,0,0,1,0,0,0,0,0,0,0,0,0,1,815,1,0,0,0,0,0,0,0,0,0,1,1,1,0,1,1,0,0,0,0,0,0,0,0,0,1,0,1,0,0,1,0,0,0,0,0,0,0,0,0,0,0,0,0,1,0,0,0,0,0
e0b2b4d1-1345-47d9-868b-e3a1a42b5545,1,0,0,0,0,1,0,0,0,0,1,1,1,1,0,0,0,0,0,1,9,1,201,1,0,1,0,0,0,1,0,0,0,0,19,3,1,0,0,1,1,0,0,0,3,0,0,0,0,0,0.0,1,0,1,1,0,1,1,1,1,0,0,0,0,0,0,8,3,0,0,0,0,0,0,0,0,1,0,0,0,0,0,0,0,0,0,1,5204,1,0,0,0,0,1,4,0,0,0,1,1,1,1,0,0,0,0,0,0,0,0,0,0,0,0,0,0,0,0,0,0,0,0,0,0,0,0,0,0,0,0,0,0,0,0,0,0,0,0
e0d1cdbe-d79c-4570-b6c1-37cdfe23871a,1,1,0,0,0,0,0,0,0,0,1,1,1,1,0,0,0,0,0,1,27,1,13,1,0,1,0,0,0,1,0,0,0,0,2,2,1,0,0,1,1,0,0,0,2,0,0,0,0,0,0.0,0,0,0,0,0,0,0,0,0,0,0,0,0,0,0,1,1,0,0,0,0,0,0,0,0,1,0,0,0,0,0,0,0,0,0,0,0,1,0,0,0,0,0,0,0,0,0,1,1,1,0,0,0,0,0,0,0,0,0,0,0,0,0,0,0,0,0,0,0,0,0,0,0,0,0,0,0,0,0,0,0,0,0,0,0,0,0
e15c114d-a83a-4d6b-b30e-29d36cde96e5,1,1,0,0,0,0,0,0,0,0,1,1,1,1,0,0,0,0,0,1,103,1,869,1,0,1,0,0,0,1,0,0,0,0,2,2,1,0,0,1,1,0,0,0,2,0,0,0,0,0,0.0,1,1,0,0,0,1,1,1,1,0,0,0,0,0,1,1,1,0,0,0,0,0,0,0,0,1,0,0,0,0,0,0,0,0,0,1,362,1,0,0,0,0,1,1,0,0,0,1,1,1,0,1,0,0,0,0,0,0,0,0,0,0,0,0,1,0,0,1,0,0,0,0,0,0,0,0,0,0,0,0,0,1,0,0,0,0,0
e1d4beb4-d250-49a3-a265-0f2940bffad4,1,0,0,0,0,1,0,0,0,0,1,1,1,1,0,1,0,0,0,1,27,1,364,1,0,1,0,0,0,1,0,0,0,0,2,2,0,0,0,1,1,0,0,0,2,1,1,1,0,0,0.0,1,1,1,1,0,1,1,1,1,0,0,0,0,0,0,1,1,0,1,1,1,0,0,0,0,1,0,0,0,0,0,0,0,0,0,1,519,1,1,53,1,0,1,4,1,0,0,1,1,1,0,0,0,1,0,1,0,0,0,0,0,0,1,0,1,1,0,1,0,0,0,0,0,1,0,0,0,0,0,0,0,0,0,1,0,0,0
e33e8315-7eff-4553-a23f-12505e498c4d,1,0,0,0,0,1,0,0,0,0,1,1,1,1,0,0,1,1122,0,1,89,1,614,1,0,1,0,0,0,1,0,0,0,0,8,3,1,0,0,1,1,0,0,1,3,0,0,0,0,0,0.0,1,1,0,0,0,1,1,1,1,0,0,0,0,0,0,4,2,0,0,0,0,0,0,0,0,1,0,0,0,0,0,0,0,0,0,1,2535,1,0,0,0,0,0,0,0,0,0,1,1,1,0,1,1,0,0,0,0,0,0,0,0,0,0,0,1,0,0,1,0,0,0,0,0,0,0,0,0,0,0,0,0,1,0,0,0,0,0
e340318d-ce85-4624-a102-bb5c669cccda,1,0,0,0,0,1,0,0,0,0,1,1,1,1,0,0,0,0,0,1,141,1,599,1,0,1,0,0,0,1,0,0,0,0,5,2,1,0,0,1,1,0,0,0,2,0,0,0,0,0,0.0,1,1,1,1,0,1,1,1,1,0,0,0,0,0,0,2,2,0,0,0,0,0,0,0,0,1,0,0,0,0,0,0,0,0,0,1,438,1,0,0,0,0,0,0,0,0,0,1,1,1,1,0,0,0,0,0,0,0,0,0,0,0,0,0,0,0,0,0,0,0,0,0,0,0,0,0,0,0,0,0,0,0,0,0,0,0,0
e36915dc-6496-4b35-b9c4-37576dc08389,1,1,0,0,0,0,0,0,0,0,1,1,1,1,0,1,0,0,0,1,52,1,77,1,0,1,0,0,0,1,0,0,0,0,6,3,1,0,0,1,1,0,0,0,2,1,2,1,0,1,0.0,1,1,1,1,0,1,1,1,1,0,0,0,0,0,0,2,2,0,1,0,1,0,0,0,0,1,0,0,0,0,0,0,0,0,0,1,1059,1,1,190,1,0,1,5,0,0,0,1,1,1,1,1,0,1,1,0,0,0,0,0,0,0,1,0,1,0,0,1,0,0,0,0,0,0,0,0,0,0,0,0,0,1,0,0,0,0,0
e3d17538-0c65-4913-a4d4-23d134cef675,1,1,0,0,0,0,0,0,0,0,1,1,1,1,0,0,0,0,0,1,23,1,258,1,0,1,0,0,0,1,0,0,0,0,4,2,1,0,0,1,1,0,0,0,2,0,0,0,0,0,0.0,0,0,0,0,0,0,0,0,0,0,0,0,0,0,0,1,1,0,0,0,0,0,0,0,0,1,0,0,0,0,0,0,0,0,0,1,960,1,0,0,0,0,0,0,0,0,0,1,1,1,0,1,0,0,0,0,0,0,0,0,0,0,1,0,0,0,0,0,0,0,0,0,0,0,0,0,0,0,0,0,0,0,0,0,0,0,0
e415523e-4716-40d3-a764-e5f89dd433ed,1,1,0,0,0,0,0,0,0,0,1,1,1,1,0,0,0,0,0,1,31,1,194,1,0,1,0,0,0,1,0,0,0,0,10,3,1,0,0,1,1,0,0,0,2,1,5,1,0,0,2600.0,1,1,1,1,0,1,1,1,1,0,0,0,0,0,0,5,2,1,1,1,1,0,0,0,0,1,0,0,0,0,0,0,0,0,0,1,740,1,0,0,0,0,0,0,0,0,0,1,1,1,0,1,0,1,0,0,1,0,0,0,0,0,0,0,0,0,0,0,0,0,0,0,0,0,0,0,0,0,0,0,0,0,0,0,0,0,0
e485c7c2-ab53-425b-a056-8673e44912b5,1,0,0,0,0,1,0,0,0,0,1,1,1,1,0,0,0,0,0,1,35,1,146,1,0,1,0,0,0,1,0,0,0,0,2,2,1,0,0,1,1,0,0,0,2,0,0,0,0,0,0.0,1,1,1,1,0,1,1,1,1,0,0,0,0,0,1,1,1,0,0,0,0,0,0,0,0,1,0,0,0,0,0,0,0,0,0,1,156,1,0,0,0,0,1,6,0,0,0,1,1,1,0,1,0,0,0,0,0,1,0,1,0,0,0,0,1,0,0,1,0,0,0,0,0,0,0,0,0,0,0,0,0,1,0,0,0,0,0
e49bc619-f731-4221-a7a4-ece56eb8f898,1,0,0,0,0,1,0,0,0,0,0,1,1,1,0,0,0,0,0,1,56,1,561,1,0,1,0,0,0,1,0,0,0,0,4,2,1,0,0,1,1,0,0,0,3,0,0,0,0,0,0.0,1,1,0,0,0,1,1,1,1,0,0,0,0,0,1,1,1,0,0,0,0,0,0,0,0,1,0,0,0,0,0,0,0,0,0,1,182,1,0,0,0,0,0,0,0,0,0,1,0,1,0,1,0,0,0,0,0,0,0,0,0,0,0,0,1,0,0,1,0,0,0,0,0,0,0,0,0,0,0,0,0,1,0,0,0,0,0
e4b5e88e-6085-43d1-86ab-17bfa8d50a44,1,1,0,0,0,0,0,0,0,0,1,1,1,1,0,0,0,0,0,1,41,1,986,1,0,1,0,0,0,1,0,0,0,0,3,2,1,0,0,1,1,0,0,0,2,0,0,0,0,0,0.0,1,1,0,0,0,1,1,1,1,0,0,0,0,0,0,1,1,0,0,0,0,0,0,0,0,1,0,0,0,0,0,0,0,0,0,1,1159,1,0,0,0,0,1,4,0,0,0,1,1,1,0,1,1,0,0,0,0,0,0,0,0,0,1,0,1,0,0,1,0,0,0,0,0,0,0,0,0,0,0,0,0,1,0,0,0,0,0
e5481d25-2c05-447b-813d-a55272ec0027,1,0,0,0,0,1,0,0,0,0,1,1,1,1,0,0,0,0,0,1,38,1,305,1,0,1,0,0,0,1,0,0,0,0,5,2,1,0,0,1,1,0,0,0,2,0,0,0,0,0,0.0,1,1,1,1,0,1,1,1,1,0,0,0,0,0,0,1,1,0,0,0,0,0,0,0,0,1,0,0,0,0,0,0,0,0,0,1,19,1,0,0,0,0,0,0,0,0,0,1,1,1,0,1,1,0,0,0,0,0,0,0,0,0,0,0,1,0,0,1,0,0,0,0,0,0,0,0,0,0,0,0,0,1,0,0,0,0,0
e59dab50-8f63-4921-b257-41b33490a39c,1,1,0,0,0,0,0,0,0,0,1,1,1,1,0,0,1,38,0,1,28,1,418,1,0,1,0,0,0,1,0,0,0,0,7,3,1,0,0,1,1,0,0,0,2,0,0,0,0,0,0.0,1,1,0,0,0,1,1,1,1,0,0,0,0,0,0,1,1,0,0,0,0,0,0,0,0,1,0,0,0,0,0,0,0,0,0,1,375,1,0,0,0,0,1,4,0,0,0,1,1,1,0,1,1,0,0,0,0,0,0,0,0,0,0,0,0,0,0,0,0,0,0,0,0,0,0,0,0,0,0,0,0,0,0,0,0,0,0
e59fdaa0-bab9-434b-854f-a8cd808f33e0,1,1,0,0,0,0,0,0,0,0,1,1,1,1,0,0,0,0,0,1,124,1,1418,1,0,1,0,0,0,1,0,0,0,0,4,2,1,0,0,1,1,0,0,0,2,0,0,0,0,0,0.0,1,1,0,0,0,1,1,1,1,0,0,0,0,0,0,3,2,0,0,0,0,0,0,0,0,1,0,0,0,0,0,0,0,0,0,1,688,1,0,0,0,0,0,0,0,0,0,1,1,1,0,1,1,0,0,0,0,0,0,0,0,0,1,0,1,0,0,1,0,0,0,0,0,0,0,0,0,0,0,0,0,1,0,0,0,0,0
e651757a-6b9b-4f65-a6cf-1ca1da7ded13,1,0,0,0,0,1,0,0,0,0,1,1,1,1,0,0,0,0,0,1,89,1,754,1,0,1,0,0,0,1,0,0,0,0,2,2,1,0,0,1,1,0,0,0,2,0,0,0,0,0,0.0,1,1,0,0,0,1,1,1,1,0,0,0,0,0,0,1,1,0,0,0,0,0,0,0,0,1,0,0,0,0,0,0,0,0,0,1,231,1,0,0,0,0,1,3,0,0,0,1,1,1,0,1,1,0,0,0,0,0,0,0,0,0,1,0,0,0,0,0,0,0,0,0,0,0,0,0,0,0,0,0,0,0,0,0,0,0,0
e65c511a-7906-4a3f-9bdd-518ffada88e7,1,0,0,0,0,1,0,0,0,0,1,1,1,1,0,0,0,0,0,1,60,1,1260,1,0,1,0,0,0,1,0,0,0,0,10,3,1,0,0,1,1,0,0,1,4,0,0,0,0,0,0.0,1,1,0,0,0,1,1,1,1,0,0,0,0,0,0,1,1,0,0,0,0,0,0,0,0,1,0,0,0,0,0,0,0,0,0,1,1286,1,0,0,0,0,0,0,0,0,0,1,1,1,0,1,1,0,0,0,0,0,0,0,0,0,0,0,1,0,0,1,0,0,0,0,0,0,0,0,0,0,0,0,0,1,0,0,0,0,0
e6748895-a7c9-43cf-9e6e-0df4afa781bb,1,0,0,0,0,1,0,0,0,0,1,1,1,1,0,0,0,0,0,1,104,1,400,1,0,1,0,0,0,1,0,0,0,0,7,3,1,0,0,1,1,0,0,0,2,0,0,0,0,0,0.0,1,1,0,0,0,1,1,1,1,0,0,0,0,0,0,2,2,0,0,0,0,0,0,0,0,1,0,0,0,0,0,0,0,0,0,1,483,1,0,0,0,0,0,0,0,0,0,1,1,1,0,1,1,0,0,0,0,0,0,0,0,0,1,0,1,0,0,1,0,0,0,0,0,0,0,0,0,0,0,0,0,1,0,0,0,0,0
e7300aa6-884f-4d97-977a-d6e440355457,1,1,0,0,0,0,0,0,0,0,1,1,1,1,0,0,0,0,0,1,144,1,998,1,0,1,0,0,0,1,0,0,0,0,9,3,1,0,0,1,1,0,0,0,3,0,0,0,0,0,0.0,1,1,0,0,0,1,1,1,1,0,0,0,0,0,1,3,2,0,0,0,0,0,0,0,0,1,0,0,0,0,0,0,0,0,0,1,455,1,0,0,0,0,0,0,0,0,0,1,1,1,0,1,1,0,0,0,0,0,0,0,0,0,0,0,1,0,0,1,0,0,0,0,0,0,0,0,0,0,0,0,0,1,0,0,0,0,0
e7b4c1c3-c78b-4320-bbb0-e24794d31033,1,1,0,0,0,0,0,0,0,0,1,1,1,1,0,0,0,0,0,1,102,1,127,1,0,1,0,0,0,1,0,0,0,0,10,3,1,0,0,1,1,0,0,0,2,0,0,0,0,0,0.0,1,1,0,0,0,1,1,1,1,0,0,0,0,0,0,1,1,0,0,0,0,0,0,0,0,1,0,0,0,0,0,0,0,0,0,1,379,1,0,0,0,0,0,0,0,0,0,1,1,1,0,1,1,0,0,0,0,0,0,0,0,0,0,0,0,0,0,0,0,0,0,0,0,0,0,0,0,0,0,0,0,0,0,0,0,0,0
e84d6b9d-c399-4dc2-b36e-bf37bf7df23e,1,1,0,0,0,0,0,0,0,0,1,1,1,1,0,1,0,0,0,1,30,1,1169,1,0,1,0,0,0,1,0,0,0,0,3,2,1,0,0,1,1,0,0,0,2,1,7,1,0,1,20000.0,1,0,1,1,0,1,1,1,1,0,0,0,0,0,0,7,3,1,1,1,1,0,0,0,0,1,0,0,0,0,0,0,0,0,0,1,2267,1,1,305,1,0,1,36,1,0,0,1,1,1,1,1,0,1,1,0,1,0,0,0,0,0,1,0,1,0,0,1,0,0,0,0,0,0,0,0,0,0,0,0,0,1,0,0,0,0,0
e8579fb0-df7d-4673-ba3c-637d678d69d6,1,1,0,0,0,0,0,0,0,0,1,1,1,1,0,1,0,0,0,1,31,1,615,1,0,1,0,0,0,1,0,0,0,0,21,3,1,0,0,1,1,0,0,0,3,1,6,1,0,0,0.0,1,1,1,1,0,1,1,1,1,0,0,0,0,0,0,6,3,0,1,0,1,0,0,0,0,1,0,0,0,0,0,0,0,0,0,1,3310,1,1,642,1,0,1,27,1,0,0,1,1,1,1,1,1,1,1,0,0,0,0,0,0,0,1,0,1,0,0,1,0,0,0,0,0,0,0,0,0,0,0,0,0,1,0,0,0,0,0
e85a4df1-fbe4-41f7-b8a2-36d1761a35a6,1,0,0,0,0,1,0,0,0,0,1,1,1,1,0,0,0,0,0,1,44,1,124,1,0,1,0,0,0,1,0,0,0,0,8,3,0,0,0,1,1,0,0,0,3,0,0,0,0,0,0.0,1,0,0,0,0,1,1,1,1,0,0,0,0,0,0,1,1,0,0,0,0,0,0,0,0,1,0,0,0,0,0,0,0,0,0,1,1106,1,0,0,1,0,0,0,0,0,0,1,1,1,1,0,0,0,0,0,0,0,0,0,1,0,0,0,0,0,0,0,0,0,0,0,0,0,0,0,0,0,0,0,0,0,0,0,0,0,0
e8c6ec29-dc16-4316-a4e4-e57147b78c08,1,1,0,0,0,0,0,0,0,0,1,1,1,1,0,0,0,0,0,1,11,1,466,1,0,1,0,0,0,1,0,0,0,0,13,3,1,0,0,1,1,0,0,0,3,0,0,0,0,0,0.0,1,1,1,1,0,1,1,1,1,0,0,0,0,0,0,2,2,0,0,0,0,0,0,0,0,1,0,0,0,0,0,0,0,0,0,1,1340,1,0,0,0,0,1,6,0,0,0,1,1,1,0,0,0,0,0,0,0,0,0,0,0,0,0,0,0,0,0,0,0,0,0,0,0,0,0,0,0,0,0,0,0,0,0,0,0,0,0
e8d50365-c3b4-43af-a679-eb022b4c6fb6,1,0,0,0,0,1,0,0,0,0,1,1,1,1,0,0,0,0,0,1,75,1,1004,1,0,1,0,0,0,1,0,0,0,0,2,2,1,0,0,1,1,0,0,0,2,0,0,0,0,0,0.0,1,1,0,0,0,1,1,1,1,0,0,0,0,0,0,1,1,0,0,0,0,0,0,0,1,0,0,0,0,0,0,0,0,0,0,1,726,1,0,0,0,0,1,1,0,0,0,1,1,1,0,1,1,0,0,0,0,0,0,0,0,0,0,0,1,0,0,0,0,0,0,0,0,0,0,0,0,0,0,0,0,0,0,0,0,0,0
e942d758-429a-40f5-8209-05922895199f,1,0,0,0,0,1,0,0,0,0,1,1,1,1,0,0,0,0,0,1,43,1,1299,1,0,1,0,0,0,1,0,0,0,0,7,3,1,0,0,1,1,0,0,0,2,0,0,0,0,0,0.0,1,0,1,1,0,1,1,1,1,0,0,0,0,0,0,3,2,0,0,0,0,0,0,0,0,1,0,0,0,0,0,0,0,0,0,1,1899,1,0,0,0,0,0,0,0,0,0,1,1,1,0,0,0,0,0,0,0,0,0,0,0,0,0,0,0,0,0,0,0,0,0,0,0,0,0,0,0,0,0,0,0,0,0,0,0,0,0
e9c76559-7a2c-4fb3-a09a-ba05db019cf4,1,0,0,0,0,1,0,0,0,0,1,1,1,1,0,0,0,0,0,1,51,1,712,1,0,1,0,0,0,1,0,0,0,0,9,3,1,0,0,1,1,0,0,0,3,0,0,0,0,0,0.0,1,1,1,1,0,1,1,1,1,0,0,0,0,0,0,1,1,0,0,0,0,0,0,0,0,1,0,0,0,0,0,0,0,0,0,1,987,1,0,0,0,0,0,0,0,0,0,1,1,1,0,0,0,0,0,0,0,0,0,0,0,0,0,0,0,0,0,0,0,0,0,0,0,0,0,0,0,0,0,0,0,0,0,0,0,0,0
eb08138f-7ef3-4559-b09c-a134778741d3,1,0,0,0,0,1,0,0,0,0,1,1,1,1,0,0,0,0,0,1,70,1,97,1,0,1,0,0,0,1,0,0,0,0,2,2,1,0,0,1,1,0,0,0,2,0,0,0,0,0,0.0,1,1,1,1,0,1,1,1,1,0,0,0,0,0,0,3,2,0,0,0,0,0,0,0,0,1,0,0,0,0,0,0,0,0,0,1,352,1,0,0,1,0,1,3,0,0,0,1,1,1,1,1,0,0,0,0,0,0,0,0,0,0,0,0,1,0,0,0,0,0,0,0,0,0,0,0,0,0,0,0,0,0,0,0,0,0,0
ebb435fb-34dc-495d-bd2b-cec2fd8d2d39,1,1,0,0,0,0,0,0,0,0,1,1,1,1,0,0,0,0,0,1,38,1,375,1,0,1,0,0,0,1,0,0,0,0,6,3,1,0,0,1,1,0,0,0,2,0,0,0,0,0,0.0,0,0,0,0,0,0,0,0,0,0,0,0,0,0,0,1,1,0,0,0,0,0,0,0,0,1,0,0,0,0,0,0,0,0,0,1,3378,1,0,0,0,0,0,0,0,0,0,1,1,1,0,0,0,0,0,0,0,0,0,0,0,0,0,0,0,0,0,0,0,0,0,0,0,0,0,0,0,0,0,0,0,0,0,0,0,0,0
ebe48894-0918-4061-8f58-9ccdcb7928a4,1,1,0,0,0,0,0,0,0,0,1,1,1,1,0,0,1,90,0,1,78,1,797,1,0,1,0,0,0,1,0,0,0,0,5,2,1,0,0,1,1,0,0,0,2,0,0,0,0,0,0.0,1,0,0,0,0,1,1,1,1,0,0,0,0,0,0,3,2,0,0,0,0,0,0,0,0,1,0,0,0,0,0,0,0,0,0,1,2007,1,0,0,1,0,1,7,1,0,0,1,1,1,0,1,0,0,0,0,0,1,0,1,0,0,0,0,1,0,0,1,0,0,0,0,0,0,0,0,0,0,0,0,0,1,0,0,0,0,0
ebed6973-6650-422d-8bdf-d7fb0dd6878d,1,0,0,0,0,1,0,0,0,0,0,1,1,1,0,0,0,0,0,1,45,1,653,1,0,1,0,0,0,1,0,0,0,0,3,2,1,0,0,1,1,0,0,0,2,0,0,0,0,0,0.0,1,1,0,0,0,1,1,1,1,0,0,0,0,0,1,3,2,0,0,0,0,0,0,0,0,1,0,0,0,0,0,0,0,0,0,1,821,1,0,0,0,0,1,12,0,0,0,1,0,1,0,1,0,0,0,0,0,1,0,1,0,0,0,0,1,0,0,1,0,0,0,0,0,0,0,0,0,0,0,0,0,1,0,0,0,0,0
ec2fe4e5-6f16-467b-8fdc-8910eac6c0e4,1,0,0,0,0,1,0,0,0,0,1,1,1,1,0,0,1,118,0,1,99,1,605,1,0,1,0,0,0,1,0,0,0,0,2,2,1,0,0,1,1,0,0,0,2,0,0,0,0,0,0.0,1,1,0,0,0,1,1,1,1,0,0,0,0,0,0,1,1,0,0,0,0,0,0,0,0,1,0,0,0,0,0,0,0,0,0,1,197,1,0,0,0,0,0,0,0,0,0,1,1,1,0,1,0,0,0,0,0,1,0,1,0,0,0,0,1,0,0,1,0,0,0,0,0,0,0,0,0,0,0,0,0,1,0,0,0,0,0
ec7cd303-d6c7-4cec-8def-0f83c92e586e,1,1,0,0,0,0,0,0,0,0,1,1,1,1,0,1,0,0,0,1,19,1,372,1,0,1,0,0,0,1,0,0,0,0,7,3,1,0,0,1,1,0,0,0,2,1,1,1,0,0,0.0,1,1,1,1,0,1,1,1,1,0,0,0,0,0,0,1,1,0,1,0,1,0,0,0,0,1,0,0,0,0,0,0,0,0,0,1,66,1,0,0,1,0,0,0,0,0,0,1,1,1,0,1,0,1,0,1,0,0,0,0,0,0,0,0,1,0,0,1,0,0,0,0,0,0,0,0,0,0,0,0,0,1,0,0,0,0,0
ece46667-5163-4a75-98b1-60957787519b,1,1,0,0,0,0,0,0,0,0,1,1,1,1,0,0,0,0,0,1,7,1,15,1,0,1,0,0,0,1,0,0,0,0,2,2,1,0,0,1,1,0,0,0,2,0,0,0,0,0,0.0,1,1,0,0,0,1,1,1,1,0,0,0,0,0,0,1,1,0,0,0,0,0,0,0,0,1,0,0,0,0,0,0,0,0,0,1,204,1,0,0,0,0,1,1,0,0,0,1,1,1,0,1,0,0,0,0,0,0,0,0,0,0,0,0,1,0,0,1,0,0,0,0,0,0,0,0,0,0,0,0,0,1,0,0,0,0,0
ece5cb88-4b2a-4a04-a257-c591041165f2,1,1,0,0,0,0,0,0,0,0,1,1,1,1,0,0,0,0,0,1,14,1,589,1,0,1,0,0,0,1,0,0,0,0,32,3,1,0,0,1,1,0,0,0,3,0,0,0,0,0,0.0,1,1,0,0,0,1,1,1,1,0,0,0,0,0,0,6,3,0,0,0,0,0,0,0,0,1,0,0,0,0,0,0,0,0,0,1,1519,1,0,0,0,0,1,9,0,0,0,1,1,1,1,0,0,0,0,0,0,0,0,0,0,0,0,0,0,0,0,0,0,0,0,0,0,0,0,0,0,0,0,0,0,0,0,0,0,0,0
edc71b18-adeb-4fc2-b2ca-fe59f9f019e3,1,1,0,0,0,0,0,0,0,0,1,1,1,1,0,0,0,0,0,1,48,1,89,1,0,1,0,0,0,1,0,0,0,0,6,3,1,0,0,1,1,0,0,0,2,0,0,0,0,0,0.0,1,1,1,1,0,1,1,1,1,0,0,0,0,0,0,1,1,0,0,0,0,0,0,0,0,1,0,0,0,0,0,0,0,0,0,1,878,1,0,0,0,0,0,0,0,0,0,1,1,1,0,1,1,0,0,0,0,0,0,0,0,0,0,0,1,0,0,1,0,0,0,0,0,0,0,0,0,0,0,0,0,1,0,0,0,0,0
edda8e1e-f32d-45ba-8a37-3242f336a166,1,0,0,0,0,1,0,0,0,0,1,1,1,1,0,0,0,0,0,1,67,1,310,1,0,1,0,0,0,1,0,0,0,0,4,2,1,0,0,1,1,0,0,0,2,0,0,0,0,0,0.0,1,1,0,0,0,1,1,1,1,0,0,0,0,0,0,1,1,0,0,0,0,0,0,0,0,1,0,0,0,0,0,0,0,0,0,1,125,1,0,0,0,0,1,3,0,0,0,1,1,1,1,1,1,0,0,0,0,0,0,0,0,0,0,0,1,0,0,1,0,0,0,0,0,0,0,0,0,0,0,0,0,1,0,0,0,0,0
edf3af61-dde1-45ee-8966-c4fac532c87d,1,0,0,0,0,1,0,0,0,0,0,1,1,1,0,0,0,0,0,1,9,1,172,1,0,1,0,0,0,1,0,0,0,0,4,2,1,0,0,1,1,0,0,0,2,0,0,0,0,0,0.0,1,0,1,1,0,1,1,1,1,0,0,0,0,0,1,1,1,0,0,0,0,0,0,0,0,1,0,0,0,0,0,0,0,0,0,1,71,1,0,0,0,0,0,0,0,0,0,1,0,1,1,1,0,0,0,0,0,0,0,0,0,0,0,0,1,0,0,1,0,0,0,0,0,0,0,0,0,0,0,0,0,1,0,0,0,0,0
ee16ec00-4241-462c-a411-b71f46d4df40,1,0,0,0,0,1,0,0,0,0,1,1,1,1,0,0,0,0,0,1,75,1,353,1,0,1,0,0,0,1,0,0,0,0,2,2,1,0,0,1,1,0,0,0,2,0,0,0,0,0,0.0,1,1,0,0,0,1,1,1,1,0,0,0,0,0,1,1,1,0,0,0,0,0,0,0,0,1,0,0,0,0,0,0,0,0,0,1,257,1,0,0,0,0,1,2,0,0,0,1,1,1,0,1,1,0,0,0,0,0,0,0,0,0,0,0,0,0,0,0,0,0,0,0,0,0,0,0,0,0,0,0,0,0,0,0,0,0,0
eec50572-04de-45d7-b4c3-a06033d54f10,1,0,0,0,0,1,0,0,0,0,1,1,1,1,0,1,0,0,0,1,74,1,102,1,0,1,0,0,0,1,0,0,0,0,15,3,1,0,0,1,1,0,0,0,2,1,1,1,0,1,430000.0,1,0,1,1,0,1,1,1,1,0,0,0,0,0,0,1,1,0,1,0,1,0,0,0,0,1,0,0,0,0,0,0,0,0,0,1,2084,1,1,2410,1,0,1,1,1,0,0,1,1,1,0,0,0,1,1,0,0,0,0,0,0,0,1,0,1,0,0,1,0,0,0,0,0,0,0,0,0,0,0,0,0,1,0,0,0,0,0
ef0d1d38-89f9-4116-b514-7f71e9c6b8d0,1,0,0,0,0,1,0,0,0,0,1,1,1,1,0,0,0,0,0,1,40,1,999,1,0,1,0,0,0,1,0,0,0,0,3,2,1,0,0,1,1,0,0,0,2,0,0,0,0,0,0.0,0,0,0,0,0,0,0,0,0,0,0,0,0,0,0,2,2,0,0,0,0,0,0,0,0,1,0,0,0,0,0,0,0,0,0,1,1184,1,0,0,0,0,1,1,0,0,0,1,1,1,0,1,0,0,0,0,0,0,0,0,0,0,1,0,0,0,0,0,0,0,0,0,0,0,0,0,0,0,0,0,0,0,0,0,0,0,0
ef2a0ef3-e9ca-46b8-9332-ee849ebf20ed,1,0,0,0,0,1,0,0,0,0,1,1,1,1,0,1,0,0,0,1,4,1,4,1,0,1,0,0,0,1,0,0,0,0,3,2,1,0,0,1,1,0,0,0,2,1,1,1,0,1,100.0,1,0,0,0,0,1,1,1,1,0,0,0,0,0,0,1,1,0,1,0,1,0,0,0,0,1,0,0,0,0,0,0,0,0,0,1,30,1,1,19,1,0,1,2,0,0,0,1,1,1,0,1,0,1,1,0,0,0,0,0,0,0,1,0,1,0,0,1,0,0,0,0,0,0,0,0,0,0,0,0,0,1,0,0,0,0,0
ef2b6570-c0b7-4705-99c4-731643b3ca2c,1,1,0,0,0,0,0,0,0,0,1,1,1,1,0,0,0,0,0,1,142,1,998,1,0,1,0,0,0,1,0,0,0,0,9,3,1,0,0,1,1,0,0,0,3,0,0,0,0,0,0.0,1,1,0,0,0,1,1,1,1,0,0,0,0,0,1,3,2,0,0,0,0,0,0,0,0,1,0,0,0,0,0,0,0,0,0,1,455,1,0,0,0,0,0,0,0,0,0,1,1,1,0,1,1,0,0,0,0,0,0,0,0,0,0,0,1,0,0,1,0,0,0,0,0,0,0,0,0,0,0,0,0,1,0,0,0,0,0
ef644087-a522-4d67-9cd0-9ec5e5ccc96d,1,0,0,0,0,1,0,0,0,0,1,1,1,1,0,0,0,0,0,1,49,1,2085,1,0,1,0,0,0,1,0,0,0,0,4,2,0,0,0,1,0,0,0,0,2,1,14,1,0,0,0.0,1,0,1,1,0,1,1,1,1,0,0,0,0,0,0,14,3,0,1,0,1,0,0,0,0,1,0,0,0,0,0,0,0,0,0,1,9599,1,0,0,0,0,1,13,0,0,0,1,1,1,1,1,0,1,1,0,0,0,0,0,0,0,0,0,1,0,0,1,0,0,0,0,0,0,0,0,0,0,0,0,0,1,0,0,0,0,0
f0239054-fccf-4d4e-952c-833460d482ee,1,1,0,0,0,0,0,0,0,0,1,1,1,1,0,0,0,0,0,1,77,1,450,1,0,1,0,0,0,1,0,0,0,0,4,2,1,0,0,1,1,0,0,0,2,0,0,0,0,0,0.0,1,1,0,0,0,1,1,1,1,0,0,0,0,0,1,1,1,0,0,0,0,0,0,0,0,1,0,0,0,0,0,0,0,0,0,1,147,1,0,0,0,0,0,0,0,0,0,1,1,1,0,1,0,0,0,0,0,0,0,0,0,0,0,0,1,0,0,1,0,0,0,0,0,0,0,0,0,0,0,0,0,1,0,0,0,0,0
f0c9a845-53c0-452c-b9a7-54ba70ec88ed,1,1,0,0,0,0,0,0,0,0,1,1,1,1,0,0,0,0,0,1,104,1,1135,1,0,1,0,0,0,1,0,0,0,0,4,2,1,0,0,1,1,0,0,0,2,0,0,0,0,0,0.0,1,1,0,0,0,1,1,1,1,0,0,0,0,0,1,1,1,0,0,0,0,0,0,0,0,1,0,0,0,0,0,0,0,0,0,1,1420,1,0,0,0,0,1,1,0,0,0,1,1,1,0,1,1,0,0,0,0,0,0,0,0,0,0,0,0,0,0,0,0,0,0,0,0,0,0,0,0,0,0,0,0,0,0,0,0,0,0
f15674a9-4d31-4ca5-84e5-d76a765bb6e1,1,1,0,0,0,0,0,0,0,0,1,1,1,1,0,0,1,1097,0,1,130,1,1667,1,0,1,0,0,0,1,0,0,0,0,4,2,1,0,0,1,1,0,0,0,2,0,0,0,0,0,0.0,1,1,0,0,0,1,1,1,1,0,0,0,0,0,0,2,2,0,0,0,0,0,0,0,0,1,0,0,0,0,0,0,0,0,0,1,453,1,0,0,0,0,0,0,0,0,0,1,1,1,0,1,1,0,0,0,0,0,0,0,0,0,1,0,1,0,0,1,0,0,0,0,0,0,0,0,0,0,0,0,0,1,0,0,0,0,0
f19daa19-14db-4477-a913-994e304e28bb,1,0,0,0,0,1,0,0,0,0,1,1,1,1,0,0,0,0,0,1,34,1,21,1,0,1,0,0,0,1,0,0,0,0,2,2,1,0,0,1,1,0,0,0,2,0,0,0,0,0,0.0,0,0,0,0,0,0,0,0,0,0,0,0,0,0,0,2,2,0,0,0,0,0,0,0,0,1,0,0,0,0,0,0,0,0,0,0,0,1,0,0,0,0,0,0,0,0,0,1,1,1,0,0,0,0,0,0,0,0,0,0,0,0,0,0,0,0,0,0,0,0,0,0,0,0,0,0,0,0,0,0,0,0,0,0,0,0,0
f1ae2a3f-38eb-41dd-b333-3532d709bed6,1,1,0,0,0,0,0,0,0,0,1,1,1,1,0,0,0,0,0,1,99,1,710,1,0,1,0,0,0,1,0,0,0,0,2,2,1,0,0,1,1,0,0,0,2,0,0,0,0,0,0.0,1,1,0,0,0,1,1,1,1,0,0,0,0,0,0,1,1,0,0,0,0,0,0,0,0,1,0,0,0,0,0,0,0,0,0,1,242,1,0,0,0,0,1,7,0,0,0,1,1,1,0,0,0,0,0,0,0,0,0,0,0,0,0,0,0,0,0,0,0,0,0,0,0,0,0,0,0,0,0,0,0,0,0,0,0,0,0
f24e36a9-8cec-44d2-af26-d06244600823,1,1,0,0,0,0,0,0,0,0,1,1,1,1,0,0,0,0,0,1,48,1,89,1,0,1,0,0,0,1,0,0,0,0,10,3,1,0,0,1,1,0,0,0,2,0,0,0,0,0,0.0,1,1,1,1,0,1,1,1,1,0,0,0,0,0,0,2,2,0,0,0,0,0,0,0,0,1,0,0,0,0,0,0,0,0,0,1,847,1,0,0,0,0,0,0,0,0,0,1,1,1,1,1,1,0,0,0,0,0,0,0,0,0,0,0,1,0,0,1,0,0,0,0,0,0,0,0,0,0,0,0,0,1,0,0,0,0,0
f277f99f-f8b7-4cea-baf5-b10498813983,1,1,0,0,0,0,0,0,0,0,1,1,1,1,0,0,0,0,0,1,140,1,1764,1,0,1,0,0,0,1,0,0,0,0,3,2,1,0,0,1,1,0,0,0,2,0,0,0,0,0,0.0,1,1,0,0,0,1,1,1,1,0,0,0,0,0,0,1,1,0,0,0,0,0,0,0,0,1,0,0,0,0,0,0,0,0,0,1,169,1,0,0,0,0,0,0,0,0,0,1,1,1,0,1,1,0,0,0,0,0,0,0,0,0,1,0,1,0,0,1,0,0,0,0,0,0,0,0,0,0,0,0,0,1,0,0,0,0,0
f33f1271-06cc-411d-a1ea-baaa78e10645,1,1,0,0,0,0,0,0,0,0,1,1,1,1,0,0,0,0,0,1,5,1,4083,1,0,1,0,0,0,1,0,0,0,0,3,2,1,0,0,1,1,0,0,0,2,0,0,0,0,0,0.0,0,0,0,0,0,0,0,0,0,0,0,0,0,0,0,2,2,0,0,0,0,0,0,0,0,1,0,0,0,0,0,0,0,0,0,1,597,1,0,0,0,0,1,1,0,0,0,1,1,1,0,1,0,0,0,0,0,0,0,0,0,0,1,0,0,0,0,0,0,0,0,0,0,0,0,0,0,0,0,0,0,0,0,0,0,0,0
f4c0e067-ddb8-4876-962a-7fdcf046f10b,1,1,0,0,0,0,0,0,0,0,1,1,1,1,0,0,0,0,0,1,126,1,1110,1,0,1,0,0,0,1,0,0,0,0,2,2,1,0,0,1,1,0,0,0,2,0,0,0,0,0,0.0,1,1,0,0,0,1,1,1,1,0,0,0,0,0,1,5,2,0,0,0,0,0,0,0,0,1,0,0,0,0,0,0,0,0,0,1,491,1,0,0,0,0,0,0,0,0,0,1,1,1,0,1,1,0,0,0,0,0,0,0,0,0,0,0,1,0,0,1,0,0,0,0,0,0,0,0,0,0,0,0,0,1,0,0,0,0,0
f51fc150-cf52-46f1-a668-f22b504da0df,1,0,0,0,0,1,0,0,0,0,1,1,1,1,0,0,0,0,0,1,24,1,887,1,0,1,0,0,0,1,0,0,0,0,3,2,1,0,0,1,1,0,0,0,2,1,1,0,0,1,0.0,0,0,0,0,0,0,0,0,0,0,0,0,0,0,0,2,2,0,0,0,0,0,0,0,0,1,0,0,0,0,0,0,0,0,0,0,0,1,0,0,1,0,1,1,1,0,0,1,1,1,0,1,0,0,0,0,0,0,0,0,0,0,1,0,0,0,0,0,0,0,0,0,0,0,0,0,0,0,0,0,0,0,0,0,0,0,0
f54aa54c-369e-4759-b713-66455468b0a4,1,0,0,0,0,1,0,0,0,0,1,1,1,1,0,0,0,0,0,1,147,1,2060,1,0,1,0,0,0,1,0,0,0,0,4,2,1,0,0,1,1,0,0,0,2,0,0,0,0,0,0.0,1,1,0,0,0,1,1,1,1,0,0,0,0,0,0,2,2,0,0,0,0,0,0,0,0,1,0,0,0,0,0,0,0,0,0,1,208,1,0,0,0,0,0,0,0,0,0,1,1,1,0,1,1,0,0,0,0,0,0,0,0,0,0,0,1,0,0,1,0,0,0,0,0,0,0,0,0,0,0,0,0,1,0,0,0,0,0
f55749b7-6839-4add-ac55-b0c6bad9944e,1,0,0,0,0,1,0,0,0,0,1,1,1,1,0,0,0,0,0,1,48,1,619,1,0,1,0,0,0,1,0,0,0,0,2,2,1,0,0,1,1,0,0,0,2,0,0,0,0,0,0.0,1,1,1,1,0,1,1,1,1,0,0,0,0,0,0,1,1,0,0,0,0,0,0,0,0,1,0,0,0,0,0,0,0,0,0,1,619,1,0,0,0,0,0,0,0,0,0,1,1,1,0,1,1,0,0,0,0,0,0,0,0,0,1,0,0,0,0,0,0,0,0,0,0,0,0,0,0,0,0,0,0,0,0,0,0,0,0
f57d2deb-f575-4a6c-890c-153b5b96973c,1,0,0,0,0,1,0,0,0,0,1,1,1,1,0,0,0,0,0,1,97,1,3793,1,0,1,0,0,0,1,0,0,0,0,4,2,1,0,0,1,1,0,0,0,2,0,0,0,0,0,0.0,1,1,1,1,0,1,1,1,1,0,0,0,0,0,0,1,1,0,0,0,0,0,0,0,0,1,0,0,0,0,0,0,0,0,0,1,68,1,0,0,0,0,1,4,0,0,0,1,1,1,0,0,0,0,0,0,0,0,0,0,0,0,0,0,0,0,0,0,0,0,0,0,0,0,0,0,0,0,0,0,0,0,0,0,0,0,0
f61bded5-d18a-44ea-95da-40332f049d3e,1,1,0,0,0,0,0,0,0,0,1,1,1,1,0,0,0,0,0,1,85,1,599,1,0,1,0,0,0,1,0,0,0,0,5,2,1,0,0,1,1,0,0,0,2,0,0,0,0,0,0.0,1,1,0,0,0,1,1,1,1,0,0,0,0,0,1,1,1,0,0,0,0,0,0,0,0,1,0,0,0,0,0,0,0,0,0,1,599,1,0,0,0,0,1,1,0,0,0,1,1,1,0,1,0,0,0,0,0,0,0,0,0,0,0,0,1,0,0,1,0,0,0,0,0,0,0,0,0,0,0,0,0,1,0,0,0,0,0
f65d283b-d6d6-4076-aafe-c1c3c20048b9,1,1,0,0,0,0,0,0,0,0,1,1,1,1,0,0,0,0,0,1,17,1,895,1,0,1,0,0,0,1,0,0,0,0,2,2,1,0,0,1,1,0,0,0,2,0,0,0,0,0,0.0,1,1,0,0,0,1,1,1,1,0,0,0,0,0,1,1,1,0,0,0,0,0,0,0,0,1,0,0,0,0,0,0,0,0,0,1,895,1,0,0,0,0,1,1,0,0,0,1,1,1,0,1,0,0,0,0,0,0,0,0,0,0,0,0,1,0,0,1,0,0,0,0,0,0,0,0,0,0,0,0,0,1,0,0,0,0,0
f6e7d10a-3b87-4cd6-82c6-69400ba14f5f,1,0,0,0,0,1,0,0,0,0,1,1,1,1,1,1,0,0,0,1,20,1,826,1,0,1,0,0,0,1,0,0,0,0,8,3,0,0,0,1,0,0,0,0,1,1,6,1,0,0,0.0,1,0,1,1,0,1,1,1,1,0,0,0,0,0,0,7,3,1,1,1,1,0,0,0,0,1,0,0,0,0,0,0,0,0,0,1,3442,1,1,13,1,0,1,1,1,0,0,1,1,1,1,0,0,1,1,1,0,0,0,0,0,0,1,0,1,0,0,1,0,0,0,0,0,0,0,0,0,0,0,0,0,1,0,0,0,0,0
f77415f4-cfc7-4a63-862b-0a63c28c665c,1,0,0,0,0,1,0,0,0,0,1,1,1,1,0,0,0,0,0,1,110,1,699,1,0,1,0,0,0,1,0,0,0,0,2,2,1,0,0,1,1,0,0,0,2,0,0,0,0,0,0.0,1,1,0,0,0,1,1,1,1,0,0,0,0,0,0,1,1,0,0,0,0,0,0,0,0,1,0,0,0,0,0,0,0,0,0,1,147,1,0,0,0,0,0,0,0,0,0,1,1,1,0,1,0,0,0,0,0,0,0,0,0,0,0,0,1,0,0,1,0,0,0,0,0,0,0,0,0,0,0,0,0,1,0,0,0,0,0
f7a1097f-fde5-4ce2-b7db-b453a58f2956,1,1,0,0,0,0,0,0,0,0,1,1,1,1,0,0,1,67,0,1,142,1,1481,1,0,1,0,0,0,1,0,0,0,0,4,2,1,0,0,1,1,0,0,0,2,0,0,0,0,0,0.0,1,1,0,0,0,1,1,1,1,0,0,0,0,0,0,1,1,0,0,0,0,0,0,0,1,0,0,0,0,0,0,0,0,0,0,0,0,1,0,0,0,0,0,0,0,0,0,1,1,1,0,1,1,0,0,0,0,0,0,0,0,0,0,0,1,0,0,1,0,0,0,0,0,0,0,0,0,0,0,0,0,1,0,0,0,0,0
f82dfa45-b10d-4ac3-a790-4d5aa1530f08,1,1,0,0,0,0,0,0,0,0,1,1,1,1,0,0,0,0,0,1,14,1,598,1,0,1,0,0,0,1,0,0,0,0,4,2,1,0,0,1,1,0,0,0,2,0,0,0,0,0,0.0,1,1,0,0,0,1,1,1,1,0,0,0,0,0,0,3,2,0,0,0,0,0,0,0,0,1,0,0,0,0,0,0,0,0,0,1,441,1,0,0,0,0,1,17,0,0,0,1,1,1,1,0,0,0,0,0,0,0,0,0,0,0,0,0,0,0,0,0,0,0,0,0,0,0,0,0,0,0,0,0,0,0,0,0,0,0,0
fa5123c3-2ba9-4e8e-b389-e8626ab28952,1,0,0,0,0,1,0,0,0,0,1,1,1,1,0,0,0,0,0,1,43,1,1299,1,0,1,0,0,0,1,0,0,0,0,7,3,1,0,0,1,1,0,0,0,2,0,0,0,0,0,0.0,1,0,1,1,0,1,1,1,1,0,0,0,0,0,0,3,2,0,0,0,0,0,0,0,0,1,0,0,0,0,0,0,0,0,0,1,1899,1,0,0,0,0,0,0,0,0,0,1,1,1,0,0,0,0,0,0,0,0,0,0,0,0,0,0,0,0,0,0,0,0,0,0,0,0,0,0,0,0,0,0,0,0,0,0,0,0,0
fa8771b4-e07c-4a91-8527-57d216dda975,1,0,0,0,0,1,0,0,0,0,1,1,1,1,0,0,0,0,0,1,86,1,316,1,0,1,0,0,0,1,0,0,0,0,2,2,1,0,0,1,1,0,0,0,2,0,0,0,0,0,0.0,1,1,0,0,0,1,1,1,1,0,0,0,0,0,0,1,1,0,0,0,0,0,0,0,0,1,0,0,0,0,0,0,0,0,0,0,0,1,0,0,0,0,0,0,0,0,0,1,1,1,0,0,0,0,0,0,0,0,0,0,0,0,0,0,0,0,0,0,0,0,0,0,0,0,0,0,0,0,0,0,0,0,0,0,0,0,0
fabfb2c1-8513-4a07-9772-9306a66b9588,1,1,0,0,0,0,0,0,0,0,1,1,1,1,0,1,0,0,0,1,76,1,719,1,0,1,0,0,0,1,0,0,0,0,3,2,1,0,0,1,1,0,0,0,2,1,1,1,0,1,1000.0,1,0,1,1,0,1,1,1,1,0,0,0,0,0,0,1,1,0,1,0,1,0,0,0,0,1,0,0,0,0,0,0,0,0,0,1,1114,1,1,637,1,0,1,3,1,0,0,1,1,1,1,1,0,1,1,0,0,0,0,0,0,0,1,0,1,0,0,1,0,0,0,0,0,0,0,0,0,0,0,0,0,1,0,0,0,0,0
fae9283f-c06e-4e86-bc72-946602b1f750,1,0,0,0,0,1,0,0,0,0,1,1,1,1,0,0,1,2,0,1,23,1,80,1,0,1,0,0,0,1,0,0,0,0,24,3,1,0,0,1,1,0,0,0,2,1,1,0,0,1,0.0,1,1,0,0,0,1,1,1,1,0,0,0,0,0,1,1,1,0,0,0,0,0,0,0,0,1,0,0,0,0,0,0,0,0,0,1,801,1,1,68,1,0,0,0,1,1,0,1,1,1,1,1,0,0,0,0,0,0,0,0,0,0,1,0,1,0,0,0,0,0,1,0,0,0,0,0,0,0,0,0,0,0,0,0,0,0,0
fb50dde6-6937-4e52-919c-0ff58791ecf2,1,0,0,0,0,1,0,0,0,0,0,1,1,1,0,0,0,0,0,1,111,1,2188,1,0,1,0,0,0,1,0,0,0,0,16,3,1,0,0,1,1,0,0,0,2,0,0,0,0,0,0.0,1,1,1,1,0,1,1,1,1,0,0,0,0,0,0,1,1,0,0,0,0,0,0,0,0,1,0,0,0,0,0,0,0,0,0,1,119,1,0,0,0,0,0,0,0,0,0,1,0,1,0,1,0,0,0,0,0,1,0,1,0,0,0,0,1,0,0,1,0,0,0,0,0,0,0,0,0,0,0,0,0,1,1,0,0,0,0
fca3d329-2e2d-4133-ab20-81c3af0efe38,1,0,0,0,0,1,0,0,0,0,0,1,1,1,0,0,0,0,0,1,15,1,52,1,0,1,0,0,0,1,0,0,0,0,3,2,1,1,0,1,1,0,0,0,3,1,1,0,0,1,0.0,1,1,0,0,0,1,1,1,1,0,0,0,0,0,1,1,1,0,0,0,0,0,0,0,0,1,0,0,0,0,0,0,0,0,0,1,19,1,1,6,1,0,1,3,0,0,0,1,1,1,0,1,0,0,0,0,0,0,0,0,0,0,0,0,1,0,0,0,0,0,0,0,0,0,0,0,0,0,0,0,0,0,0,0,0,0,0
fcb4c480-80b6-4f9c-b023-1cb185128661,1,1,0,0,0,0,0,0,0,0,1,1,1,1,0,0,0,0,0,1,37,1,2869,1,0,1,0,0,0,1,0,0,0,0,2,2,1,0,0,1,1,0,0,0,2,0,0,0,0,0,0.0,1,1,0,0,0,1,1,1,1,0,0,0,0,0,0,1,1,0,0,0,0,0,0,0,0,1,0,0,0,0,0,0,0,0,0,1,42,1,0,0,0,0,0,0,0,0,0,1,1,1,0,1,1,0,0,0,0,0,0,0,0,0,0,0,0,0,0,0,0,0,0,0,0,0,0,0,0,0,0,0,0,0,0,0,0,0,0
fd1d8207-c1b3-476e-a374-4dfa037f3d51,1,1,0,0,0,0,0,0,0,0,1,1,1,1,0,1,0,0,0,1,18,1,398,1,0,1,0,0,0,1,0,0,0,0,8,3,1,0,0,1,1,0,0,0,4,1,1,1,0,1,0.0,1,1,1,1,0,1,1,1,1,0,0,0,0,0,0,1,1,0,1,0,1,0,0,0,0,1,0,0,0,0,0,0,0,0,0,1,776,1,1,33,1,0,1,2,0,0,0,1,1,1,1,1,0,1,1,0,0,0,0,0,0,0,1,0,1,0,0,1,0,0,0,0,0,0,0,0,0,0,0,0,0,1,0,0,0,0,0
fe595dbf-b3f8-44b6-a10e-8d949cec51c6,1,1,0,0,0,0,0,0,0,0,1,1,1,1,0,0,0,0,0,1,30,1,4,1,0,1,0,0,0,1,0,0,0,0,2,2,1,0,0,1,1,0,0,0,2,0,0,0,0,0,0.0,0,0,0,0,0,0,0,0,0,0,0,0,0,0,0,2,2,0,0,0,0,0,0,0,0,1,0,0,0,0,0,0,0,0,0,0,0,1,0,0,0,0,0,0,0,0,0,1,1,1,0,0,0,0,0,0,0,0,0,0,0,0,0,0,0,0,0,0,0,0,0,0,0,0,0,0,0,0,0,0,0,0,0,0,0,0,0
fe95e051-dc32-4716-850c-9e68aad7a155,1,0,0,0,0,1,0,0,0,0,1,1,1,1,1,1,0,0,0,1,28,1,981,1,0,1,0,0,0,1,0,0,0,0,5,2,1,0,0,1,1,0,0,0,3,0,0,0,0,0,0.0,1,1,0,0,0,1,1,1,1,0,0,0,0,0,1,6,3,1,1,1,1,0,0,0,0,1,0,0,0,0,0,0,0,0,0,1,318,1,1,102,1,0,0,0,1,0,0,1,1,1,0,1,0,1,1,0,1,0,0,0,0,0,1,0,1,0,0,1,0,0,0,0,0,0,0,0,0,0,0,0,0,0,1,0,0,0,0
feb4d8da-4925-4e46-80b1-222e1616cfb8,1,1,0,0,0,0,0,0,0,0,1,1,1,1,0,1,0,0,0,1,48,1,2449,1,0,1,0,0,0,1,0,0,0,0,15,3,1,0,0,1,1,0,0,0,3,1,3,1,0,1,24000.0,1,1,1,1,0,1,1,1,1,0,0,0,0,0,1,3,2,0,1,0,1,0,0,0,0,1,0,0,0,0,0,0,0,0,0,1,818,1,0,0,1,0,0,0,0,0,0,1,1,1,0,0,0,1,1,0,0,0,0,0,0,0,1,0,1,0,0,1,0,0,0,0,0,0,0,0,0,0,0,0,0,0,1,0,0,0,0
fec30b1a-b253-4a43-b9b0-0329975cd131,1,0,0,0,0,1,0,0,0,0,1,1,1,1,0,0,0,0,0,1,41,1,1117,1,0,1,0,0,0,1,0,0,0,0,4,2,1,0,0,1,1,0,0,0,2,0,0,0,0,0,0.0,1,1,0,0,0,1,1,1,1,0,0,0,0,0,0,1,1,0,0,0,0,0,0,0,0,1,0,0,0,0,0,0,0,0,0,1,473,1,0,0,0,0,0,0,0,0,0,1,1,1,0,1,1,0,0,0,0,0,0,0,0,0,1,0,0,0,0,0,0,0,0,0,0,0,0,0,0,0,0,0,0,0,0,0,0,0,0
ff184df6-7aea-4a88-ad42-39a68f96d629,1,1,0,0,0,0,0,0,0,0,1,1,1,1,0,0,0,0,0,1,58,1,284,1,0,1,0,0,0,1,0,0,0,0,22,3,1,0,0,1,1,0,0,0,2,0,0,0,0,0,0.0,1,1,1,1,0,1,1,1,1,0,0,0,0,0,0,1,1,0,0,0,0,0,0,0,0,1,0,0,0,0,0,0,0,0,0,0,0,1,0,0,0,0,1,3,0,0,0,1,1,1,1,0,0,0,0,0,0,0,0,0,0,0,0,0,0,0,0,0,0,0,0,0,0,0,0,0,0,0,0,0,0,0,0,0,0,0,0
